hogar,region,radio,ingreso,personas,agua,tamano
1,Centro,1,983657.35,1,Sí,1 a 2
2,Centro,1,500263.30,3,Sí,3 a 4
3,Centro,1,446930.94,3,Sí,3 a 4
4,Centro,1,469780.05,5,Sí,5 o más
5,Centro,1,399066.05,4,Sí,3 a 4
6,Centro,1,1701090.23,1,Sí,1 a 2
7,Centro,1,1264839.21,4,Sí,3 a 4
8,Centro,1,624912.98,3,Sí,3 a 4
9,Centro,1,312482.07,1,Sí,1 a 2
10,Centro,1,1013719.04,1,Sí,1 a 2
11,Centro,1,737289.72,5,Sí,5 o más
12,Centro,1,983549.22,5,Sí,5 o más
13,Centro,1,584236.77,3,Sí,3 a 4
14,Centro,1,375004.30,7,Sí,5 o más
15,Centro,1,660344.76,1,Sí,1 a 2
16,Centro,1,798961.36,1,No,1 a 2
17,Centro,1,705587.74,2,Sí,1 a 2
18,Centro,1,477814.53,4,Sí,3 a 4
19,Centro,1,1168714.75,2,Sí,1 a 2
20,Centro,1,649660.72,3,No,3 a 4
21,Centro,2,628896.05,1,Sí,1 a 2
22,Centro,2,354427.27,4,Sí,3 a 4
23,Centro,2,788241.62,5,No,5 o más
24,Centro,2,406802.47,3,Sí,3 a 4
25,Centro,2,490854.16,4,Sí,3 a 4
26,Centro,2,388394.71,4,Sí,3 a 4
27,Centro,2,714295.89,6,Sí,5 o más
28,Centro,2,437541.54,2,Sí,1 a 2
29,Centro,2,219319.22,6,Sí,5 o más
30,Centro,2,242250.97,1,Sí,1 a 2
31,Centro,2,612634.30,4,Sí,3 a 4
32,Centro,2,341900.03,3,Sí,3 a 4
33,Centro,2,308024.27,1,Sí,1 a 2
34,Centro,2,1066537.40,6,No,5 o más
35,Centro,2,216614.58,5,Sí,5 o más
36,Centro,2,691816.51,3,No,3 a 4
37,Centro,2,252522.87,4,Sí,3 a 4
38,Centro,2,363869.78,3,Sí,3 a 4
39,Centro,2,350101.35,3,Sí,3 a 4
40,Centro,2,584218.62,3,Sí,3 a 4
41,Centro,3,753203.97,1,Sí,1 a 2
42,Centro,3,427686.49,3,Sí,3 a 4
43,Centro,3,336827.20,3,Sí,3 a 4
44,Centro,3,155782.55,6,No,5 o más
45,Centro,3,350390.76,5,Sí,5 o más
46,Centro,3,931131.77,4,Sí,3 a 4
47,Centro,3,844039.27,1,Sí,1 a 2
48,Centro,3,307920.77,1,Sí,1 a 2
49,Centro,3,295408.28,2,Sí,1 a 2
50,Centro,3,422178.85,3,Sí,3 a 4
51,Centro,3,900129.99,5,Sí,5 o más
52,Centro,3,794598.64,5,Sí,5 o más
53,Centro,3,815300.82,2,Sí,1 a 2
54,Centro,3,707844.86,4,Sí,3 a 4
55,Centro,3,400835.24,4,Sí,3 a 4
56,Centro,3,334588.32,5,Sí,5 o más
57,Centro,3,276826.10,4,Sí,3 a 4
58,Centro,3,386150.28,4,Sí,3 a 4
59,Centro,3,232035.56,5,Sí,5 o más
60,Centro,3,517176.68,4,Sí,3 a 4
61,Centro,4,453080.78,4,Sí,3 a 4
62,Centro,4,1124685.44,1,Sí,1 a 2
63,Centro,4,696499.63,1,Sí,1 a 2
64,Centro,4,3180375.16,2,Sí,1 a 2
65,Centro,4,1501833.26,4,Sí,3 a 4
66,Centro,4,1049762.12,2,Sí,1 a 2
67,Centro,4,804410.12,2,Sí,1 a 2
68,Centro,4,926257.14,1,Sí,1 a 2
69,Centro,4,2015433.39,1,Sí,1 a 2
70,Centro,4,3290577.35,3,Sí,3 a 4
71,Centro,4,1165945.43,3,Sí,3 a 4
72,Centro,4,730942.64,4,Sí,3 a 4
73,Centro,4,789176.21,2,Sí,1 a 2
74,Centro,4,510045.12,1,Sí,1 a 2
75,Centro,4,1328753.80,3,Sí,3 a 4
76,Centro,4,1447007.35,2,Sí,1 a 2
77,Centro,4,1420618.51,1,Sí,1 a 2
78,Centro,4,973993.04,2,Sí,1 a 2
79,Centro,4,1370646.86,4,Sí,3 a 4
80,Centro,4,1322210.68,4,Sí,3 a 4
81,Centro,5,1079030.59,2,Sí,1 a 2
82,Centro,5,1674153.37,1,Sí,1 a 2
83,Centro,5,635218.90,4,Sí,3 a 4
84,Centro,5,1028307.92,3,Sí,3 a 4
85,Centro,5,2565526.27,6,Sí,5 o más
86,Centro,5,1492460.33,1,Sí,1 a 2
87,Centro,5,1777922.03,3,Sí,3 a 4
88,Centro,5,740532.62,1,Sí,1 a 2
89,Centro,5,517687.40,3,Sí,3 a 4
90,Centro,5,1322828.68,6,Sí,5 o más
91,Centro,5,972010.21,4,Sí,3 a 4
92,Centro,5,453498.15,4,Sí,3 a 4
93,Centro,5,973178.66,3,Sí,3 a 4
94,Centro,5,2423337.68,3,Sí,3 a 4
95,Centro,5,558390.43,1,Sí,1 a 2
96,Centro,5,247008.17,3,Sí,3 a 4
97,Centro,5,524402.91,5,Sí,5 o más
98,Centro,5,848514.72,3,Sí,3 a 4
99,Centro,5,912276.02,4,Sí,3 a 4
100,Centro,5,1176834.48,5,Sí,5 o más
101,Centro,6,539790.18,3,Sí,3 a 4
102,Centro,6,737264.14,3,Sí,3 a 4
103,Centro,6,164557.49,2,Sí,1 a 2
104,Centro,6,382270.29,2,Sí,1 a 2
105,Centro,6,940876.41,2,Sí,1 a 2
106,Centro,6,400408.92,3,Sí,3 a 4
107,Centro,6,1021012.01,5,Sí,5 o más
108,Centro,6,310368.79,5,Sí,5 o más
109,Centro,6,361595.32,3,Sí,3 a 4
110,Centro,6,473936.18,3,Sí,3 a 4
111,Centro,6,430074.66,1,Sí,1 a 2
112,Centro,6,574925.24,4,Sí,3 a 4
113,Centro,6,1021629.50,3,Sí,3 a 4
114,Centro,6,477549.04,6,No,5 o más
115,Centro,6,712163.61,2,Sí,1 a 2
116,Centro,6,1177986.18,3,Sí,3 a 4
117,Centro,6,763929.99,4,Sí,3 a 4
118,Centro,6,258900.72,1,Sí,1 a 2
119,Centro,6,288898.57,3,No,3 a 4
120,Centro,6,421974.14,3,Sí,3 a 4
121,Centro,7,596290.94,1,Sí,1 a 2
122,Centro,7,739757.26,2,Sí,1 a 2
123,Centro,7,726558.49,5,Sí,5 o más
124,Centro,7,720858.51,1,Sí,1 a 2
125,Centro,7,299319.69,1,Sí,1 a 2
126,Centro,7,416978.81,4,Sí,3 a 4
127,Centro,7,174431.11,7,Sí,5 o más
128,Centro,7,360310.09,1,Sí,1 a 2
129,Centro,7,480525.75,5,No,5 o más
130,Centro,7,410654.61,4,Sí,3 a 4
131,Centro,7,848992.99,3,Sí,3 a 4
132,Centro,7,215307.16,4,Sí,3 a 4
133,Centro,7,235227.30,4,Sí,3 a 4
134,Centro,7,345671.23,2,No,1 a 2
135,Centro,7,632214.10,5,Sí,5 o más
136,Centro,7,320681.01,2,Sí,1 a 2
137,Centro,7,1077890.50,1,No,1 a 2
138,Centro,7,363926.34,5,Sí,5 o más
139,Centro,7,1397769.58,3,Sí,3 a 4
140,Centro,7,222382.47,2,Sí,1 a 2
141,Centro,8,196230.45,4,Sí,3 a 4
142,Centro,8,261523.13,3,No,3 a 4
143,Centro,8,352661.97,3,Sí,3 a 4
144,Centro,8,363868.56,5,Sí,5 o más
145,Centro,8,400668.87,3,Sí,3 a 4
146,Centro,8,579242.20,4,Sí,3 a 4
147,Centro,8,779038.12,1,Sí,1 a 2
148,Centro,8,168469.96,4,Sí,3 a 4
149,Centro,8,797381.60,4,No,3 a 4
150,Centro,8,369123.96,4,No,3 a 4
151,Centro,8,448245.35,5,Sí,5 o más
152,Centro,8,365704.27,1,Sí,1 a 2
153,Centro,8,114254.47,4,Sí,3 a 4
154,Centro,8,265226.53,3,Sí,3 a 4
155,Centro,8,210150.40,3,Sí,3 a 4
156,Centro,8,277980.00,5,Sí,5 o más
157,Centro,8,316957.83,4,Sí,3 a 4
158,Centro,8,216869.82,2,Sí,1 a 2
159,Centro,8,212018.12,5,Sí,5 o más
160,Centro,8,476668.58,1,Sí,1 a 2
161,Centro,9,814918.71,4,Sí,3 a 4
162,Centro,9,1557327.51,3,Sí,3 a 4
163,Centro,9,911035.41,6,Sí,5 o más
164,Centro,9,430942.65,1,Sí,1 a 2
165,Centro,9,1662560.56,5,Sí,5 o más
166,Centro,9,1494804.82,1,Sí,1 a 2
167,Centro,9,886164.59,1,Sí,1 a 2
168,Centro,9,339151.38,6,Sí,5 o más
169,Centro,9,493559.18,5,Sí,5 o más
170,Centro,9,762547.58,4,Sí,3 a 4
171,Centro,9,561026.53,1,Sí,1 a 2
172,Centro,9,397704.83,5,Sí,5 o más
173,Centro,9,920587.77,4,Sí,3 a 4
174,Centro,9,379619.32,2,Sí,1 a 2
175,Centro,9,895924.23,5,Sí,5 o más
176,Centro,9,681555.46,2,Sí,1 a 2
177,Centro,9,1063693.82,1,Sí,1 a 2
178,Centro,9,777784.75,6,Sí,5 o más
179,Centro,9,434576.32,5,Sí,5 o más
180,Centro,9,688556.37,4,Sí,3 a 4
181,Centro,10,1415057.13,2,Sí,1 a 2
182,Centro,10,1247429.04,4,Sí,3 a 4
183,Centro,10,1258686.70,3,Sí,3 a 4
184,Centro,10,193595.43,1,Sí,1 a 2
185,Centro,10,1970431.06,3,Sí,3 a 4
186,Centro,10,757258.02,2,Sí,1 a 2
187,Centro,10,424105.34,1,Sí,1 a 2
188,Centro,10,777133.47,5,Sí,5 o más
189,Centro,10,517989.52,4,Sí,3 a 4
190,Centro,10,505289.83,2,Sí,1 a 2
191,Centro,10,807316.86,3,Sí,3 a 4
192,Centro,10,663683.35,1,Sí,1 a 2
193,Centro,10,1238199.09,4,Sí,3 a 4
194,Centro,10,1688938.27,3,Sí,3 a 4
195,Centro,10,2842598.36,4,Sí,3 a 4
196,Centro,10,407741.66,3,Sí,3 a 4
197,Centro,10,1011252.32,1,Sí,1 a 2
198,Centro,10,566873.11,2,Sí,1 a 2
199,Centro,10,1229454.05,1,Sí,1 a 2
200,Centro,10,559764.94,1,Sí,1 a 2
201,Centro,11,485577.72,1,Sí,1 a 2
202,Centro,11,464167.36,3,Sí,3 a 4
203,Centro,11,547779.33,5,Sí,5 o más
204,Centro,11,927863.76,2,Sí,1 a 2
205,Centro,11,362918.73,1,Sí,1 a 2
206,Centro,11,1150436.74,4,Sí,3 a 4
207,Centro,11,326867.50,7,No,5 o más
208,Centro,11,480579.68,1,Sí,1 a 2
209,Centro,11,361538.19,5,Sí,5 o más
210,Centro,11,1127117.10,3,Sí,3 a 4
211,Centro,11,307583.21,3,No,3 a 4
212,Centro,11,1204244.40,2,Sí,1 a 2
213,Centro,11,698565.21,3,Sí,3 a 4
214,Centro,11,848290.17,2,Sí,1 a 2
215,Centro,11,516406.62,1,Sí,1 a 2
216,Centro,11,247202.13,3,Sí,3 a 4
217,Centro,11,663225.77,3,No,3 a 4
218,Centro,11,732655.89,3,Sí,3 a 4
219,Centro,11,466261.22,1,Sí,1 a 2
220,Centro,11,502341.34,1,Sí,1 a 2
221,Centro,12,481832.68,1,Sí,1 a 2
222,Centro,12,187598.43,4,Sí,3 a 4
223,Centro,12,574173.31,5,Sí,5 o más
224,Centro,12,715536.85,3,Sí,3 a 4
225,Centro,12,1148450.63,4,Sí,3 a 4
226,Centro,12,1080129.38,1,Sí,1 a 2
227,Centro,12,829554.06,5,Sí,5 o más
228,Centro,12,777740.91,4,Sí,3 a 4
229,Centro,12,1163982.79,2,Sí,1 a 2
230,Centro,12,376853.11,3,Sí,3 a 4
231,Centro,12,229877.45,6,Sí,5 o más
232,Centro,12,346764.26,5,Sí,5 o más
233,Centro,12,546331.30,3,Sí,3 a 4
234,Centro,12,867657.48,4,Sí,3 a 4
235,Centro,12,1101022.32,3,Sí,3 a 4
236,Centro,12,352436.17,5,Sí,5 o más
237,Centro,12,1425618.54,5,Sí,5 o más
238,Centro,12,354955.25,4,Sí,3 a 4
239,Centro,12,813294.61,2,Sí,1 a 2
240,Centro,12,1394935.12,3,Sí,3 a 4
241,Centro,13,288302.28,3,Sí,3 a 4
242,Centro,13,382565.11,3,Sí,3 a 4
243,Centro,13,479399.00,5,Sí,5 o más
244,Centro,13,747724.95,3,No,3 a 4
245,Centro,13,669498.32,2,Sí,1 a 2
246,Centro,13,654390.50,4,Sí,3 a 4
247,Centro,13,455911.78,1,No,1 a 2
248,Centro,13,1348603.33,6,No,5 o más
249,Centro,13,265317.08,3,Sí,3 a 4
250,Centro,13,1466356.07,4,Sí,3 a 4
251,Centro,13,385412.62,4,Sí,3 a 4
252,Centro,13,400496.09,1,Sí,1 a 2
253,Centro,13,269429.27,1,Sí,1 a 2
254,Centro,13,561078.93,2,Sí,1 a 2
255,Centro,13,503793.47,5,Sí,5 o más
256,Centro,13,257704.85,3,Sí,3 a 4
257,Centro,13,973390.05,4,Sí,3 a 4
258,Centro,13,541271.88,2,Sí,1 a 2
259,Centro,13,595450.62,5,Sí,5 o más
260,Centro,13,664680.55,5,Sí,5 o más
261,Centro,14,728672.24,5,Sí,5 o más
262,Centro,14,1836070.69,3,No,3 a 4
263,Centro,14,327346.65,3,Sí,3 a 4
264,Centro,14,258510.64,3,Sí,3 a 4
265,Centro,14,665669.10,2,Sí,1 a 2
266,Centro,14,233230.44,4,No,3 a 4
267,Centro,14,158464.29,2,No,1 a 2
268,Centro,14,991685.27,2,Sí,1 a 2
269,Centro,14,232420.68,6,Sí,5 o más
270,Centro,14,453177.61,4,No,3 a 4
271,Centro,14,295282.65,3,Sí,3 a 4
272,Centro,14,266466.36,5,No,5 o más
273,Centro,14,211491.24,4,Sí,3 a 4
274,Centro,14,576402.72,6,Sí,5 o más
275,Centro,14,441890.62,1,No,1 a 2
276,Centro,14,917034.86,5,Sí,5 o más
277,Centro,14,470039.39,2,Sí,1 a 2
278,Centro,14,764567.57,1,Sí,1 a 2
279,Centro,14,669049.94,2,No,1 a 2
280,Centro,14,650620.08,3,Sí,3 a 4
281,Centro,15,152330.63,3,Sí,3 a 4
282,Centro,15,529153.34,2,Sí,1 a 2
283,Centro,15,214691.23,3,Sí,3 a 4
284,Centro,15,248157.35,5,Sí,5 o más
285,Centro,15,1082163.59,1,Sí,1 a 2
286,Centro,15,626971.75,1,No,1 a 2
287,Centro,15,349715.70,1,Sí,1 a 2
288,Centro,15,582095.45,1,Sí,1 a 2
289,Centro,15,597553.79,1,Sí,1 a 2
290,Centro,15,679391.91,3,Sí,3 a 4
291,Centro,15,241471.59,2,Sí,1 a 2
292,Centro,15,355231.38,5,Sí,5 o más
293,Centro,15,266582.99,4,Sí,3 a 4
294,Centro,15,408792.90,6,Sí,5 o más
295,Centro,15,479263.43,4,Sí,3 a 4
296,Centro,15,214952.58,3,Sí,3 a 4
297,Centro,15,421036.67,3,No,3 a 4
298,Centro,15,483755.54,3,Sí,3 a 4
299,Centro,15,273394.02,3,Sí,3 a 4
300,Centro,15,1003508.15,3,Sí,3 a 4
301,Centro,16,1781722.91,3,Sí,3 a 4
302,Centro,16,1120996.67,3,Sí,3 a 4
303,Centro,16,1038191.04,3,Sí,3 a 4
304,Centro,16,967360.66,4,Sí,3 a 4
305,Centro,16,676929.81,3,Sí,3 a 4
306,Centro,16,338308.88,5,Sí,5 o más
307,Centro,16,1325815.70,3,Sí,3 a 4
308,Centro,16,365501.76,1,Sí,1 a 2
309,Centro,16,1267707.16,5,Sí,5 o más
310,Centro,16,192272.30,4,Sí,3 a 4
311,Centro,16,670010.60,2,Sí,1 a 2
312,Centro,16,749501.43,3,Sí,3 a 4
313,Centro,16,487541.54,3,Sí,3 a 4
314,Centro,16,537316.30,1,Sí,1 a 2
315,Centro,16,839023.79,4,Sí,3 a 4
316,Centro,16,574178.74,2,Sí,1 a 2
317,Centro,16,475466.96,3,Sí,3 a 4
318,Centro,16,413042.97,2,Sí,1 a 2
319,Centro,16,414918.84,1,Sí,1 a 2
320,Centro,16,431883.42,2,Sí,1 a 2
321,Centro,17,272607.26,4,Sí,3 a 4
322,Centro,17,940269.17,2,No,1 a 2
323,Centro,17,297765.80,1,Sí,1 a 2
324,Centro,17,154221.26,4,No,3 a 4
325,Centro,17,129349.31,1,Sí,1 a 2
326,Centro,17,482676.16,1,Sí,1 a 2
327,Centro,17,122121.51,1,No,1 a 2
328,Centro,17,270837.81,3,No,3 a 4
329,Centro,17,190709.96,4,No,3 a 4
330,Centro,17,217424.28,2,No,1 a 2
331,Centro,17,616522.55,4,Sí,3 a 4
332,Centro,17,492829.44,6,Sí,5 o más
333,Centro,17,430792.33,3,Sí,3 a 4
334,Centro,17,208454.86,7,Sí,5 o más
335,Centro,17,349622.48,2,Sí,1 a 2
336,Centro,17,315082.56,1,Sí,1 a 2
337,Centro,17,184084.34,3,Sí,3 a 4
338,Centro,17,398817.69,2,Sí,1 a 2
339,Centro,17,561278.86,1,Sí,1 a 2
340,Centro,17,266228.63,4,Sí,3 a 4
341,Centro,18,1142238.94,1,Sí,1 a 2
342,Centro,18,469746.52,1,Sí,1 a 2
343,Centro,18,311359.16,7,Sí,5 o más
344,Centro,18,1752886.21,3,Sí,3 a 4
345,Centro,18,501896.00,3,Sí,3 a 4
346,Centro,18,598586.55,2,Sí,1 a 2
347,Centro,18,827762.81,4,Sí,3 a 4
348,Centro,18,406521.39,3,Sí,3 a 4
349,Centro,18,1833928.84,5,Sí,5 o más
350,Centro,18,432727.09,3,Sí,3 a 4
351,Centro,18,2108416.85,2,Sí,1 a 2
352,Centro,18,722424.11,2,Sí,1 a 2
353,Centro,18,338121.27,2,Sí,1 a 2
354,Centro,18,720586.28,5,Sí,5 o más
355,Centro,18,2056933.62,4,Sí,3 a 4
356,Centro,18,1091792.28,4,Sí,3 a 4
357,Centro,18,1441564.23,5,Sí,5 o más
358,Centro,18,693855.33,5,Sí,5 o más
359,Centro,18,1195148.27,5,Sí,5 o más
360,Centro,18,589074.59,2,Sí,1 a 2
361,Centro,19,484810.61,2,Sí,1 a 2
362,Centro,19,621288.20,3,Sí,3 a 4
363,Centro,19,544841.76,3,Sí,3 a 4
364,Centro,19,479169.86,3,Sí,3 a 4
365,Centro,19,197720.07,2,Sí,1 a 2
366,Centro,19,1114339.57,4,Sí,3 a 4
367,Centro,19,251230.06,4,Sí,3 a 4
368,Centro,19,335514.43,3,Sí,3 a 4
369,Centro,19,942898.46,2,Sí,1 a 2
370,Centro,19,804230.48,3,Sí,3 a 4
371,Centro,19,433697.86,4,Sí,3 a 4
372,Centro,19,759428.33,4,Sí,3 a 4
373,Centro,19,741702.63,3,Sí,3 a 4
374,Centro,19,323138.57,2,Sí,1 a 2
375,Centro,19,635319.97,4,Sí,3 a 4
376,Centro,19,489022.93,1,No,1 a 2
377,Centro,19,127895.69,2,Sí,1 a 2
378,Centro,19,191354.28,6,Sí,5 o más
379,Centro,19,1372424.47,6,Sí,5 o más
380,Centro,19,444230.97,4,Sí,3 a 4
381,Centro,20,239856.94,2,Sí,1 a 2
382,Centro,20,91847.31,2,Sí,1 a 2
383,Centro,20,142826.84,1,Sí,1 a 2
384,Centro,20,606703.36,1,No,1 a 2
385,Centro,20,199358.88,5,Sí,5 o más
386,Centro,20,259740.83,4,Sí,3 a 4
387,Centro,20,120052.87,3,No,3 a 4
388,Centro,20,409862.98,3,Sí,3 a 4
389,Centro,20,577205.98,1,Sí,1 a 2
390,Centro,20,543275.12,2,Sí,1 a 2
391,Centro,20,150375.63,6,No,5 o más
392,Centro,20,610582.36,1,Sí,1 a 2
393,Centro,20,210934.74,1,Sí,1 a 2
394,Centro,20,657270.66,1,No,1 a 2
395,Centro,20,116339.92,3,Sí,3 a 4
396,Centro,20,200881.92,3,Sí,3 a 4
397,Centro,20,767813.74,3,No,3 a 4
398,Centro,20,614476.17,1,No,1 a 2
399,Centro,20,432704.59,3,Sí,3 a 4
400,Centro,20,585048.76,6,No,5 o más
401,Centro,21,503180.08,3,Sí,3 a 4
402,Centro,21,434317.33,4,Sí,3 a 4
403,Centro,21,228755.51,1,Sí,1 a 2
404,Centro,21,830106.79,2,Sí,1 a 2
405,Centro,21,863613.05,6,Sí,5 o más
406,Centro,21,1371993.87,6,Sí,5 o más
407,Centro,21,272488.15,4,Sí,3 a 4
408,Centro,21,2219010.20,6,Sí,5 o más
409,Centro,21,615570.96,3,Sí,3 a 4
410,Centro,21,2441718.10,5,Sí,5 o más
411,Centro,21,1037668.97,4,Sí,3 a 4
412,Centro,21,1130017.59,2,Sí,1 a 2
413,Centro,21,2224870.71,3,Sí,3 a 4
414,Centro,21,665151.90,3,Sí,3 a 4
415,Centro,21,1143920.23,3,Sí,3 a 4
416,Centro,21,1027522.31,1,Sí,1 a 2
417,Centro,21,709721.49,1,Sí,1 a 2
418,Centro,21,943675.53,4,Sí,3 a 4
419,Centro,21,1247211.85,4,Sí,3 a 4
420,Centro,21,1142789.50,4,Sí,3 a 4
421,Centro,22,211156.97,5,Sí,5 o más
422,Centro,22,334274.44,3,Sí,3 a 4
423,Centro,22,1900125.48,4,Sí,3 a 4
424,Centro,22,728206.89,6,Sí,5 o más
425,Centro,22,694181.14,2,Sí,1 a 2
426,Centro,22,2534439.21,3,Sí,3 a 4
427,Centro,22,768695.40,5,Sí,5 o más
428,Centro,22,678810.99,2,Sí,1 a 2
429,Centro,22,1592821.94,2,Sí,1 a 2
430,Centro,22,691930.51,3,Sí,3 a 4
431,Centro,22,524923.25,2,Sí,1 a 2
432,Centro,22,807351.61,3,Sí,3 a 4
433,Centro,22,925273.76,5,Sí,5 o más
434,Centro,22,992573.96,3,Sí,3 a 4
435,Centro,22,856381.34,3,Sí,3 a 4
436,Centro,22,734509.95,4,Sí,3 a 4
437,Centro,22,1935827.88,7,Sí,5 o más
438,Centro,22,468602.30,4,Sí,3 a 4
439,Centro,22,799881.11,3,Sí,3 a 4
440,Centro,22,475110.36,2,Sí,1 a 2
441,Centro,23,609029.34,1,Sí,1 a 2
442,Centro,23,223402.09,2,No,1 a 2
443,Centro,23,338428.54,2,No,1 a 2
444,Centro,23,192712.10,1,Sí,1 a 2
445,Centro,23,248096.31,1,Sí,1 a 2
446,Centro,23,576010.96,3,Sí,3 a 4
447,Centro,23,436865.41,3,No,3 a 4
448,Centro,23,232906.51,4,Sí,3 a 4
449,Centro,23,394993.75,2,Sí,1 a 2
450,Centro,23,365187.91,4,Sí,3 a 4
451,Centro,23,507107.08,3,No,3 a 4
452,Centro,23,260397.84,5,Sí,5 o más
453,Centro,23,323436.11,2,Sí,1 a 2
454,Centro,23,895357.46,4,No,3 a 4
455,Centro,23,133117.48,4,Sí,3 a 4
456,Centro,23,520952.96,2,Sí,1 a 2
457,Centro,23,158788.90,4,Sí,3 a 4
458,Centro,23,230864.24,5,Sí,5 o más
459,Centro,23,243786.21,4,Sí,3 a 4
460,Centro,23,187373.84,4,No,3 a 4
461,Centro,24,364643.07,3,Sí,3 a 4
462,Centro,24,144193.52,3,Sí,3 a 4
463,Centro,24,157664.49,2,No,1 a 2
464,Centro,24,208719.64,1,Sí,1 a 2
465,Centro,24,99710.77,3,No,3 a 4
466,Centro,24,260329.98,6,Sí,5 o más
467,Centro,24,297107.72,5,No,5 o más
468,Centro,24,437468.77,3,No,3 a 4
469,Centro,24,263255.66,2,Sí,1 a 2
470,Centro,24,323938.15,5,Sí,5 o más
471,Centro,24,552147.12,3,No,3 a 4
472,Centro,24,119243.44,2,Sí,1 a 2
473,Centro,24,338841.57,6,Sí,5 o más
474,Centro,24,364820.17,1,Sí,1 a 2
475,Centro,24,285280.83,3,Sí,3 a 4
476,Centro,24,479246.59,3,Sí,3 a 4
477,Centro,24,166070.21,4,Sí,3 a 4
478,Centro,24,190591.64,1,Sí,1 a 2
479,Centro,24,775614.17,4,Sí,3 a 4
480,Centro,24,226452.45,2,Sí,1 a 2
481,Centro,25,840185.45,2,Sí,1 a 2
482,Centro,25,813390.40,2,Sí,1 a 2
483,Centro,25,338397.46,9,Sí,5 o más
484,Centro,25,526227.02,6,Sí,5 o más
485,Centro,25,879383.93,4,Sí,3 a 4
486,Centro,25,552430.56,2,Sí,1 a 2
487,Centro,25,715176.09,2,Sí,1 a 2
488,Centro,25,1062983.14,3,Sí,3 a 4
489,Centro,25,291653.85,3,Sí,3 a 4
490,Centro,25,622458.79,1,Sí,1 a 2
491,Centro,25,516742.88,3,Sí,3 a 4
492,Centro,25,556221.38,3,Sí,3 a 4
493,Centro,25,627958.94,1,Sí,1 a 2
494,Centro,25,587304.28,5,Sí,5 o más
495,Centro,25,507569.50,3,Sí,3 a 4
496,Centro,25,409079.50,4,Sí,3 a 4
497,Centro,25,894906.88,3,Sí,3 a 4
498,Centro,25,1302992.84,2,Sí,1 a 2
499,Centro,25,947381.96,3,Sí,3 a 4
500,Centro,25,588992.93,5,Sí,5 o más
501,Centro,26,356552.53,7,Sí,5 o más
502,Centro,26,308764.95,1,Sí,1 a 2
503,Centro,26,334142.34,3,Sí,3 a 4
504,Centro,26,287129.74,2,Sí,1 a 2
505,Centro,26,316427.93,4,Sí,3 a 4
506,Centro,26,443157.02,2,Sí,1 a 2
507,Centro,26,1003602.17,1,No,1 a 2
508,Centro,26,404722.90,3,No,3 a 4
509,Centro,26,495437.95,2,No,1 a 2
510,Centro,26,308105.95,3,Sí,3 a 4
511,Centro,26,607380.51,3,Sí,3 a 4
512,Centro,26,564557.78,1,Sí,1 a 2
513,Centro,26,536692.51,4,Sí,3 a 4
514,Centro,26,610456.99,5,Sí,5 o más
515,Centro,26,307565.02,5,No,5 o más
516,Centro,26,307746.92,2,Sí,1 a 2
517,Centro,26,415820.25,3,Sí,3 a 4
518,Centro,26,693456.70,1,Sí,1 a 2
519,Centro,26,237977.09,2,Sí,1 a 2
520,Centro,26,282295.44,3,Sí,3 a 4
521,Centro,27,637449.18,3,Sí,3 a 4
522,Centro,27,1006441.33,2,Sí,1 a 2
523,Centro,27,816586.18,5,Sí,5 o más
524,Centro,27,615538.43,3,Sí,3 a 4
525,Centro,27,797948.01,3,Sí,3 a 4
526,Centro,27,782926.19,4,No,3 a 4
527,Centro,27,839738.70,4,Sí,3 a 4
528,Centro,27,336403.97,4,No,3 a 4
529,Centro,27,1397834.19,4,Sí,3 a 4
530,Centro,27,512053.51,2,Sí,1 a 2
531,Centro,27,563970.97,1,Sí,1 a 2
532,Centro,27,535652.12,1,Sí,1 a 2
533,Centro,27,805455.85,2,Sí,1 a 2
534,Centro,27,363206.08,1,Sí,1 a 2
535,Centro,27,707617.35,3,Sí,3 a 4
536,Centro,27,586085.49,4,No,3 a 4
537,Centro,27,732445.77,5,Sí,5 o más
538,Centro,27,1164015.55,3,Sí,3 a 4
539,Centro,27,600920.44,5,Sí,5 o más
540,Centro,27,402349.70,4,Sí,3 a 4
541,Centro,28,851078.55,1,Sí,1 a 2
542,Centro,28,184363.42,4,Sí,3 a 4
543,Centro,28,269705.35,3,No,3 a 4
544,Centro,28,711765.96,3,Sí,3 a 4
545,Centro,28,273208.71,4,Sí,3 a 4
546,Centro,28,284854.28,4,Sí,3 a 4
547,Centro,28,464709.04,7,Sí,5 o más
548,Centro,28,505822.31,2,Sí,1 a 2
549,Centro,28,314133.30,3,No,3 a 4
550,Centro,28,176337.53,4,No,3 a 4
551,Centro,28,537168.06,4,Sí,3 a 4
552,Centro,28,258246.25,4,Sí,3 a 4
553,Centro,28,240834.76,2,Sí,1 a 2
554,Centro,28,807166.25,3,Sí,3 a 4
555,Centro,28,229449.34,1,Sí,1 a 2
556,Centro,28,395991.77,1,No,1 a 2
557,Centro,28,395432.42,2,Sí,1 a 2
558,Centro,28,734010.58,2,Sí,1 a 2
559,Centro,28,339334.25,4,Sí,3 a 4
560,Centro,28,232922.75,1,Sí,1 a 2
561,Centro,29,931818.57,5,Sí,5 o más
562,Centro,29,258184.94,3,No,3 a 4
563,Centro,29,336387.61,5,Sí,5 o más
564,Centro,29,187641.12,1,Sí,1 a 2
565,Centro,29,346167.70,4,Sí,3 a 4
566,Centro,29,171215.21,3,Sí,3 a 4
567,Centro,29,230598.27,4,Sí,3 a 4
568,Centro,29,524618.98,4,Sí,3 a 4
569,Centro,29,334185.38,3,No,3 a 4
570,Centro,29,171190.57,2,Sí,1 a 2
571,Centro,29,1215655.05,1,Sí,1 a 2
572,Centro,29,568468.97,2,Sí,1 a 2
573,Centro,29,306556.14,5,Sí,5 o más
574,Centro,29,199704.69,1,No,1 a 2
575,Centro,29,455177.48,3,Sí,3 a 4
576,Centro,29,319769.77,3,Sí,3 a 4
577,Centro,29,221490.55,4,Sí,3 a 4
578,Centro,29,273463.36,6,Sí,5 o más
579,Centro,29,733595.51,7,Sí,5 o más
580,Centro,29,262512.57,4,Sí,3 a 4
581,Centro,30,630801.99,1,No,1 a 2
582,Centro,30,712316.18,1,Sí,1 a 2
583,Centro,30,1632331.73,6,Sí,5 o más
584,Centro,30,1161784.95,1,Sí,1 a 2
585,Centro,30,144285.66,4,Sí,3 a 4
586,Centro,30,444191.85,1,Sí,1 a 2
587,Centro,30,271522.15,4,Sí,3 a 4
588,Centro,30,184967.36,5,Sí,5 o más
589,Centro,30,443834.58,2,Sí,1 a 2
590,Centro,30,1293158.93,5,Sí,5 o más
591,Centro,30,1123021.16,2,Sí,1 a 2
592,Centro,30,1145384.74,5,Sí,5 o más
593,Centro,30,241028.74,2,Sí,1 a 2
594,Centro,30,518046.98,1,Sí,1 a 2
595,Centro,30,2085497.21,2,Sí,1 a 2
596,Centro,30,723116.38,5,Sí,5 o más
597,Centro,30,597601.76,6,Sí,5 o más
598,Centro,30,443128.74,2,Sí,1 a 2
599,Centro,30,598976.01,1,Sí,1 a 2
600,Centro,30,530740.64,1,Sí,1 a 2
601,Centro,31,335787.67,2,Sí,1 a 2
602,Centro,31,1303966.53,2,Sí,1 a 2
603,Centro,31,883077.87,2,No,1 a 2
604,Centro,31,167985.27,3,Sí,3 a 4
605,Centro,31,343896.33,2,Sí,1 a 2
606,Centro,31,518579.23,2,No,1 a 2
607,Centro,31,1788812.22,4,Sí,3 a 4
608,Centro,31,478036.58,1,Sí,1 a 2
609,Centro,31,694018.01,1,Sí,1 a 2
610,Centro,31,343848.16,2,Sí,1 a 2
611,Centro,31,523044.28,2,Sí,1 a 2
612,Centro,31,939856.50,1,Sí,1 a 2
613,Centro,31,1197450.01,3,Sí,3 a 4
614,Centro,31,656364.37,3,Sí,3 a 4
615,Centro,31,579826.06,7,Sí,5 o más
616,Centro,31,475554.72,2,Sí,1 a 2
617,Centro,31,646836.62,1,Sí,1 a 2
618,Centro,31,1454767.39,2,Sí,1 a 2
619,Centro,31,368564.01,2,Sí,1 a 2
620,Centro,31,211014.96,5,Sí,5 o más
621,Centro,32,463427.13,1,Sí,1 a 2
622,Centro,32,361319.84,2,Sí,1 a 2
623,Centro,32,172814.83,2,Sí,1 a 2
624,Centro,32,329559.73,2,Sí,1 a 2
625,Centro,32,792924.10,4,No,3 a 4
626,Centro,32,561316.53,4,Sí,3 a 4
627,Centro,32,211128.32,1,Sí,1 a 2
628,Centro,32,1668799.61,4,Sí,3 a 4
629,Centro,32,255799.05,2,Sí,1 a 2
630,Centro,32,763113.01,2,Sí,1 a 2
631,Centro,32,817888.07,2,No,1 a 2
632,Centro,32,229594.22,1,Sí,1 a 2
633,Centro,32,679863.21,1,Sí,1 a 2
634,Centro,32,237896.99,5,No,5 o más
635,Centro,32,232590.72,1,Sí,1 a 2
636,Centro,32,294500.93,4,No,3 a 4
637,Centro,32,325520.60,4,Sí,3 a 4
638,Centro,32,384296.03,5,Sí,5 o más
639,Centro,32,129358.09,2,No,1 a 2
640,Centro,32,423203.40,3,Sí,3 a 4
641,Centro,33,1507458.50,5,Sí,5 o más
642,Centro,33,830340.30,4,Sí,3 a 4
643,Centro,33,542890.09,2,Sí,1 a 2
644,Centro,33,647701.82,3,Sí,3 a 4
645,Centro,33,1592387.60,4,Sí,3 a 4
646,Centro,33,1468584.77,2,Sí,1 a 2
647,Centro,33,776993.03,2,Sí,1 a 2
648,Centro,33,842391.07,4,Sí,3 a 4
649,Centro,33,852657.40,2,Sí,1 a 2
650,Centro,33,837381.83,1,Sí,1 a 2
651,Centro,33,537881.65,5,Sí,5 o más
652,Centro,33,878205.45,4,Sí,3 a 4
653,Centro,33,3223514.75,1,Sí,1 a 2
654,Centro,33,1380149.89,5,Sí,5 o más
655,Centro,33,765680.09,2,Sí,1 a 2
656,Centro,33,1012034.29,5,Sí,5 o más
657,Centro,33,449382.77,5,Sí,5 o más
658,Centro,33,216910.02,2,Sí,1 a 2
659,Centro,33,1290531.65,2,Sí,1 a 2
660,Centro,33,1510825.10,6,Sí,5 o más
661,Centro,34,575080.57,3,No,3 a 4
662,Centro,34,845164.77,6,Sí,5 o más
663,Centro,34,547083.30,2,Sí,1 a 2
664,Centro,34,412403.98,1,Sí,1 a 2
665,Centro,34,262604.91,3,Sí,3 a 4
666,Centro,34,1505681.41,1,Sí,1 a 2
667,Centro,34,771815.41,1,Sí,1 a 2
668,Centro,34,824954.88,4,Sí,3 a 4
669,Centro,34,322410.03,1,Sí,1 a 2
670,Centro,34,417744.19,4,Sí,3 a 4
671,Centro,34,1010174.60,2,Sí,1 a 2
672,Centro,34,1764336.99,4,Sí,3 a 4
673,Centro,34,298115.68,2,Sí,1 a 2
674,Centro,34,292387.70,3,Sí,3 a 4
675,Centro,34,738855.92,1,Sí,1 a 2
676,Centro,34,1327246.42,4,Sí,3 a 4
677,Centro,34,856000.30,3,Sí,3 a 4
678,Centro,34,303564.10,4,Sí,3 a 4
679,Centro,34,417349.89,5,Sí,5 o más
680,Centro,34,294711.58,4,Sí,3 a 4
681,Centro,35,655238.03,4,Sí,3 a 4
682,Centro,35,342391.81,3,Sí,3 a 4
683,Centro,35,1201285.33,1,Sí,1 a 2
684,Centro,35,1270491.83,3,Sí,3 a 4
685,Centro,35,1035132.95,3,Sí,3 a 4
686,Centro,35,672857.27,3,Sí,3 a 4
687,Centro,35,524463.72,5,Sí,5 o más
688,Centro,35,528504.78,1,Sí,1 a 2
689,Centro,35,668956.34,1,Sí,1 a 2
690,Centro,35,800598.91,6,Sí,5 o más
691,Centro,35,658233.91,2,No,1 a 2
692,Centro,35,445566.26,2,Sí,1 a 2
693,Centro,35,866209.29,6,Sí,5 o más
694,Centro,35,1003129.32,2,Sí,1 a 2
695,Centro,35,358054.37,4,Sí,3 a 4
696,Centro,35,749698.11,2,Sí,1 a 2
697,Centro,35,470711.41,2,Sí,1 a 2
698,Centro,35,593583.04,3,Sí,3 a 4
699,Centro,35,1173926.33,4,Sí,3 a 4
700,Centro,35,937106.26,2,Sí,1 a 2
701,Centro,36,1167710.44,4,Sí,3 a 4
702,Centro,36,678863.74,6,Sí,5 o más
703,Centro,36,948752.20,3,Sí,3 a 4
704,Centro,36,1415342.64,4,Sí,3 a 4
705,Centro,36,830679.06,3,Sí,3 a 4
706,Centro,36,466908.83,6,Sí,5 o más
707,Centro,36,567621.48,5,Sí,5 o más
708,Centro,36,83257.25,6,Sí,5 o más
709,Centro,36,541603.10,4,Sí,3 a 4
710,Centro,36,494168.80,1,Sí,1 a 2
711,Centro,36,171672.89,1,Sí,1 a 2
712,Centro,36,772689.70,6,Sí,5 o más
713,Centro,36,609867.59,2,Sí,1 a 2
714,Centro,36,560200.16,2,Sí,1 a 2
715,Centro,36,1604459.91,1,Sí,1 a 2
716,Centro,36,210076.18,3,Sí,3 a 4
717,Centro,36,427359.61,1,Sí,1 a 2
718,Centro,36,304315.10,4,Sí,3 a 4
719,Centro,36,1089047.71,4,Sí,3 a 4
720,Centro,36,663468.54,4,Sí,3 a 4
721,Centro,37,569088.16,2,Sí,1 a 2
722,Centro,37,568616.45,4,Sí,3 a 4
723,Centro,37,488265.52,4,Sí,3 a 4
724,Centro,37,1338350.67,5,Sí,5 o más
725,Centro,37,876393.97,3,Sí,3 a 4
726,Centro,37,440595.15,3,Sí,3 a 4
727,Centro,37,878677.76,4,Sí,3 a 4
728,Centro,37,1076080.64,3,Sí,3 a 4
729,Centro,37,476866.83,1,Sí,1 a 2
730,Centro,37,855024.72,2,Sí,1 a 2
731,Centro,37,271441.12,2,Sí,1 a 2
732,Centro,37,641006.33,1,Sí,1 a 2
733,Centro,37,472840.61,3,Sí,3 a 4
734,Centro,37,782092.77,2,Sí,1 a 2
735,Centro,37,763374.98,1,Sí,1 a 2
736,Centro,37,619645.21,2,Sí,1 a 2
737,Centro,37,548563.59,3,Sí,3 a 4
738,Centro,37,458968.49,6,Sí,5 o más
739,Centro,37,1209327.86,3,Sí,3 a 4
740,Centro,37,2108999.45,3,Sí,3 a 4
741,Centro,38,633791.14,1,Sí,1 a 2
742,Centro,38,256433.65,2,Sí,1 a 2
743,Centro,38,305424.57,2,Sí,1 a 2
744,Centro,38,1276842.52,1,Sí,1 a 2
745,Centro,38,237676.19,7,Sí,5 o más
746,Centro,38,346941.12,1,Sí,1 a 2
747,Centro,38,771806.48,3,No,3 a 4
748,Centro,38,412467.82,3,No,3 a 4
749,Centro,38,1923609.81,1,Sí,1 a 2
750,Centro,38,987793.44,2,Sí,1 a 2
751,Centro,38,535683.08,1,Sí,1 a 2
752,Centro,38,743192.86,6,Sí,5 o más
753,Centro,38,249230.68,6,Sí,5 o más
754,Centro,38,915375.06,2,Sí,1 a 2
755,Centro,38,239967.33,4,Sí,3 a 4
756,Centro,38,223048.84,2,Sí,1 a 2
757,Centro,38,255046.05,4,Sí,3 a 4
758,Centro,38,249721.41,1,Sí,1 a 2
759,Centro,38,438474.79,3,No,3 a 4
760,Centro,38,1180799.92,2,Sí,1 a 2
761,Centro,39,850905.15,4,Sí,3 a 4
762,Centro,39,846121.57,4,Sí,3 a 4
763,Centro,39,757512.54,1,Sí,1 a 2
764,Centro,39,1569343.98,2,Sí,1 a 2
765,Centro,39,441914.47,4,Sí,3 a 4
766,Centro,39,1791053.96,3,Sí,3 a 4
767,Centro,39,1479835.42,5,Sí,5 o más
768,Centro,39,2029561.30,3,Sí,3 a 4
769,Centro,39,1142234.19,5,Sí,5 o más
770,Centro,39,531510.81,1,Sí,1 a 2
771,Centro,39,435056.06,4,Sí,3 a 4
772,Centro,39,551168.63,3,Sí,3 a 4
773,Centro,39,935006.46,1,Sí,1 a 2
774,Centro,39,357017.69,2,Sí,1 a 2
775,Centro,39,1051457.58,6,Sí,5 o más
776,Centro,39,1881342.38,1,Sí,1 a 2
777,Centro,39,1428135.57,4,Sí,3 a 4
778,Centro,39,936617.81,4,Sí,3 a 4
779,Centro,39,700425.64,5,Sí,5 o más
780,Centro,39,530556.04,3,Sí,3 a 4
781,Centro,40,1258310.92,6,Sí,5 o más
782,Centro,40,345493.84,4,Sí,3 a 4
783,Centro,40,606797.08,4,Sí,3 a 4
784,Centro,40,1061447.60,5,Sí,5 o más
785,Centro,40,528771.70,1,Sí,1 a 2
786,Centro,40,511531.00,4,Sí,3 a 4
787,Centro,40,546522.56,3,Sí,3 a 4
788,Centro,40,524708.37,3,Sí,3 a 4
789,Centro,40,773191.60,2,Sí,1 a 2
790,Centro,40,231459.05,4,Sí,3 a 4
791,Centro,40,1141064.30,2,Sí,1 a 2
792,Centro,40,526520.11,7,Sí,5 o más
793,Centro,40,409859.61,3,Sí,3 a 4
794,Centro,40,332881.23,4,Sí,3 a 4
795,Centro,40,714022.23,5,Sí,5 o más
796,Centro,40,760517.35,5,Sí,5 o más
797,Centro,40,468002.08,5,Sí,5 o más
798,Centro,40,720962.44,4,Sí,3 a 4
799,Centro,40,388060.94,3,Sí,3 a 4
800,Centro,40,572096.28,2,No,1 a 2
801,Centro,41,626728.81,1,No,1 a 2
802,Centro,41,1351834.80,5,Sí,5 o más
803,Centro,41,539781.49,3,No,3 a 4
804,Centro,41,1435420.13,3,Sí,3 a 4
805,Centro,41,559272.80,5,Sí,5 o más
806,Centro,41,745247.82,6,Sí,5 o más
807,Centro,41,876213.88,5,Sí,5 o más
808,Centro,41,263816.82,4,Sí,3 a 4
809,Centro,41,1032928.36,3,Sí,3 a 4
810,Centro,41,548707.66,3,Sí,3 a 4
811,Centro,41,264185.52,5,Sí,5 o más
812,Centro,41,467655.02,5,Sí,5 o más
813,Centro,41,152616.31,4,Sí,3 a 4
814,Centro,41,372478.67,4,Sí,3 a 4
815,Centro,41,818346.74,3,Sí,3 a 4
816,Centro,41,212185.07,3,Sí,3 a 4
817,Centro,41,373287.53,3,Sí,3 a 4
818,Centro,41,393595.36,1,Sí,1 a 2
819,Centro,41,265192.21,7,Sí,5 o más
820,Centro,41,388234.44,4,Sí,3 a 4
821,Centro,42,903583.96,6,Sí,5 o más
822,Centro,42,677062.97,3,Sí,3 a 4
823,Centro,42,383615.89,3,Sí,3 a 4
824,Centro,42,211815.17,4,Sí,3 a 4
825,Centro,42,312456.14,3,Sí,3 a 4
826,Centro,42,474985.63,4,Sí,3 a 4
827,Centro,42,716705.61,1,Sí,1 a 2
828,Centro,42,492097.35,1,Sí,1 a 2
829,Centro,42,366490.48,4,Sí,3 a 4
830,Centro,42,1296566.66,4,No,3 a 4
831,Centro,42,378710.44,1,Sí,1 a 2
832,Centro,42,843936.11,3,Sí,3 a 4
833,Centro,42,441476.60,5,Sí,5 o más
834,Centro,42,789907.35,1,Sí,1 a 2
835,Centro,42,798598.13,1,Sí,1 a 2
836,Centro,42,1524854.73,3,Sí,3 a 4
837,Centro,42,295911.50,5,Sí,5 o más
838,Centro,42,614331.05,1,Sí,1 a 2
839,Centro,42,525727.83,5,Sí,5 o más
840,Centro,42,637414.46,2,Sí,1 a 2
841,Centro,43,732069.87,2,Sí,1 a 2
842,Centro,43,581820.66,6,Sí,5 o más
843,Centro,43,2977865.33,4,Sí,3 a 4
844,Centro,43,309495.09,3,Sí,3 a 4
845,Centro,43,1851982.69,2,Sí,1 a 2
846,Centro,43,669800.89,3,Sí,3 a 4
847,Centro,43,1339949.28,4,Sí,3 a 4
848,Centro,43,527037.22,2,Sí,1 a 2
849,Centro,43,1826388.44,3,Sí,3 a 4
850,Centro,43,476458.32,1,Sí,1 a 2
851,Centro,43,1954261.44,2,Sí,1 a 2
852,Centro,43,822284.57,3,Sí,3 a 4
853,Centro,43,272839.64,4,Sí,3 a 4
854,Centro,43,2123825.74,2,Sí,1 a 2
855,Centro,43,2367159.29,4,Sí,3 a 4
856,Centro,43,391603.30,2,Sí,1 a 2
857,Centro,43,1704677.53,4,Sí,3 a 4
858,Centro,43,1052358.62,1,Sí,1 a 2
859,Centro,43,1231061.86,5,Sí,5 o más
860,Centro,43,1003888.59,4,Sí,3 a 4
861,Centro,44,2468089.95,1,Sí,1 a 2
862,Centro,44,1599420.69,3,Sí,3 a 4
863,Centro,44,800875.37,4,Sí,3 a 4
864,Centro,44,2851747.56,4,Sí,3 a 4
865,Centro,44,1007257.82,3,Sí,3 a 4
866,Centro,44,1071960.03,4,Sí,3 a 4
867,Centro,44,1269715.07,2,Sí,1 a 2
868,Centro,44,803295.58,1,Sí,1 a 2
869,Centro,44,2901348.08,3,Sí,3 a 4
870,Centro,44,779600.16,4,Sí,3 a 4
871,Centro,44,1156951.15,2,Sí,1 a 2
872,Centro,44,1842715.07,4,Sí,3 a 4
873,Centro,44,1198390.76,3,Sí,3 a 4
874,Centro,44,955907.81,2,Sí,1 a 2
875,Centro,44,758080.70,5,Sí,5 o más
876,Centro,44,1725391.41,2,Sí,1 a 2
877,Centro,44,571822.01,6,Sí,5 o más
878,Centro,44,3565231.77,4,Sí,3 a 4
879,Centro,44,2048978.47,4,Sí,3 a 4
880,Centro,44,1680827.22,3,Sí,3 a 4
881,Centro,45,449537.53,3,Sí,3 a 4
882,Centro,45,937812.60,3,Sí,3 a 4
883,Centro,45,1210580.04,4,Sí,3 a 4
884,Centro,45,632144.95,6,Sí,5 o más
885,Centro,45,881644.39,1,Sí,1 a 2
886,Centro,45,1212927.59,5,Sí,5 o más
887,Centro,45,795011.96,4,Sí,3 a 4
888,Centro,45,775379.30,2,No,1 a 2
889,Centro,45,2618898.18,2,Sí,1 a 2
890,Centro,45,1695047.53,5,Sí,5 o más
891,Centro,45,697894.21,2,Sí,1 a 2
892,Centro,45,1095873.30,5,Sí,5 o más
893,Centro,45,1064257.15,3,Sí,3 a 4
894,Centro,45,540216.37,4,Sí,3 a 4
895,Centro,45,2255747.50,2,Sí,1 a 2
896,Centro,45,389633.59,5,Sí,5 o más
897,Centro,45,446268.62,1,Sí,1 a 2
898,Centro,45,1003809.40,1,Sí,1 a 2
899,Centro,45,1907699.21,3,Sí,3 a 4
900,Centro,45,1647759.55,1,Sí,1 a 2
901,Centro,46,957311.84,5,Sí,5 o más
902,Centro,46,852613.01,5,Sí,5 o más
903,Centro,46,1351963.77,6,Sí,5 o más
904,Centro,46,634628.42,5,Sí,5 o más
905,Centro,46,675345.07,4,Sí,3 a 4
906,Centro,46,2014399.51,3,Sí,3 a 4
907,Centro,46,1623944.68,3,Sí,3 a 4
908,Centro,46,707808.32,5,Sí,5 o más
909,Centro,46,943674.15,1,Sí,1 a 2
910,Centro,46,3196771.30,1,Sí,1 a 2
911,Centro,46,396754.76,4,Sí,3 a 4
912,Centro,46,2141785.08,2,Sí,1 a 2
913,Centro,46,689331.64,4,Sí,3 a 4
914,Centro,46,1000007.43,4,Sí,3 a 4
915,Centro,46,1052453.30,4,Sí,3 a 4
916,Centro,46,1305651.32,4,Sí,3 a 4
917,Centro,46,3511190.82,2,Sí,1 a 2
918,Centro,46,1262961.15,1,Sí,1 a 2
919,Centro,46,2123217.55,1,Sí,1 a 2
920,Centro,46,3652526.63,2,Sí,1 a 2
921,Centro,47,85092.99,3,No,3 a 4
922,Centro,47,573755.00,2,Sí,1 a 2
923,Centro,47,164993.50,5,Sí,5 o más
924,Centro,47,107003.47,6,No,5 o más
925,Centro,47,277041.12,4,Sí,3 a 4
926,Centro,47,312646.20,3,Sí,3 a 4
927,Centro,47,219947.61,1,Sí,1 a 2
928,Centro,47,245398.17,2,No,1 a 2
929,Centro,47,112573.92,6,Sí,5 o más
930,Centro,47,272048.09,2,Sí,1 a 2
931,Centro,47,199989.47,3,No,3 a 4
932,Centro,47,204915.55,3,Sí,3 a 4
933,Centro,47,131372.39,4,Sí,3 a 4
934,Centro,47,140234.78,1,Sí,1 a 2
935,Centro,47,221940.27,3,Sí,3 a 4
936,Centro,47,120868.62,3,No,3 a 4
937,Centro,47,143655.16,1,Sí,1 a 2
938,Centro,47,135290.09,4,Sí,3 a 4
939,Centro,47,365430.94,4,Sí,3 a 4
940,Centro,47,239718.70,2,Sí,1 a 2
941,Centro,48,408974.75,3,Sí,3 a 4
942,Centro,48,518783.72,5,Sí,5 o más
943,Centro,48,677130.32,2,No,1 a 2
944,Centro,48,147144.04,5,Sí,5 o más
945,Centro,48,401550.56,5,Sí,5 o más
946,Centro,48,1017616.40,2,Sí,1 a 2
947,Centro,48,476488.41,5,Sí,5 o más
948,Centro,48,182806.06,5,Sí,5 o más
949,Centro,48,617410.73,3,No,3 a 4
950,Centro,48,418878.86,3,Sí,3 a 4
951,Centro,48,648115.03,4,No,3 a 4
952,Centro,48,620823.48,1,No,1 a 2
953,Centro,48,403572.87,4,Sí,3 a 4
954,Centro,48,661722.08,1,Sí,1 a 2
955,Centro,48,357096.70,2,No,1 a 2
956,Centro,48,472364.87,3,Sí,3 a 4
957,Centro,48,218258.55,2,No,1 a 2
958,Centro,48,85198.76,3,Sí,3 a 4
959,Centro,48,376478.81,2,Sí,1 a 2
960,Centro,48,224272.65,2,No,1 a 2
961,Centro,49,538821.96,7,Sí,5 o más
962,Centro,49,407713.55,1,Sí,1 a 2
963,Centro,49,464545.83,3,Sí,3 a 4
964,Centro,49,496488.82,4,Sí,3 a 4
965,Centro,49,1199992.38,1,Sí,1 a 2
966,Centro,49,680936.97,6,Sí,5 o más
967,Centro,49,394394.52,1,Sí,1 a 2
968,Centro,49,451582.64,6,Sí,5 o más
969,Centro,49,478918.94,2,Sí,1 a 2
970,Centro,49,715263.04,1,No,1 a 2
971,Centro,49,618816.99,2,No,1 a 2
972,Centro,49,1272391.16,2,Sí,1 a 2
973,Centro,49,391510.30,3,Sí,3 a 4
974,Centro,49,424271.78,3,Sí,3 a 4
975,Centro,49,678137.60,2,Sí,1 a 2
976,Centro,49,197118.24,2,Sí,1 a 2
977,Centro,49,526953.36,4,Sí,3 a 4
978,Centro,49,921364.19,1,Sí,1 a 2
979,Centro,49,772616.03,2,Sí,1 a 2
980,Centro,49,1333241.72,4,Sí,3 a 4
981,Centro,50,369787.22,1,Sí,1 a 2
982,Centro,50,561904.03,5,Sí,5 o más
983,Centro,50,462971.04,2,Sí,1 a 2
984,Centro,50,949299.27,1,Sí,1 a 2
985,Centro,50,700861.31,2,Sí,1 a 2
986,Centro,50,1204996.51,1,Sí,1 a 2
987,Centro,50,2231890.27,2,Sí,1 a 2
988,Centro,50,887658.16,5,Sí,5 o más
989,Centro,50,1199631.01,2,Sí,1 a 2
990,Centro,50,721170.58,3,Sí,3 a 4
991,Centro,50,1240685.06,2,Sí,1 a 2
992,Centro,50,665912.01,1,Sí,1 a 2
993,Centro,50,567044.35,2,Sí,1 a 2
994,Centro,50,1055122.35,3,Sí,3 a 4
995,Centro,50,935157.67,4,Sí,3 a 4
996,Centro,50,488787.06,5,Sí,5 o más
997,Centro,50,438446.36,6,Sí,5 o más
998,Centro,50,869278.93,5,Sí,5 o más
999,Centro,50,1780622.73,6,Sí,5 o más
1000,Centro,50,884090.30,3,Sí,3 a 4
1001,Centro,51,402330.09,4,No,3 a 4
1002,Centro,51,773689.62,4,No,3 a 4
1003,Centro,51,375402.12,5,Sí,5 o más
1004,Centro,51,622740.66,3,Sí,3 a 4
1005,Centro,51,171593.39,2,Sí,1 a 2
1006,Centro,51,466629.84,2,Sí,1 a 2
1007,Centro,51,711318.74,6,Sí,5 o más
1008,Centro,51,895203.93,1,Sí,1 a 2
1009,Centro,51,1297166.67,7,Sí,5 o más
1010,Centro,51,1513032.09,1,No,1 a 2
1011,Centro,51,480583.50,1,Sí,1 a 2
1012,Centro,51,811810.49,3,No,3 a 4
1013,Centro,51,332537.73,2,Sí,1 a 2
1014,Centro,51,423277.34,1,Sí,1 a 2
1015,Centro,51,895017.83,3,Sí,3 a 4
1016,Centro,51,1133042.21,3,Sí,3 a 4
1017,Centro,51,625953.85,3,Sí,3 a 4
1018,Centro,51,347512.95,3,Sí,3 a 4
1019,Centro,51,571088.36,5,Sí,5 o más
1020,Centro,51,314407.47,2,Sí,1 a 2
1021,Centro,52,832418.52,2,Sí,1 a 2
1022,Centro,52,364950.29,4,Sí,3 a 4
1023,Centro,52,1429579.25,7,Sí,5 o más
1024,Centro,52,1255943.58,4,Sí,3 a 4
1025,Centro,52,694074.33,5,Sí,5 o más
1026,Centro,52,1007139.31,2,Sí,1 a 2
1027,Centro,52,606128.21,8,Sí,5 o más
1028,Centro,52,1152299.34,2,Sí,1 a 2
1029,Centro,52,1393147.99,2,Sí,1 a 2
1030,Centro,52,945876.74,5,Sí,5 o más
1031,Centro,52,668412.40,3,Sí,3 a 4
1032,Centro,52,591288.40,6,Sí,5 o más
1033,Centro,52,622509.28,3,Sí,3 a 4
1034,Centro,52,734307.15,2,Sí,1 a 2
1035,Centro,52,1016928.84,2,Sí,1 a 2
1036,Centro,52,676161.15,4,Sí,3 a 4
1037,Centro,52,2720346.73,2,Sí,1 a 2
1038,Centro,52,1031043.02,3,Sí,3 a 4
1039,Centro,52,617343.86,4,Sí,3 a 4
1040,Centro,52,3001146.80,1,Sí,1 a 2
1041,Centro,53,512449.64,3,Sí,3 a 4
1042,Centro,53,1193356.12,1,Sí,1 a 2
1043,Centro,53,315232.37,4,Sí,3 a 4
1044,Centro,53,475158.54,4,Sí,3 a 4
1045,Centro,53,844970.56,3,Sí,3 a 4
1046,Centro,53,635701.40,5,Sí,5 o más
1047,Centro,53,985884.19,7,Sí,5 o más
1048,Centro,53,808559.74,5,Sí,5 o más
1049,Centro,53,403482.12,2,Sí,1 a 2
1050,Centro,53,866096.19,2,Sí,1 a 2
1051,Centro,53,1081346.95,3,Sí,3 a 4
1052,Centro,53,815297.87,3,Sí,3 a 4
1053,Centro,53,431007.18,5,Sí,5 o más
1054,Centro,53,538096.51,4,Sí,3 a 4
1055,Centro,53,1696433.87,1,Sí,1 a 2
1056,Centro,53,420569.83,7,Sí,5 o más
1057,Centro,53,396546.47,1,Sí,1 a 2
1058,Centro,53,469962.62,5,Sí,5 o más
1059,Centro,53,751418.50,5,Sí,5 o más
1060,Centro,53,396217.05,4,Sí,3 a 4
1061,Centro,54,1584117.82,4,Sí,3 a 4
1062,Centro,54,437610.34,2,Sí,1 a 2
1063,Centro,54,429734.04,3,Sí,3 a 4
1064,Centro,54,573294.10,2,Sí,1 a 2
1065,Centro,54,2933040.69,2,No,1 a 2
1066,Centro,54,848006.14,4,Sí,3 a 4
1067,Centro,54,262395.81,1,No,1 a 2
1068,Centro,54,364184.42,6,Sí,5 o más
1069,Centro,54,440852.75,4,Sí,3 a 4
1070,Centro,54,1770920.70,5,Sí,5 o más
1071,Centro,54,356380.28,4,Sí,3 a 4
1072,Centro,54,935267.65,1,Sí,1 a 2
1073,Centro,54,422728.60,4,Sí,3 a 4
1074,Centro,54,434404.50,4,Sí,3 a 4
1075,Centro,54,2117206.58,6,Sí,5 o más
1076,Centro,54,524737.07,1,Sí,1 a 2
1077,Centro,54,650383.10,3,Sí,3 a 4
1078,Centro,54,1016939.05,4,Sí,3 a 4
1079,Centro,54,451074.14,3,Sí,3 a 4
1080,Centro,54,435224.90,3,No,3 a 4
1081,Centro,55,189183.33,4,Sí,3 a 4
1082,Centro,55,458707.91,2,Sí,1 a 2
1083,Centro,55,417400.49,4,Sí,3 a 4
1084,Centro,55,1280849.51,3,Sí,3 a 4
1085,Centro,55,766464.61,3,Sí,3 a 4
1086,Centro,55,329689.80,3,No,3 a 4
1087,Centro,55,685103.89,1,Sí,1 a 2
1088,Centro,55,317421.05,1,Sí,1 a 2
1089,Centro,55,924838.70,5,Sí,5 o más
1090,Centro,55,259662.27,3,Sí,3 a 4
1091,Centro,55,358716.50,5,No,5 o más
1092,Centro,55,510403.43,1,Sí,1 a 2
1093,Centro,55,251490.94,4,Sí,3 a 4
1094,Centro,55,270037.79,2,Sí,1 a 2
1095,Centro,55,663644.72,3,Sí,3 a 4
1096,Centro,55,295191.37,4,Sí,3 a 4
1097,Centro,55,190765.17,4,No,3 a 4
1098,Centro,55,698648.76,5,Sí,5 o más
1099,Centro,55,522704.73,3,Sí,3 a 4
1100,Centro,55,621257.53,2,Sí,1 a 2
1101,Centro,56,217692.90,1,Sí,1 a 2
1102,Centro,56,1211994.65,5,Sí,5 o más
1103,Centro,56,1032746.15,1,Sí,1 a 2
1104,Centro,56,486177.12,4,No,3 a 4
1105,Centro,56,499706.65,4,Sí,3 a 4
1106,Centro,56,239212.77,3,Sí,3 a 4
1107,Centro,56,688562.19,3,Sí,3 a 4
1108,Centro,56,786255.43,5,No,5 o más
1109,Centro,56,368876.87,5,No,5 o más
1110,Centro,56,412509.97,4,Sí,3 a 4
1111,Centro,56,2241016.37,3,Sí,3 a 4
1112,Centro,56,964018.01,3,Sí,3 a 4
1113,Centro,56,786773.21,2,Sí,1 a 2
1114,Centro,56,289507.59,1,Sí,1 a 2
1115,Centro,56,379715.88,2,Sí,1 a 2
1116,Centro,56,604268.05,1,Sí,1 a 2
1117,Centro,56,444623.41,4,Sí,3 a 4
1118,Centro,56,256637.28,4,Sí,3 a 4
1119,Centro,56,305594.57,2,Sí,1 a 2
1120,Centro,56,150421.26,2,Sí,1 a 2
1121,Centro,57,950627.22,2,Sí,1 a 2
1122,Centro,57,663143.52,2,Sí,1 a 2
1123,Centro,57,552070.87,1,Sí,1 a 2
1124,Centro,57,481551.96,3,Sí,3 a 4
1125,Centro,57,1117730.98,5,Sí,5 o más
1126,Centro,57,1248043.83,6,Sí,5 o más
1127,Centro,57,874410.70,2,Sí,1 a 2
1128,Centro,57,509327.46,3,Sí,3 a 4
1129,Centro,57,1000064.85,4,Sí,3 a 4
1130,Centro,57,1280011.68,2,Sí,1 a 2
1131,Centro,57,641467.15,2,Sí,1 a 2
1132,Centro,57,459919.71,5,Sí,5 o más
1133,Centro,57,706293.64,5,Sí,5 o más
1134,Centro,57,801602.20,5,Sí,5 o más
1135,Centro,57,1099548.03,5,Sí,5 o más
1136,Centro,57,1881319.10,4,Sí,3 a 4
1137,Centro,57,509340.87,3,Sí,3 a 4
1138,Centro,57,1255731.89,5,Sí,5 o más
1139,Centro,57,551736.95,1,Sí,1 a 2
1140,Centro,57,642511.66,6,Sí,5 o más
1141,Centro,58,630838.37,3,No,3 a 4
1142,Centro,58,130654.11,5,Sí,5 o más
1143,Centro,58,311918.37,3,Sí,3 a 4
1144,Centro,58,558001.45,3,Sí,3 a 4
1145,Centro,58,385776.66,3,Sí,3 a 4
1146,Centro,58,960573.16,5,Sí,5 o más
1147,Centro,58,408921.08,4,Sí,3 a 4
1148,Centro,58,438446.84,3,Sí,3 a 4
1149,Centro,58,415331.73,4,Sí,3 a 4
1150,Centro,58,870842.91,4,No,3 a 4
1151,Centro,58,192006.10,4,Sí,3 a 4
1152,Centro,58,472329.81,5,Sí,5 o más
1153,Centro,58,196165.94,8,Sí,5 o más
1154,Centro,58,347962.67,6,Sí,5 o más
1155,Centro,58,568060.54,3,Sí,3 a 4
1156,Centro,58,1086437.06,3,No,3 a 4
1157,Centro,58,391088.54,3,Sí,3 a 4
1158,Centro,58,285086.45,5,Sí,5 o más
1159,Centro,58,525858.52,4,Sí,3 a 4
1160,Centro,58,554416.96,2,Sí,1 a 2
1161,Centro,59,1776789.62,2,Sí,1 a 2
1162,Centro,59,580207.28,1,Sí,1 a 2
1163,Centro,59,679623.89,4,Sí,3 a 4
1164,Centro,59,397838.59,2,Sí,1 a 2
1165,Centro,59,440252.54,4,Sí,3 a 4
1166,Centro,59,1111031.51,2,Sí,1 a 2
1167,Centro,59,920661.09,6,Sí,5 o más
1168,Centro,59,386295.47,6,Sí,5 o más
1169,Centro,59,1496458.10,1,Sí,1 a 2
1170,Centro,59,853460.38,2,Sí,1 a 2
1171,Centro,59,2171577.66,1,Sí,1 a 2
1172,Centro,59,1190346.07,4,Sí,3 a 4
1173,Centro,59,224639.63,4,Sí,3 a 4
1174,Centro,59,647280.87,4,Sí,3 a 4
1175,Centro,59,315327.19,6,Sí,5 o más
1176,Centro,59,305022.52,4,Sí,3 a 4
1177,Centro,59,568469.75,5,Sí,5 o más
1178,Centro,59,1651400.87,1,Sí,1 a 2
1179,Centro,59,765475.27,4,Sí,3 a 4
1180,Centro,59,1202633.07,2,Sí,1 a 2
1181,Centro,60,662055.42,4,Sí,3 a 4
1182,Centro,60,967797.23,3,Sí,3 a 4
1183,Centro,60,386884.52,5,Sí,5 o más
1184,Centro,60,555750.32,4,Sí,3 a 4
1185,Centro,60,1284386.30,3,Sí,3 a 4
1186,Centro,60,327507.08,3,Sí,3 a 4
1187,Centro,60,361382.51,3,Sí,3 a 4
1188,Centro,60,325047.78,3,Sí,3 a 4
1189,Centro,60,179682.88,2,Sí,1 a 2
1190,Centro,60,373249.01,4,Sí,3 a 4
1191,Centro,60,209384.23,2,Sí,1 a 2
1192,Centro,60,658496.54,4,Sí,3 a 4
1193,Centro,60,596808.00,4,Sí,3 a 4
1194,Centro,60,806700.60,3,Sí,3 a 4
1195,Centro,60,520943.91,6,Sí,5 o más
1196,Centro,60,320590.40,3,Sí,3 a 4
1197,Centro,60,433891.28,3,Sí,3 a 4
1198,Centro,60,369799.12,2,Sí,1 a 2
1199,Centro,60,714309.05,3,Sí,3 a 4
1200,Centro,60,941293.99,1,Sí,1 a 2
1201,Centro,61,420986.34,2,Sí,1 a 2
1202,Centro,61,248943.42,4,Sí,3 a 4
1203,Centro,61,489854.64,4,Sí,3 a 4
1204,Centro,61,237533.94,4,Sí,3 a 4
1205,Centro,61,1094862.68,1,Sí,1 a 2
1206,Centro,61,1000308.14,3,Sí,3 a 4
1207,Centro,61,289379.97,6,Sí,5 o más
1208,Centro,61,119224.12,1,Sí,1 a 2
1209,Centro,61,470920.49,5,Sí,5 o más
1210,Centro,61,437558.97,3,No,3 a 4
1211,Centro,61,330371.92,7,Sí,5 o más
1212,Centro,61,456670.99,4,Sí,3 a 4
1213,Centro,61,282174.68,1,Sí,1 a 2
1214,Centro,61,393819.55,3,Sí,3 a 4
1215,Centro,61,412608.27,2,Sí,1 a 2
1216,Centro,61,612978.22,5,Sí,5 o más
1217,Centro,61,410227.49,2,Sí,1 a 2
1218,Centro,61,433582.31,4,Sí,3 a 4
1219,Centro,61,232953.64,3,Sí,3 a 4
1220,Centro,61,610591.78,2,Sí,1 a 2
1221,Centro,62,544369.43,6,Sí,5 o más
1222,Centro,62,300065.13,2,Sí,1 a 2
1223,Centro,62,386895.31,6,Sí,5 o más
1224,Centro,62,195299.54,4,Sí,3 a 4
1225,Centro,62,484007.90,2,Sí,1 a 2
1226,Centro,62,1197770.63,1,Sí,1 a 2
1227,Centro,62,703345.20,3,Sí,3 a 4
1228,Centro,62,793996.39,3,Sí,3 a 4
1229,Centro,62,312534.19,3,No,3 a 4
1230,Centro,62,896016.60,1,Sí,1 a 2
1231,Centro,62,622958.97,2,Sí,1 a 2
1232,Centro,62,914798.34,3,Sí,3 a 4
1233,Centro,62,533098.10,2,Sí,1 a 2
1234,Centro,62,488791.15,3,Sí,3 a 4
1235,Centro,62,241080.80,4,Sí,3 a 4
1236,Centro,62,441268.13,1,Sí,1 a 2
1237,Centro,62,615083.23,1,Sí,1 a 2
1238,Centro,62,757230.44,5,Sí,5 o más
1239,Centro,62,565038.71,4,Sí,3 a 4
1240,Centro,62,518971.95,1,No,1 a 2
1241,Centro,63,563661.44,2,Sí,1 a 2
1242,Centro,63,202483.55,3,No,3 a 4
1243,Centro,63,471247.67,3,Sí,3 a 4
1244,Centro,63,889895.01,6,Sí,5 o más
1245,Centro,63,2715928.04,3,Sí,3 a 4
1246,Centro,63,821617.29,1,Sí,1 a 2
1247,Centro,63,766042.54,2,Sí,1 a 2
1248,Centro,63,637638.43,2,No,1 a 2
1249,Centro,63,586643.97,6,Sí,5 o más
1250,Centro,63,295283.29,3,Sí,3 a 4
1251,Centro,63,602417.20,3,Sí,3 a 4
1252,Centro,63,567316.93,3,Sí,3 a 4
1253,Centro,63,466502.80,4,No,3 a 4
1254,Centro,63,407519.36,1,Sí,1 a 2
1255,Centro,63,648362.88,5,Sí,5 o más
1256,Centro,63,1279854.60,2,Sí,1 a 2
1257,Centro,63,346877.84,3,Sí,3 a 4
1258,Centro,63,366132.63,2,Sí,1 a 2
1259,Centro,63,287768.91,4,Sí,3 a 4
1260,Centro,63,552688.56,2,Sí,1 a 2
1261,Centro,64,553883.26,1,Sí,1 a 2
1262,Centro,64,298733.50,3,Sí,3 a 4
1263,Centro,64,931779.92,4,Sí,3 a 4
1264,Centro,64,1008287.71,3,Sí,3 a 4
1265,Centro,64,332580.07,8,Sí,5 o más
1266,Centro,64,561899.62,7,Sí,5 o más
1267,Centro,64,750285.98,2,Sí,1 a 2
1268,Centro,64,526394.44,4,Sí,3 a 4
1269,Centro,64,980245.98,4,No,3 a 4
1270,Centro,64,474647.10,2,Sí,1 a 2
1271,Centro,64,833593.42,3,Sí,3 a 4
1272,Centro,64,795728.55,4,Sí,3 a 4
1273,Centro,64,500180.98,5,Sí,5 o más
1274,Centro,64,435597.01,2,Sí,1 a 2
1275,Centro,64,885079.26,5,Sí,5 o más
1276,Centro,64,323662.45,3,Sí,3 a 4
1277,Centro,64,1144302.26,2,Sí,1 a 2
1278,Centro,64,693449.33,3,Sí,3 a 4
1279,Centro,64,1218076.58,5,Sí,5 o más
1280,Centro,64,2417765.82,1,Sí,1 a 2
1281,Centro,65,178282.18,2,No,1 a 2
1282,Centro,65,225335.70,1,Sí,1 a 2
1283,Centro,65,563149.40,2,Sí,1 a 2
1284,Centro,65,172877.75,5,Sí,5 o más
1285,Centro,65,193673.45,4,Sí,3 a 4
1286,Centro,65,1275740.40,8,Sí,5 o más
1287,Centro,65,212902.72,5,Sí,5 o más
1288,Centro,65,680107.74,2,Sí,1 a 2
1289,Centro,65,396802.85,4,Sí,3 a 4
1290,Centro,65,242869.81,3,No,3 a 4
1291,Centro,65,296994.36,1,Sí,1 a 2
1292,Centro,65,173129.51,1,Sí,1 a 2
1293,Centro,65,235107.12,3,Sí,3 a 4
1294,Centro,65,500380.59,4,Sí,3 a 4
1295,Centro,65,279244.93,2,No,1 a 2
1296,Centro,65,213275.00,4,Sí,3 a 4
1297,Centro,65,224369.45,4,Sí,3 a 4
1298,Centro,65,600622.80,1,Sí,1 a 2
1299,Centro,65,238429.64,3,Sí,3 a 4
1300,Centro,65,316679.06,2,Sí,1 a 2
1301,Centro,66,1295520.97,3,Sí,3 a 4
1302,Centro,66,533488.19,4,Sí,3 a 4
1303,Centro,66,421180.25,6,No,5 o más
1304,Centro,66,468061.74,5,Sí,5 o más
1305,Centro,66,726625.90,2,Sí,1 a 2
1306,Centro,66,464353.17,3,Sí,3 a 4
1307,Centro,66,547124.58,4,Sí,3 a 4
1308,Centro,66,901465.50,3,No,3 a 4
1309,Centro,66,469930.95,6,Sí,5 o más
1310,Centro,66,785053.13,1,No,1 a 2
1311,Centro,66,577569.29,3,Sí,3 a 4
1312,Centro,66,914973.38,1,Sí,1 a 2
1313,Centro,66,357756.90,4,Sí,3 a 4
1314,Centro,66,275526.56,4,Sí,3 a 4
1315,Centro,66,626581.16,2,Sí,1 a 2
1316,Centro,66,379852.28,6,Sí,5 o más
1317,Centro,66,289712.91,2,Sí,1 a 2
1318,Centro,66,799553.16,5,Sí,5 o más
1319,Centro,66,442936.30,5,Sí,5 o más
1320,Centro,66,564106.13,4,Sí,3 a 4
1321,Centro,67,362092.54,3,No,3 a 4
1322,Centro,67,159260.42,2,Sí,1 a 2
1323,Centro,67,1235923.80,1,Sí,1 a 2
1324,Centro,67,243637.77,3,Sí,3 a 4
1325,Centro,67,376287.72,4,Sí,3 a 4
1326,Centro,67,653858.88,3,Sí,3 a 4
1327,Centro,67,1219308.45,1,Sí,1 a 2
1328,Centro,67,801604.42,2,Sí,1 a 2
1329,Centro,67,531983.40,3,Sí,3 a 4
1330,Centro,67,257242.14,2,Sí,1 a 2
1331,Centro,67,1405621.72,5,Sí,5 o más
1332,Centro,67,314811.90,4,Sí,3 a 4
1333,Centro,67,132074.62,1,No,1 a 2
1334,Centro,67,578187.51,2,Sí,1 a 2
1335,Centro,67,154066.06,3,No,3 a 4
1336,Centro,67,819729.66,6,No,5 o más
1337,Centro,67,745367.05,4,No,3 a 4
1338,Centro,67,436248.11,2,Sí,1 a 2
1339,Centro,67,397835.12,3,Sí,3 a 4
1340,Centro,67,1711216.49,3,Sí,3 a 4
1341,Centro,68,352691.91,5,Sí,5 o más
1342,Centro,68,990246.60,1,Sí,1 a 2
1343,Centro,68,404229.73,1,Sí,1 a 2
1344,Centro,68,2119618.33,4,Sí,3 a 4
1345,Centro,68,961719.97,3,Sí,3 a 4
1346,Centro,68,954430.33,3,Sí,3 a 4
1347,Centro,68,444572.70,3,Sí,3 a 4
1348,Centro,68,1211228.29,5,Sí,5 o más
1349,Centro,68,1372225.18,5,Sí,5 o más
1350,Centro,68,1124800.90,2,Sí,1 a 2
1351,Centro,68,689213.55,3,Sí,3 a 4
1352,Centro,68,1184335.86,2,Sí,1 a 2
1353,Centro,68,1378559.33,3,Sí,3 a 4
1354,Centro,68,778560.67,2,Sí,1 a 2
1355,Centro,68,610679.81,1,Sí,1 a 2
1356,Centro,68,694771.57,1,Sí,1 a 2
1357,Centro,68,1577150.40,3,Sí,3 a 4
1358,Centro,68,426948.18,2,Sí,1 a 2
1359,Centro,68,2445608.01,2,Sí,1 a 2
1360,Centro,68,742597.88,4,Sí,3 a 4
1361,Centro,69,434238.39,2,Sí,1 a 2
1362,Centro,69,381942.09,6,No,5 o más
1363,Centro,69,374578.97,4,Sí,3 a 4
1364,Centro,69,927211.49,4,Sí,3 a 4
1365,Centro,69,1018354.80,5,No,5 o más
1366,Centro,69,1087079.01,1,Sí,1 a 2
1367,Centro,69,459794.19,3,Sí,3 a 4
1368,Centro,69,270306.00,4,Sí,3 a 4
1369,Centro,69,124913.45,5,Sí,5 o más
1370,Centro,69,383626.05,1,No,1 a 2
1371,Centro,69,342074.15,2,No,1 a 2
1372,Centro,69,538496.52,3,No,3 a 4
1373,Centro,69,239151.49,6,Sí,5 o más
1374,Centro,69,553819.07,4,No,3 a 4
1375,Centro,69,851771.40,1,Sí,1 a 2
1376,Centro,69,479194.80,5,Sí,5 o más
1377,Centro,69,452030.18,2,No,1 a 2
1378,Centro,69,209249.76,3,Sí,3 a 4
1379,Centro,69,261026.46,4,Sí,3 a 4
1380,Centro,69,272715.38,6,Sí,5 o más
1381,Centro,70,1003049.39,1,Sí,1 a 2
1382,Centro,70,415161.42,1,Sí,1 a 2
1383,Centro,70,1132358.20,3,Sí,3 a 4
1384,Centro,70,817900.72,2,Sí,1 a 2
1385,Centro,70,1443606.25,1,Sí,1 a 2
1386,Centro,70,224876.39,3,Sí,3 a 4
1387,Centro,70,623255.60,2,Sí,1 a 2
1388,Centro,70,490041.88,1,Sí,1 a 2
1389,Centro,70,386281.98,4,Sí,3 a 4
1390,Centro,70,1354645.28,3,Sí,3 a 4
1391,Centro,70,1198682.45,3,Sí,3 a 4
1392,Centro,70,446610.14,5,Sí,5 o más
1393,Centro,70,366546.25,4,No,3 a 4
1394,Centro,70,212141.86,2,No,1 a 2
1395,Centro,70,194697.73,4,Sí,3 a 4
1396,Centro,70,1279250.06,1,Sí,1 a 2
1397,Centro,70,375986.76,3,Sí,3 a 4
1398,Centro,70,303191.54,4,Sí,3 a 4
1399,Centro,70,251292.61,6,Sí,5 o más
1400,Centro,70,745002.04,3,Sí,3 a 4
1401,Centro,71,263862.65,1,No,1 a 2
1402,Centro,71,726708.81,1,Sí,1 a 2
1403,Centro,71,247762.83,2,Sí,1 a 2
1404,Centro,71,1097299.82,3,No,3 a 4
1405,Centro,71,373661.78,4,No,3 a 4
1406,Centro,71,553008.94,1,Sí,1 a 2
1407,Centro,71,449333.34,5,Sí,5 o más
1408,Centro,71,648532.30,7,Sí,5 o más
1409,Centro,71,644101.71,3,Sí,3 a 4
1410,Centro,71,559451.22,1,Sí,1 a 2
1411,Centro,71,1006889.66,4,Sí,3 a 4
1412,Centro,71,519655.74,5,Sí,5 o más
1413,Centro,71,216628.19,1,Sí,1 a 2
1414,Centro,71,446588.08,4,Sí,3 a 4
1415,Centro,71,138665.92,1,Sí,1 a 2
1416,Centro,71,270968.02,4,Sí,3 a 4
1417,Centro,71,423538.51,3,Sí,3 a 4
1418,Centro,71,692375.16,4,No,3 a 4
1419,Centro,71,282651.80,3,Sí,3 a 4
1420,Centro,71,168913.15,5,No,5 o más
1421,Centro,72,1284256.47,3,Sí,3 a 4
1422,Centro,72,500588.09,1,Sí,1 a 2
1423,Centro,72,439877.59,7,Sí,5 o más
1424,Centro,72,461033.54,4,Sí,3 a 4
1425,Centro,72,795810.95,3,Sí,3 a 4
1426,Centro,72,611026.87,3,Sí,3 a 4
1427,Centro,72,1265776.81,2,Sí,1 a 2
1428,Centro,72,1769231.54,1,Sí,1 a 2
1429,Centro,72,743678.85,4,Sí,3 a 4
1430,Centro,72,603897.52,4,Sí,3 a 4
1431,Centro,72,666723.43,6,Sí,5 o más
1432,Centro,72,527339.55,4,Sí,3 a 4
1433,Centro,72,664315.67,1,Sí,1 a 2
1434,Centro,72,1008418.01,4,Sí,3 a 4
1435,Centro,72,585036.41,2,Sí,1 a 2
1436,Centro,72,396838.53,4,Sí,3 a 4
1437,Centro,72,812191.51,6,Sí,5 o más
1438,Centro,72,223733.89,3,Sí,3 a 4
1439,Centro,72,287724.02,3,Sí,3 a 4
1440,Centro,72,476764.39,1,Sí,1 a 2
1441,Centro,73,1404767.15,1,Sí,1 a 2
1442,Centro,73,1041250.42,3,Sí,3 a 4
1443,Centro,73,452119.84,1,Sí,1 a 2
1444,Centro,73,1002604.51,2,Sí,1 a 2
1445,Centro,73,291795.46,4,Sí,3 a 4
1446,Centro,73,715672.32,2,Sí,1 a 2
1447,Centro,73,620008.66,2,Sí,1 a 2
1448,Centro,73,1926415.95,5,Sí,5 o más
1449,Centro,73,209545.27,5,Sí,5 o más
1450,Centro,73,545461.29,3,Sí,3 a 4
1451,Centro,73,585019.47,5,Sí,5 o más
1452,Centro,73,523292.29,1,Sí,1 a 2
1453,Centro,73,1391181.41,4,Sí,3 a 4
1454,Centro,73,353210.58,2,Sí,1 a 2
1455,Centro,73,852593.70,2,Sí,1 a 2
1456,Centro,73,358712.77,4,Sí,3 a 4
1457,Centro,73,580634.63,1,Sí,1 a 2
1458,Centro,73,608370.18,1,Sí,1 a 2
1459,Centro,73,1346027.17,4,Sí,3 a 4
1460,Centro,73,571488.27,1,Sí,1 a 2
1461,Centro,74,319591.58,3,Sí,3 a 4
1462,Centro,74,306197.42,5,Sí,5 o más
1463,Centro,74,577442.02,1,Sí,1 a 2
1464,Centro,74,327282.51,3,Sí,3 a 4
1465,Centro,74,277200.51,3,Sí,3 a 4
1466,Centro,74,146723.89,2,Sí,1 a 2
1467,Centro,74,157218.75,4,Sí,3 a 4
1468,Centro,74,910654.11,1,Sí,1 a 2
1469,Centro,74,363364.13,4,Sí,3 a 4
1470,Centro,74,385925.92,2,Sí,1 a 2
1471,Centro,74,440799.29,4,Sí,3 a 4
1472,Centro,74,375605.45,3,Sí,3 a 4
1473,Centro,74,215453.96,6,Sí,5 o más
1474,Centro,74,611138.65,5,Sí,5 o más
1475,Centro,74,374165.29,6,Sí,5 o más
1476,Centro,74,229567.02,5,Sí,5 o más
1477,Centro,74,299169.90,6,Sí,5 o más
1478,Centro,74,342938.52,2,Sí,1 a 2
1479,Centro,74,503133.36,3,Sí,3 a 4
1480,Centro,74,223313.41,5,Sí,5 o más
1481,Centro,75,894869.41,2,Sí,1 a 2
1482,Centro,75,599181.43,5,Sí,5 o más
1483,Centro,75,1526690.07,5,Sí,5 o más
1484,Centro,75,1584090.03,1,Sí,1 a 2
1485,Centro,75,844031.96,3,Sí,3 a 4
1486,Centro,75,788303.44,3,Sí,3 a 4
1487,Centro,75,976514.82,9,Sí,5 o más
1488,Centro,75,616596.83,2,Sí,1 a 2
1489,Centro,75,689522.64,3,Sí,3 a 4
1490,Centro,75,497166.42,3,Sí,3 a 4
1491,Centro,75,721269.15,7,Sí,5 o más
1492,Centro,75,1025272.49,3,Sí,3 a 4
1493,Centro,75,2131897.83,5,Sí,5 o más
1494,Centro,75,875789.09,3,Sí,3 a 4
1495,Centro,75,1281292.05,3,Sí,3 a 4
1496,Centro,75,979586.18,2,Sí,1 a 2
1497,Centro,75,788837.76,4,Sí,3 a 4
1498,Centro,75,384287.73,4,Sí,3 a 4
1499,Centro,75,668036.99,2,Sí,1 a 2
1500,Centro,75,529117.07,3,Sí,3 a 4
1501,Centro,76,710014.23,1,Sí,1 a 2
1502,Centro,76,398449.32,3,Sí,3 a 4
1503,Centro,76,330294.66,3,Sí,3 a 4
1504,Centro,76,289789.65,1,Sí,1 a 2
1505,Centro,76,2727866.90,5,Sí,5 o más
1506,Centro,76,673863.65,3,Sí,3 a 4
1507,Centro,76,782080.60,2,Sí,1 a 2
1508,Centro,76,526393.17,1,Sí,1 a 2
1509,Centro,76,440795.60,4,Sí,3 a 4
1510,Centro,76,760661.50,3,Sí,3 a 4
1511,Centro,76,1091607.06,1,Sí,1 a 2
1512,Centro,76,932708.40,1,Sí,1 a 2
1513,Centro,76,745834.68,6,Sí,5 o más
1514,Centro,76,576872.98,1,Sí,1 a 2
1515,Centro,76,2192997.57,4,Sí,3 a 4
1516,Centro,76,516924.33,5,Sí,5 o más
1517,Centro,76,508510.38,2,Sí,1 a 2
1518,Centro,76,834866.95,1,Sí,1 a 2
1519,Centro,76,353606.50,2,Sí,1 a 2
1520,Centro,76,1029166.57,3,Sí,3 a 4
1521,Centro,77,461252.68,4,Sí,3 a 4
1522,Centro,77,690887.52,3,Sí,3 a 4
1523,Centro,77,1071824.85,2,Sí,1 a 2
1524,Centro,77,566918.12,4,No,3 a 4
1525,Centro,77,641072.61,6,Sí,5 o más
1526,Centro,77,591871.17,5,Sí,5 o más
1527,Centro,77,644420.32,1,Sí,1 a 2
1528,Centro,77,212598.27,2,Sí,1 a 2
1529,Centro,77,501195.92,3,Sí,3 a 4
1530,Centro,77,795446.09,1,Sí,1 a 2
1531,Centro,77,533251.51,7,Sí,5 o más
1532,Centro,77,516653.49,4,Sí,3 a 4
1533,Centro,77,311626.00,3,Sí,3 a 4
1534,Centro,77,1051926.66,4,Sí,3 a 4
1535,Centro,77,322750.34,2,Sí,1 a 2
1536,Centro,77,337650.71,4,Sí,3 a 4
1537,Centro,77,213805.41,5,Sí,5 o más
1538,Centro,77,360014.28,3,Sí,3 a 4
1539,Centro,77,970557.77,4,Sí,3 a 4
1540,Centro,77,1072804.97,2,Sí,1 a 2
1541,Centro,78,1227994.04,3,Sí,3 a 4
1542,Centro,78,298562.62,6,Sí,5 o más
1543,Centro,78,990697.48,1,Sí,1 a 2
1544,Centro,78,632887.74,2,No,1 a 2
1545,Centro,78,222899.24,1,Sí,1 a 2
1546,Centro,78,1549521.23,4,Sí,3 a 4
1547,Centro,78,661574.94,1,No,1 a 2
1548,Centro,78,397962.58,4,Sí,3 a 4
1549,Centro,78,446218.65,4,Sí,3 a 4
1550,Centro,78,939624.52,6,Sí,5 o más
1551,Centro,78,1229922.64,4,Sí,3 a 4
1552,Centro,78,354316.13,4,Sí,3 a 4
1553,Centro,78,719865.89,2,Sí,1 a 2
1554,Centro,78,718234.37,1,Sí,1 a 2
1555,Centro,78,410099.09,3,Sí,3 a 4
1556,Centro,78,753193.53,5,Sí,5 o más
1557,Centro,78,463542.71,7,Sí,5 o más
1558,Centro,78,869778.85,1,Sí,1 a 2
1559,Centro,78,1000264.51,3,Sí,3 a 4
1560,Centro,78,492205.49,4,Sí,3 a 4
1561,Centro,79,1266100.70,5,Sí,5 o más
1562,Centro,79,298236.93,1,Sí,1 a 2
1563,Centro,79,1536703.35,1,Sí,1 a 2
1564,Centro,79,388875.66,5,Sí,5 o más
1565,Centro,79,1056985.88,3,Sí,3 a 4
1566,Centro,79,1829760.77,1,Sí,1 a 2
1567,Centro,79,1304261.80,2,Sí,1 a 2
1568,Centro,79,461561.64,3,Sí,3 a 4
1569,Centro,79,291655.14,2,Sí,1 a 2
1570,Centro,79,1175418.52,5,Sí,5 o más
1571,Centro,79,240365.95,3,Sí,3 a 4
1572,Centro,79,712993.99,1,Sí,1 a 2
1573,Centro,79,794466.47,1,Sí,1 a 2
1574,Centro,79,1963605.99,6,Sí,5 o más
1575,Centro,79,1257274.36,2,Sí,1 a 2
1576,Centro,79,748969.49,5,Sí,5 o más
1577,Centro,79,219930.83,3,Sí,3 a 4
1578,Centro,79,728242.86,3,Sí,3 a 4
1579,Centro,79,520733.21,4,Sí,3 a 4
1580,Centro,79,418914.06,4,Sí,3 a 4
1581,Centro,80,477923.98,6,Sí,5 o más
1582,Centro,80,245149.93,2,Sí,1 a 2
1583,Centro,80,341791.21,5,Sí,5 o más
1584,Centro,80,350722.82,3,No,3 a 4
1585,Centro,80,631144.27,3,No,3 a 4
1586,Centro,80,543963.95,4,Sí,3 a 4
1587,Centro,80,639261.09,1,Sí,1 a 2
1588,Centro,80,433714.11,5,Sí,5 o más
1589,Centro,80,437611.64,5,Sí,5 o más
1590,Centro,80,323042.49,3,Sí,3 a 4
1591,Centro,80,347722.44,2,Sí,1 a 2
1592,Centro,80,418862.05,5,No,5 o más
1593,Centro,80,392758.62,1,Sí,1 a 2
1594,Centro,80,454927.39,5,Sí,5 o más
1595,Centro,80,252625.02,2,Sí,1 a 2
1596,Centro,80,573118.38,2,Sí,1 a 2
1597,Centro,80,151830.65,4,Sí,3 a 4
1598,Centro,80,200882.32,3,No,3 a 4
1599,Centro,80,233922.26,1,No,1 a 2
1600,Centro,80,361964.33,3,Sí,3 a 4
1601,Este,81,533001.47,3,Sí,3 a 4
1602,Este,81,360324.51,1,No,1 a 2
1603,Este,81,373466.01,5,No,5 o más
1604,Este,81,189194.63,1,No,1 a 2
1605,Este,81,361080.24,2,Sí,1 a 2
1606,Este,81,368491.95,4,No,3 a 4
1607,Este,81,137704.66,7,Sí,5 o más
1608,Este,81,390629.85,5,Sí,5 o más
1609,Este,81,190983.39,1,Sí,1 a 2
1610,Este,81,323762.94,3,Sí,3 a 4
1611,Este,81,978409.01,5,No,5 o más
1612,Este,81,347218.80,4,Sí,3 a 4
1613,Este,81,242567.06,5,No,5 o más
1614,Este,81,423274.62,4,Sí,3 a 4
1615,Este,81,683058.21,1,Sí,1 a 2
1616,Este,81,202488.72,4,Sí,3 a 4
1617,Este,81,297912.71,3,Sí,3 a 4
1618,Este,81,275127.43,3,No,3 a 4
1619,Este,81,402683.61,3,Sí,3 a 4
1620,Este,81,235178.61,3,Sí,3 a 4
1621,Este,82,773694.51,5,No,5 o más
1622,Este,82,258651.11,1,Sí,1 a 2
1623,Este,82,345711.45,4,Sí,3 a 4
1624,Este,82,1042624.20,3,Sí,3 a 4
1625,Este,82,391131.10,5,Sí,5 o más
1626,Este,82,399717.71,1,Sí,1 a 2
1627,Este,82,209021.25,2,No,1 a 2
1628,Este,82,730648.17,3,Sí,3 a 4
1629,Este,82,431441.09,5,Sí,5 o más
1630,Este,82,850155.45,2,Sí,1 a 2
1631,Este,82,383041.31,4,No,3 a 4
1632,Este,82,291635.92,1,Sí,1 a 2
1633,Este,82,468876.80,6,Sí,5 o más
1634,Este,82,483281.03,1,Sí,1 a 2
1635,Este,82,1032780.23,4,Sí,3 a 4
1636,Este,82,329751.13,2,Sí,1 a 2
1637,Este,82,479392.55,5,Sí,5 o más
1638,Este,82,516746.73,3,Sí,3 a 4
1639,Este,82,1680371.21,3,Sí,3 a 4
1640,Este,82,502866.54,1,Sí,1 a 2
1641,Este,83,421742.18,5,Sí,5 o más
1642,Este,83,552768.16,1,Sí,1 a 2
1643,Este,83,147232.46,1,Sí,1 a 2
1644,Este,83,1744282.62,2,Sí,1 a 2
1645,Este,83,230769.81,5,Sí,5 o más
1646,Este,83,204334.73,4,Sí,3 a 4
1647,Este,83,155629.22,4,Sí,3 a 4
1648,Este,83,357189.83,3,Sí,3 a 4
1649,Este,83,909542.80,4,Sí,3 a 4
1650,Este,83,493233.73,4,No,3 a 4
1651,Este,83,950357.19,5,Sí,5 o más
1652,Este,83,398639.01,3,Sí,3 a 4
1653,Este,83,1713146.40,2,Sí,1 a 2
1654,Este,83,1043048.08,3,Sí,3 a 4
1655,Este,83,359850.88,2,Sí,1 a 2
1656,Este,83,1448836.60,2,Sí,1 a 2
1657,Este,83,246794.15,4,Sí,3 a 4
1658,Este,83,696846.47,2,Sí,1 a 2
1659,Este,83,520100.55,4,Sí,3 a 4
1660,Este,83,374197.88,4,Sí,3 a 4
1661,Este,84,131205.06,3,Sí,3 a 4
1662,Este,84,318314.65,3,Sí,3 a 4
1663,Este,84,383874.10,5,Sí,5 o más
1664,Este,84,325591.99,2,Sí,1 a 2
1665,Este,84,466063.16,4,Sí,3 a 4
1666,Este,84,193107.96,3,Sí,3 a 4
1667,Este,84,125861.23,5,Sí,5 o más
1668,Este,84,487212.46,2,Sí,1 a 2
1669,Este,84,417564.54,1,Sí,1 a 2
1670,Este,84,444530.17,3,Sí,3 a 4
1671,Este,84,144888.15,4,No,3 a 4
1672,Este,84,640980.37,5,Sí,5 o más
1673,Este,84,169266.34,3,Sí,3 a 4
1674,Este,84,486381.59,3,No,3 a 4
1675,Este,84,462550.75,2,Sí,1 a 2
1676,Este,84,439236.11,2,Sí,1 a 2
1677,Este,84,500845.99,5,No,5 o más
1678,Este,84,276010.22,3,No,3 a 4
1679,Este,84,280838.14,5,Sí,5 o más
1680,Este,84,387029.01,7,Sí,5 o más
1681,Este,85,656485.43,2,Sí,1 a 2
1682,Este,85,227857.15,1,Sí,1 a 2
1683,Este,85,437908.10,3,Sí,3 a 4
1684,Este,85,394952.97,2,Sí,1 a 2
1685,Este,85,1373411.67,1,Sí,1 a 2
1686,Este,85,388502.55,4,Sí,3 a 4
1687,Este,85,862291.94,3,Sí,3 a 4
1688,Este,85,271998.14,4,Sí,3 a 4
1689,Este,85,227297.09,3,Sí,3 a 4
1690,Este,85,355352.66,4,Sí,3 a 4
1691,Este,85,193561.98,3,No,3 a 4
1692,Este,85,259568.82,3,Sí,3 a 4
1693,Este,85,155978.17,2,Sí,1 a 2
1694,Este,85,133810.51,5,Sí,5 o más
1695,Este,85,1145344.69,1,No,1 a 2
1696,Este,85,507502.89,5,Sí,5 o más
1697,Este,85,134840.52,6,No,5 o más
1698,Este,85,216746.36,4,No,3 a 4
1699,Este,85,402155.60,3,Sí,3 a 4
1700,Este,85,450798.29,2,Sí,1 a 2
1701,Este,86,750728.61,5,Sí,5 o más
1702,Este,86,539582.66,2,Sí,1 a 2
1703,Este,86,479532.13,3,Sí,3 a 4
1704,Este,86,978698.88,3,Sí,3 a 4
1705,Este,86,803091.24,6,Sí,5 o más
1706,Este,86,646262.46,3,Sí,3 a 4
1707,Este,86,613609.95,4,Sí,3 a 4
1708,Este,86,865264.47,4,Sí,3 a 4
1709,Este,86,422053.29,2,Sí,1 a 2
1710,Este,86,1281748.52,4,No,3 a 4
1711,Este,86,854092.75,4,Sí,3 a 4
1712,Este,86,919549.24,1,Sí,1 a 2
1713,Este,86,701574.66,4,Sí,3 a 4
1714,Este,86,935402.10,5,Sí,5 o más
1715,Este,86,756562.73,7,Sí,5 o más
1716,Este,86,2226909.69,4,Sí,3 a 4
1717,Este,86,920676.56,4,Sí,3 a 4
1718,Este,86,580992.31,3,Sí,3 a 4
1719,Este,86,336996.19,6,Sí,5 o más
1720,Este,86,752105.30,5,Sí,5 o más
1721,Este,87,240461.57,1,No,1 a 2
1722,Este,87,255357.85,1,Sí,1 a 2
1723,Este,87,240129.80,5,Sí,5 o más
1724,Este,87,515516.28,5,No,5 o más
1725,Este,87,289423.45,5,Sí,5 o más
1726,Este,87,258035.15,1,Sí,1 a 2
1727,Este,87,407880.75,3,Sí,3 a 4
1728,Este,87,605441.54,2,Sí,1 a 2
1729,Este,87,182487.50,1,No,1 a 2
1730,Este,87,320436.56,2,Sí,1 a 2
1731,Este,87,468488.18,5,No,5 o más
1732,Este,87,435035.78,3,Sí,3 a 4
1733,Este,87,438568.25,4,Sí,3 a 4
1734,Este,87,221414.65,3,Sí,3 a 4
1735,Este,87,188157.14,5,No,5 o más
1736,Este,87,247425.35,1,No,1 a 2
1737,Este,87,150390.76,4,Sí,3 a 4
1738,Este,87,456816.41,1,No,1 a 2
1739,Este,87,221893.28,3,Sí,3 a 4
1740,Este,87,305114.21,3,No,3 a 4
1741,Este,88,544229.93,6,Sí,5 o más
1742,Este,88,436968.61,2,Sí,1 a 2
1743,Este,88,268099.89,2,Sí,1 a 2
1744,Este,88,462982.08,4,Sí,3 a 4
1745,Este,88,153021.90,3,Sí,3 a 4
1746,Este,88,373935.04,1,Sí,1 a 2
1747,Este,88,452472.29,7,Sí,5 o más
1748,Este,88,841130.08,3,No,3 a 4
1749,Este,88,483074.63,4,Sí,3 a 4
1750,Este,88,817227.80,5,Sí,5 o más
1751,Este,88,1351264.87,3,Sí,3 a 4
1752,Este,88,505442.02,3,Sí,3 a 4
1753,Este,88,1613635.12,5,Sí,5 o más
1754,Este,88,2118920.16,7,Sí,5 o más
1755,Este,88,417163.39,3,Sí,3 a 4
1756,Este,88,1641215.24,3,Sí,3 a 4
1757,Este,88,201303.07,4,Sí,3 a 4
1758,Este,88,1264077.66,3,Sí,3 a 4
1759,Este,88,553303.33,3,Sí,3 a 4
1760,Este,88,375225.65,4,Sí,3 a 4
1761,Este,89,352193.57,3,Sí,3 a 4
1762,Este,89,1162405.46,4,Sí,3 a 4
1763,Este,89,498618.00,4,Sí,3 a 4
1764,Este,89,205843.40,5,No,5 o más
1765,Este,89,298772.82,5,No,5 o más
1766,Este,89,266451.33,6,Sí,5 o más
1767,Este,89,166820.97,6,Sí,5 o más
1768,Este,89,885273.74,4,No,3 a 4
1769,Este,89,243430.74,3,Sí,3 a 4
1770,Este,89,479602.35,1,Sí,1 a 2
1771,Este,89,163913.38,5,Sí,5 o más
1772,Este,89,2057660.36,2,Sí,1 a 2
1773,Este,89,594068.56,2,No,1 a 2
1774,Este,89,477120.49,1,Sí,1 a 2
1775,Este,89,724062.05,4,Sí,3 a 4
1776,Este,89,367470.19,4,Sí,3 a 4
1777,Este,89,735962.38,3,Sí,3 a 4
1778,Este,89,257004.67,1,No,1 a 2
1779,Este,89,390629.34,4,Sí,3 a 4
1780,Este,89,547315.81,2,Sí,1 a 2
1781,Este,90,414225.27,2,Sí,1 a 2
1782,Este,90,286786.72,3,No,3 a 4
1783,Este,90,695909.14,4,Sí,3 a 4
1784,Este,90,904924.68,2,No,1 a 2
1785,Este,90,108926.36,4,No,3 a 4
1786,Este,90,196032.95,8,Sí,5 o más
1787,Este,90,425849.12,2,Sí,1 a 2
1788,Este,90,388374.42,3,Sí,3 a 4
1789,Este,90,200399.99,1,Sí,1 a 2
1790,Este,90,128137.39,5,Sí,5 o más
1791,Este,90,517299.01,4,Sí,3 a 4
1792,Este,90,658212.46,3,Sí,3 a 4
1793,Este,90,255633.44,4,No,3 a 4
1794,Este,90,373440.22,5,Sí,5 o más
1795,Este,90,192743.93,1,No,1 a 2
1796,Este,90,258738.16,4,No,3 a 4
1797,Este,90,61964.23,4,Sí,3 a 4
1798,Este,90,165248.88,1,No,1 a 2
1799,Este,90,310360.21,1,Sí,1 a 2
1800,Este,90,135479.37,1,No,1 a 2
1801,Este,91,464170.18,1,No,1 a 2
1802,Este,91,572829.34,7,No,5 o más
1803,Este,91,455663.68,4,No,3 a 4
1804,Este,91,479490.70,5,Sí,5 o más
1805,Este,91,968821.16,3,Sí,3 a 4
1806,Este,91,952747.33,4,No,3 a 4
1807,Este,91,264838.20,3,Sí,3 a 4
1808,Este,91,416467.41,1,Sí,1 a 2
1809,Este,91,767753.00,2,Sí,1 a 2
1810,Este,91,321655.02,4,Sí,3 a 4
1811,Este,91,504505.63,3,Sí,3 a 4
1812,Este,91,360191.52,5,Sí,5 o más
1813,Este,91,254264.45,4,No,3 a 4
1814,Este,91,379589.08,2,Sí,1 a 2
1815,Este,91,576664.92,5,Sí,5 o más
1816,Este,91,1227059.68,1,Sí,1 a 2
1817,Este,91,1018353.78,2,Sí,1 a 2
1818,Este,91,341724.95,1,No,1 a 2
1819,Este,91,400818.01,2,Sí,1 a 2
1820,Este,91,306758.17,6,Sí,5 o más
1821,Este,92,80911.19,3,Sí,3 a 4
1822,Este,92,136411.64,5,No,5 o más
1823,Este,92,216418.36,2,No,1 a 2
1824,Este,92,207318.48,4,Sí,3 a 4
1825,Este,92,201895.34,5,No,5 o más
1826,Este,92,193175.28,4,Sí,3 a 4
1827,Este,92,563400.28,2,No,1 a 2
1828,Este,92,263169.13,3,Sí,3 a 4
1829,Este,92,296445.81,5,Sí,5 o más
1830,Este,92,199704.12,7,Sí,5 o más
1831,Este,92,327541.32,3,Sí,3 a 4
1832,Este,92,240071.83,2,No,1 a 2
1833,Este,92,220553.83,3,No,3 a 4
1834,Este,92,323307.30,2,Sí,1 a 2
1835,Este,92,172968.21,4,Sí,3 a 4
1836,Este,92,289693.91,4,No,3 a 4
1837,Este,92,587530.25,1,No,1 a 2
1838,Este,92,366148.19,2,No,1 a 2
1839,Este,92,83579.23,3,Sí,3 a 4
1840,Este,92,441316.90,6,No,5 o más
1841,Este,93,177765.68,2,Sí,1 a 2
1842,Este,93,135791.74,4,No,3 a 4
1843,Este,93,729498.02,2,Sí,1 a 2
1844,Este,93,132443.85,6,Sí,5 o más
1845,Este,93,388637.10,4,No,3 a 4
1846,Este,93,149688.81,4,Sí,3 a 4
1847,Este,93,229316.38,5,Sí,5 o más
1848,Este,93,301432.42,3,Sí,3 a 4
1849,Este,93,333208.90,1,No,1 a 2
1850,Este,93,356003.76,5,No,5 o más
1851,Este,93,180860.51,2,No,1 a 2
1852,Este,93,139836.81,3,No,3 a 4
1853,Este,93,260611.83,3,No,3 a 4
1854,Este,93,258804.90,4,No,3 a 4
1855,Este,93,261233.96,2,Sí,1 a 2
1856,Este,93,431914.67,5,Sí,5 o más
1857,Este,93,191749.82,3,Sí,3 a 4
1858,Este,93,233988.88,1,Sí,1 a 2
1859,Este,93,307496.33,4,Sí,3 a 4
1860,Este,93,211074.77,3,Sí,3 a 4
1861,Este,94,104218.45,5,No,5 o más
1862,Este,94,936069.05,3,No,3 a 4
1863,Este,94,74619.95,3,No,3 a 4
1864,Este,94,381796.44,2,No,1 a 2
1865,Este,94,158547.80,4,No,3 a 4
1866,Este,94,141476.19,3,Sí,3 a 4
1867,Este,94,349137.42,6,No,5 o más
1868,Este,94,138489.58,7,Sí,5 o más
1869,Este,94,224661.47,3,Sí,3 a 4
1870,Este,94,308576.44,3,Sí,3 a 4
1871,Este,94,211009.55,4,Sí,3 a 4
1872,Este,94,148556.84,2,No,1 a 2
1873,Este,94,129641.63,1,No,1 a 2
1874,Este,94,118382.44,2,Sí,1 a 2
1875,Este,94,123904.91,4,Sí,3 a 4
1876,Este,94,762057.59,5,Sí,5 o más
1877,Este,94,354711.30,1,Sí,1 a 2
1878,Este,94,86218.13,2,No,1 a 2
1879,Este,94,85360.07,5,No,5 o más
1880,Este,94,192738.51,3,No,3 a 4
1881,Este,95,299317.14,1,Sí,1 a 2
1882,Este,95,179045.25,3,Sí,3 a 4
1883,Este,95,568824.31,3,Sí,3 a 4
1884,Este,95,345416.58,3,Sí,3 a 4
1885,Este,95,580239.00,1,Sí,1 a 2
1886,Este,95,292685.61,2,Sí,1 a 2
1887,Este,95,584601.75,3,Sí,3 a 4
1888,Este,95,163672.42,5,Sí,5 o más
1889,Este,95,185424.14,3,Sí,3 a 4
1890,Este,95,172389.16,3,No,3 a 4
1891,Este,95,419697.63,1,Sí,1 a 2
1892,Este,95,345666.39,2,No,1 a 2
1893,Este,95,603914.00,7,No,5 o más
1894,Este,95,236128.62,3,Sí,3 a 4
1895,Este,95,151597.96,3,Sí,3 a 4
1896,Este,95,618805.33,3,Sí,3 a 4
1897,Este,95,449847.34,4,Sí,3 a 4
1898,Este,95,420388.03,4,No,3 a 4
1899,Este,95,637866.16,1,Sí,1 a 2
1900,Este,95,368020.54,4,Sí,3 a 4
1901,Este,96,253344.71,6,Sí,5 o más
1902,Este,96,525750.23,4,No,3 a 4
1903,Este,96,676011.59,6,No,5 o más
1904,Este,96,471441.20,4,Sí,3 a 4
1905,Este,96,429309.37,3,Sí,3 a 4
1906,Este,96,284881.74,1,No,1 a 2
1907,Este,96,583657.78,2,No,1 a 2
1908,Este,96,802407.50,2,Sí,1 a 2
1909,Este,96,586835.55,3,Sí,3 a 4
1910,Este,96,272699.62,1,Sí,1 a 2
1911,Este,96,226669.94,4,Sí,3 a 4
1912,Este,96,695456.45,2,Sí,1 a 2
1913,Este,96,474324.60,1,No,1 a 2
1914,Este,96,967319.23,3,No,3 a 4
1915,Este,96,129712.85,1,Sí,1 a 2
1916,Este,96,2106436.55,2,Sí,1 a 2
1917,Este,96,605739.57,5,Sí,5 o más
1918,Este,96,318613.05,5,Sí,5 o más
1919,Este,96,429522.80,3,Sí,3 a 4
1920,Este,96,930671.92,5,Sí,5 o más
1921,Este,97,587060.53,5,Sí,5 o más
1922,Este,97,1361822.61,2,Sí,1 a 2
1923,Este,97,671038.69,2,Sí,1 a 2
1924,Este,97,841251.80,6,Sí,5 o más
1925,Este,97,800877.19,4,Sí,3 a 4
1926,Este,97,661803.55,3,Sí,3 a 4
1927,Este,97,696862.63,4,Sí,3 a 4
1928,Este,97,686689.75,3,Sí,3 a 4
1929,Este,97,1597425.97,3,Sí,3 a 4
1930,Este,97,535266.94,5,Sí,5 o más
1931,Este,97,1366633.06,3,Sí,3 a 4
1932,Este,97,563808.51,4,Sí,3 a 4
1933,Este,97,922051.02,4,Sí,3 a 4
1934,Este,97,163619.30,6,Sí,5 o más
1935,Este,97,616462.56,1,Sí,1 a 2
1936,Este,97,1687750.52,1,Sí,1 a 2
1937,Este,97,426027.66,5,Sí,5 o más
1938,Este,97,288886.68,3,Sí,3 a 4
1939,Este,97,541344.03,1,Sí,1 a 2
1940,Este,97,325037.58,5,Sí,5 o más
1941,Este,98,670075.01,5,Sí,5 o más
1942,Este,98,543847.16,4,No,3 a 4
1943,Este,98,1061838.37,6,Sí,5 o más
1944,Este,98,492440.30,5,Sí,5 o más
1945,Este,98,365981.16,2,No,1 a 2
1946,Este,98,647109.66,4,Sí,3 a 4
1947,Este,98,527685.29,4,Sí,3 a 4
1948,Este,98,357798.19,6,No,5 o más
1949,Este,98,208364.16,4,Sí,3 a 4
1950,Este,98,254835.26,1,Sí,1 a 2
1951,Este,98,237750.46,4,Sí,3 a 4
1952,Este,98,361349.04,3,Sí,3 a 4
1953,Este,98,644643.57,3,No,3 a 4
1954,Este,98,618533.81,2,Sí,1 a 2
1955,Este,98,856641.33,2,Sí,1 a 2
1956,Este,98,1407367.92,6,Sí,5 o más
1957,Este,98,302246.09,3,Sí,3 a 4
1958,Este,98,528866.23,4,Sí,3 a 4
1959,Este,98,1446067.49,1,Sí,1 a 2
1960,Este,98,969708.73,4,Sí,3 a 4
1961,Este,99,99754.18,4,Sí,3 a 4
1962,Este,99,129698.47,2,Sí,1 a 2
1963,Este,99,428127.89,3,No,3 a 4
1964,Este,99,1671001.90,4,Sí,3 a 4
1965,Este,99,476928.84,4,Sí,3 a 4
1966,Este,99,350075.96,3,Sí,3 a 4
1967,Este,99,452934.93,6,Sí,5 o más
1968,Este,99,682178.08,3,Sí,3 a 4
1969,Este,99,349461.70,1,Sí,1 a 2
1970,Este,99,717397.01,5,Sí,5 o más
1971,Este,99,382880.39,3,Sí,3 a 4
1972,Este,99,484823.41,2,Sí,1 a 2
1973,Este,99,1123519.47,1,Sí,1 a 2
1974,Este,99,648002.17,4,Sí,3 a 4
1975,Este,99,299325.58,5,No,5 o más
1976,Este,99,296100.36,1,Sí,1 a 2
1977,Este,99,130772.57,4,Sí,3 a 4
1978,Este,99,399616.13,7,Sí,5 o más
1979,Este,99,483170.67,4,Sí,3 a 4
1980,Este,99,946825.97,5,Sí,5 o más
1981,Este,100,211750.28,3,No,3 a 4
1982,Este,100,155686.84,4,Sí,3 a 4
1983,Este,100,107288.61,3,No,3 a 4
1984,Este,100,244774.12,2,No,1 a 2
1985,Este,100,120665.80,7,Sí,5 o más
1986,Este,100,284582.97,4,No,3 a 4
1987,Este,100,410438.96,4,No,3 a 4
1988,Este,100,176504.00,4,Sí,3 a 4
1989,Este,100,470125.31,1,Sí,1 a 2
1990,Este,100,102738.32,2,No,1 a 2
1991,Este,100,150872.43,5,Sí,5 o más
1992,Este,100,321396.85,1,No,1 a 2
1993,Este,100,200683.57,4,No,3 a 4
1994,Este,100,231958.07,4,Sí,3 a 4
1995,Este,100,109935.24,1,No,1 a 2
1996,Este,100,386021.00,4,Sí,3 a 4
1997,Este,100,48150.57,4,No,3 a 4
1998,Este,100,240015.21,4,Sí,3 a 4
1999,Este,100,281946.14,3,No,3 a 4
2000,Este,100,114249.88,7,No,5 o más
2001,Este,101,1762101.12,3,Sí,3 a 4
2002,Este,101,403889.39,3,Sí,3 a 4
2003,Este,101,635117.64,5,Sí,5 o más
2004,Este,101,830116.21,2,Sí,1 a 2
2005,Este,101,234748.52,4,Sí,3 a 4
2006,Este,101,586678.86,2,Sí,1 a 2
2007,Este,101,494263.85,4,Sí,3 a 4
2008,Este,101,491777.43,5,Sí,5 o más
2009,Este,101,1485878.63,6,Sí,5 o más
2010,Este,101,1660393.01,2,Sí,1 a 2
2011,Este,101,940915.34,6,Sí,5 o más
2012,Este,101,271572.27,3,Sí,3 a 4
2013,Este,101,770970.66,2,Sí,1 a 2
2014,Este,101,455414.91,5,Sí,5 o más
2015,Este,101,584061.39,5,Sí,5 o más
2016,Este,101,913299.72,3,Sí,3 a 4
2017,Este,101,825239.13,6,Sí,5 o más
2018,Este,101,483186.59,1,Sí,1 a 2
2019,Este,101,576025.89,5,Sí,5 o más
2020,Este,101,164052.70,5,Sí,5 o más
2021,Este,102,1221732.19,1,No,1 a 2
2022,Este,102,521963.18,7,Sí,5 o más
2023,Este,102,313615.12,1,Sí,1 a 2
2024,Este,102,1373889.79,3,Sí,3 a 4
2025,Este,102,637710.04,5,Sí,5 o más
2026,Este,102,347624.90,1,Sí,1 a 2
2027,Este,102,1933399.93,6,Sí,5 o más
2028,Este,102,840119.97,3,Sí,3 a 4
2029,Este,102,728159.32,2,Sí,1 a 2
2030,Este,102,749232.26,5,Sí,5 o más
2031,Este,102,996632.78,4,Sí,3 a 4
2032,Este,102,602694.03,5,Sí,5 o más
2033,Este,102,348674.14,3,Sí,3 a 4
2034,Este,102,1022076.48,3,Sí,3 a 4
2035,Este,102,931039.31,5,Sí,5 o más
2036,Este,102,2004494.34,1,Sí,1 a 2
2037,Este,102,273988.73,3,Sí,3 a 4
2038,Este,102,450117.86,3,Sí,3 a 4
2039,Este,102,212584.93,3,Sí,3 a 4
2040,Este,102,183421.42,3,No,3 a 4
2041,Este,103,379274.58,2,No,1 a 2
2042,Este,103,173364.34,3,No,3 a 4
2043,Este,103,378118.89,2,Sí,1 a 2
2044,Este,103,150320.33,4,Sí,3 a 4
2045,Este,103,87872.45,6,Sí,5 o más
2046,Este,103,98254.06,3,Sí,3 a 4
2047,Este,103,85349.77,3,No,3 a 4
2048,Este,103,104104.50,1,Sí,1 a 2
2049,Este,103,361287.75,6,No,5 o más
2050,Este,103,104452.65,2,No,1 a 2
2051,Este,103,185895.94,2,Sí,1 a 2
2052,Este,103,278106.00,4,Sí,3 a 4
2053,Este,103,681618.11,2,Sí,1 a 2
2054,Este,103,233199.12,4,No,3 a 4
2055,Este,103,149151.67,5,Sí,5 o más
2056,Este,103,168725.96,1,No,1 a 2
2057,Este,103,112445.40,1,Sí,1 a 2
2058,Este,103,243199.98,3,Sí,3 a 4
2059,Este,103,331260.02,6,Sí,5 o más
2060,Este,103,370196.85,4,Sí,3 a 4
2061,Este,104,110074.80,4,Sí,3 a 4
2062,Este,104,250076.51,1,No,1 a 2
2063,Este,104,640093.33,3,Sí,3 a 4
2064,Este,104,725377.85,5,Sí,5 o más
2065,Este,104,162344.40,4,Sí,3 a 4
2066,Este,104,157946.10,4,Sí,3 a 4
2067,Este,104,252432.34,2,Sí,1 a 2
2068,Este,104,140880.91,3,No,3 a 4
2069,Este,104,461341.62,1,Sí,1 a 2
2070,Este,104,147982.98,2,Sí,1 a 2
2071,Este,104,227070.51,2,No,1 a 2
2072,Este,104,430984.49,6,No,5 o más
2073,Este,104,247335.03,3,Sí,3 a 4
2074,Este,104,325889.00,4,Sí,3 a 4
2075,Este,104,101504.13,5,Sí,5 o más
2076,Este,104,261113.86,1,Sí,1 a 2
2077,Este,104,199716.32,3,No,3 a 4
2078,Este,104,162432.08,5,Sí,5 o más
2079,Este,104,237690.11,3,Sí,3 a 4
2080,Este,104,191169.80,5,Sí,5 o más
2081,Este,105,660012.72,3,No,3 a 4
2082,Este,105,1107599.56,1,Sí,1 a 2
2083,Este,105,474522.59,3,No,3 a 4
2084,Este,105,290898.66,3,Sí,3 a 4
2085,Este,105,1157972.06,4,Sí,3 a 4
2086,Este,105,689969.12,6,No,5 o más
2087,Este,105,431366.92,5,Sí,5 o más
2088,Este,105,423534.46,4,Sí,3 a 4
2089,Este,105,1155920.87,4,Sí,3 a 4
2090,Este,105,386107.50,5,Sí,5 o más
2091,Este,105,710245.17,3,Sí,3 a 4
2092,Este,105,191415.59,3,Sí,3 a 4
2093,Este,105,570832.47,2,Sí,1 a 2
2094,Este,105,702508.94,2,Sí,1 a 2
2095,Este,105,95627.41,3,Sí,3 a 4
2096,Este,105,491378.04,2,Sí,1 a 2
2097,Este,105,448446.25,5,No,5 o más
2098,Este,105,711135.67,1,No,1 a 2
2099,Este,105,244730.73,1,Sí,1 a 2
2100,Este,105,768251.70,3,Sí,3 a 4
2101,Este,106,827789.56,3,Sí,3 a 4
2102,Este,106,1558894.44,6,Sí,5 o más
2103,Este,106,403215.13,1,Sí,1 a 2
2104,Este,106,771815.06,2,Sí,1 a 2
2105,Este,106,1346286.70,5,Sí,5 o más
2106,Este,106,557766.84,2,Sí,1 a 2
2107,Este,106,1460737.76,6,Sí,5 o más
2108,Este,106,894071.68,1,Sí,1 a 2
2109,Este,106,498337.98,1,Sí,1 a 2
2110,Este,106,595724.13,3,Sí,3 a 4
2111,Este,106,1200396.10,1,Sí,1 a 2
2112,Este,106,1531286.24,5,Sí,5 o más
2113,Este,106,372442.02,7,Sí,5 o más
2114,Este,106,2156693.36,3,Sí,3 a 4
2115,Este,106,1130247.02,4,Sí,3 a 4
2116,Este,106,1149154.03,3,Sí,3 a 4
2117,Este,106,1431257.65,6,Sí,5 o más
2118,Este,106,1702302.45,1,Sí,1 a 2
2119,Este,106,424164.22,7,Sí,5 o más
2120,Este,106,681097.69,5,Sí,5 o más
2121,Este,107,514080.09,4,Sí,3 a 4
2122,Este,107,368071.15,2,Sí,1 a 2
2123,Este,107,502027.88,2,Sí,1 a 2
2124,Este,107,484118.40,3,Sí,3 a 4
2125,Este,107,105936.06,3,Sí,3 a 4
2126,Este,107,228389.81,4,No,3 a 4
2127,Este,107,260644.31,2,No,1 a 2
2128,Este,107,1017066.73,5,No,5 o más
2129,Este,107,244081.86,1,Sí,1 a 2
2130,Este,107,330291.68,6,Sí,5 o más
2131,Este,107,507447.09,2,Sí,1 a 2
2132,Este,107,152035.67,3,Sí,3 a 4
2133,Este,107,175051.15,2,Sí,1 a 2
2134,Este,107,1044619.06,5,Sí,5 o más
2135,Este,107,352402.09,5,Sí,5 o más
2136,Este,107,561668.20,5,Sí,5 o más
2137,Este,107,526417.47,2,Sí,1 a 2
2138,Este,107,360107.37,4,No,3 a 4
2139,Este,107,225438.76,3,No,3 a 4
2140,Este,107,155107.60,3,Sí,3 a 4
2141,Este,108,524238.54,2,Sí,1 a 2
2142,Este,108,232179.38,6,No,5 o más
2143,Este,108,318636.13,3,Sí,3 a 4
2144,Este,108,323994.54,1,Sí,1 a 2
2145,Este,108,245805.61,3,Sí,3 a 4
2146,Este,108,283487.58,2,Sí,1 a 2
2147,Este,108,296210.54,2,Sí,1 a 2
2148,Este,108,240964.74,3,Sí,3 a 4
2149,Este,108,253402.59,3,Sí,3 a 4
2150,Este,108,117873.30,2,Sí,1 a 2
2151,Este,108,141558.44,4,Sí,3 a 4
2152,Este,108,765325.59,5,No,5 o más
2153,Este,108,296686.04,5,Sí,5 o más
2154,Este,108,286572.54,3,Sí,3 a 4
2155,Este,108,314632.23,3,Sí,3 a 4
2156,Este,108,115709.73,6,Sí,5 o más
2157,Este,108,507924.34,4,Sí,3 a 4
2158,Este,108,99188.72,1,No,1 a 2
2159,Este,108,250600.50,5,Sí,5 o más
2160,Este,108,147766.29,5,No,5 o más
2161,Este,109,293656.87,2,Sí,1 a 2
2162,Este,109,327586.16,5,No,5 o más
2163,Este,109,1101438.35,5,No,5 o más
2164,Este,109,935852.58,2,Sí,1 a 2
2165,Este,109,243709.07,4,No,3 a 4
2166,Este,109,634857.94,3,No,3 a 4
2167,Este,109,186679.06,6,Sí,5 o más
2168,Este,109,320009.31,3,No,3 a 4
2169,Este,109,163949.82,4,Sí,3 a 4
2170,Este,109,649592.28,3,Sí,3 a 4
2171,Este,109,234704.44,3,Sí,3 a 4
2172,Este,109,324035.21,1,No,1 a 2
2173,Este,109,482677.62,4,Sí,3 a 4
2174,Este,109,213057.11,4,Sí,3 a 4
2175,Este,109,275556.76,2,Sí,1 a 2
2176,Este,109,187091.43,1,Sí,1 a 2
2177,Este,109,288234.30,7,No,5 o más
2178,Este,109,300104.98,1,Sí,1 a 2
2179,Este,109,123392.31,1,Sí,1 a 2
2180,Este,109,260755.07,2,Sí,1 a 2
2181,Este,110,120531.86,5,Sí,5 o más
2182,Este,110,408267.29,3,Sí,3 a 4
2183,Este,110,326111.50,3,No,3 a 4
2184,Este,110,583066.45,5,Sí,5 o más
2185,Este,110,269293.40,4,No,3 a 4
2186,Este,110,62970.21,4,Sí,3 a 4
2187,Este,110,345678.14,2,No,1 a 2
2188,Este,110,238796.72,3,No,3 a 4
2189,Este,110,348368.37,4,Sí,3 a 4
2190,Este,110,238009.66,6,No,5 o más
2191,Este,110,515810.50,3,Sí,3 a 4
2192,Este,110,213404.61,1,No,1 a 2
2193,Este,110,282840.32,4,Sí,3 a 4
2194,Este,110,253220.95,5,Sí,5 o más
2195,Este,110,248006.68,3,No,3 a 4
2196,Este,110,428250.19,3,Sí,3 a 4
2197,Este,110,349086.05,7,No,5 o más
2198,Este,110,182778.96,5,No,5 o más
2199,Este,110,348711.31,1,No,1 a 2
2200,Este,110,541700.90,4,No,3 a 4
2201,Este,111,160837.52,1,Sí,1 a 2
2202,Este,111,742526.23,6,Sí,5 o más
2203,Este,111,1018002.06,3,Sí,3 a 4
2204,Este,111,263814.26,4,Sí,3 a 4
2205,Este,111,314308.12,4,Sí,3 a 4
2206,Este,111,123875.55,2,Sí,1 a 2
2207,Este,111,379008.81,4,No,3 a 4
2208,Este,111,752632.79,5,Sí,5 o más
2209,Este,111,693837.61,6,Sí,5 o más
2210,Este,111,459651.54,3,Sí,3 a 4
2211,Este,111,795785.66,3,Sí,3 a 4
2212,Este,111,1181333.70,3,Sí,3 a 4
2213,Este,111,580834.80,4,Sí,3 a 4
2214,Este,111,865288.00,1,Sí,1 a 2
2215,Este,111,822067.62,5,No,5 o más
2216,Este,111,424346.02,5,Sí,5 o más
2217,Este,111,822630.21,3,Sí,3 a 4
2218,Este,111,379956.02,1,Sí,1 a 2
2219,Este,111,859466.31,4,Sí,3 a 4
2220,Este,111,720123.08,3,Sí,3 a 4
2221,Este,112,354004.17,4,Sí,3 a 4
2222,Este,112,487009.55,3,Sí,3 a 4
2223,Este,112,321870.10,2,No,1 a 2
2224,Este,112,444672.40,2,Sí,1 a 2
2225,Este,112,906375.79,3,No,3 a 4
2226,Este,112,622504.22,3,Sí,3 a 4
2227,Este,112,487497.78,7,Sí,5 o más
2228,Este,112,1073265.64,1,Sí,1 a 2
2229,Este,112,1292346.72,2,Sí,1 a 2
2230,Este,112,367563.72,2,Sí,1 a 2
2231,Este,112,312384.33,5,Sí,5 o más
2232,Este,112,704311.13,5,Sí,5 o más
2233,Este,112,197867.34,5,Sí,5 o más
2234,Este,112,402861.56,4,Sí,3 a 4
2235,Este,112,530878.92,3,Sí,3 a 4
2236,Este,112,374732.03,3,Sí,3 a 4
2237,Este,112,777718.74,1,Sí,1 a 2
2238,Este,112,373581.41,4,Sí,3 a 4
2239,Este,112,234279.26,5,Sí,5 o más
2240,Este,112,1034201.67,3,Sí,3 a 4
2241,Este,113,316141.92,4,No,3 a 4
2242,Este,113,120346.78,5,Sí,5 o más
2243,Este,113,224436.16,1,Sí,1 a 2
2244,Este,113,523585.61,5,Sí,5 o más
2245,Este,113,82672.20,2,Sí,1 a 2
2246,Este,113,214274.61,5,Sí,5 o más
2247,Este,113,1805901.36,1,Sí,1 a 2
2248,Este,113,319939.92,4,Sí,3 a 4
2249,Este,113,185381.20,3,Sí,3 a 4
2250,Este,113,435238.22,6,Sí,5 o más
2251,Este,113,425473.58,4,Sí,3 a 4
2252,Este,113,832390.15,6,Sí,5 o más
2253,Este,113,843384.34,4,Sí,3 a 4
2254,Este,113,322432.87,1,No,1 a 2
2255,Este,113,643934.13,3,Sí,3 a 4
2256,Este,113,728940.13,2,Sí,1 a 2
2257,Este,113,290570.95,4,Sí,3 a 4
2258,Este,113,453137.45,5,Sí,5 o más
2259,Este,113,556020.19,5,Sí,5 o más
2260,Este,113,697017.18,5,Sí,5 o más
2261,Este,114,593675.94,3,Sí,3 a 4
2262,Este,114,1314387.16,1,Sí,1 a 2
2263,Este,114,1117553.17,2,Sí,1 a 2
2264,Este,114,568008.29,5,Sí,5 o más
2265,Este,114,1143386.43,5,Sí,5 o más
2266,Este,114,421418.09,3,Sí,3 a 4
2267,Este,114,834039.53,2,Sí,1 a 2
2268,Este,114,554358.80,2,Sí,1 a 2
2269,Este,114,934087.35,6,Sí,5 o más
2270,Este,114,1809226.48,1,Sí,1 a 2
2271,Este,114,1113095.53,3,Sí,3 a 4
2272,Este,114,3016668.64,1,Sí,1 a 2
2273,Este,114,854253.44,2,Sí,1 a 2
2274,Este,114,688929.74,3,Sí,3 a 4
2275,Este,114,468615.13,4,Sí,3 a 4
2276,Este,114,616489.86,4,Sí,3 a 4
2277,Este,114,895535.72,4,Sí,3 a 4
2278,Este,114,922799.74,3,Sí,3 a 4
2279,Este,114,1258833.11,3,Sí,3 a 4
2280,Este,114,778173.33,4,Sí,3 a 4
2281,Este,115,323771.83,3,Sí,3 a 4
2282,Este,115,210930.82,4,No,3 a 4
2283,Este,115,241024.50,2,Sí,1 a 2
2284,Este,115,213652.99,4,Sí,3 a 4
2285,Este,115,391992.45,2,Sí,1 a 2
2286,Este,115,1207082.07,1,Sí,1 a 2
2287,Este,115,177925.89,3,Sí,3 a 4
2288,Este,115,1211754.68,7,No,5 o más
2289,Este,115,491295.88,1,Sí,1 a 2
2290,Este,115,685045.46,6,Sí,5 o más
2291,Este,115,193769.77,4,No,3 a 4
2292,Este,115,268927.87,4,Sí,3 a 4
2293,Este,115,385844.37,1,Sí,1 a 2
2294,Este,115,179790.32,6,Sí,5 o más
2295,Este,115,498910.12,4,Sí,3 a 4
2296,Este,115,263476.20,2,Sí,1 a 2
2297,Este,115,456776.30,2,Sí,1 a 2
2298,Este,115,380937.95,1,No,1 a 2
2299,Este,115,299721.05,2,Sí,1 a 2
2300,Este,115,357906.52,1,Sí,1 a 2
2301,Este,116,377086.48,7,Sí,5 o más
2302,Este,116,224859.48,6,Sí,5 o más
2303,Este,116,186258.90,2,No,1 a 2
2304,Este,116,190080.99,4,Sí,3 a 4
2305,Este,116,288627.37,4,Sí,3 a 4
2306,Este,116,453736.82,4,No,3 a 4
2307,Este,116,859086.24,7,Sí,5 o más
2308,Este,116,408211.88,6,No,5 o más
2309,Este,116,290525.78,3,Sí,3 a 4
2310,Este,116,506948.64,2,Sí,1 a 2
2311,Este,116,474331.89,4,No,3 a 4
2312,Este,116,143755.72,5,Sí,5 o más
2313,Este,116,1192717.02,3,No,3 a 4
2314,Este,116,494134.09,2,Sí,1 a 2
2315,Este,116,250884.49,6,Sí,5 o más
2316,Este,116,155553.74,3,Sí,3 a 4
2317,Este,116,802390.51,4,No,3 a 4
2318,Este,116,506960.27,5,Sí,5 o más
2319,Este,116,369298.00,4,No,3 a 4
2320,Este,116,216117.14,2,No,1 a 2
2321,Este,117,400551.67,4,Sí,3 a 4
2322,Este,117,192953.15,1,Sí,1 a 2
2323,Este,117,345467.79,2,Sí,1 a 2
2324,Este,117,164272.95,4,Sí,3 a 4
2325,Este,117,266773.26,2,Sí,1 a 2
2326,Este,117,252988.56,3,Sí,3 a 4
2327,Este,117,2115438.44,3,Sí,3 a 4
2328,Este,117,752845.82,4,Sí,3 a 4
2329,Este,117,867907.34,2,Sí,1 a 2
2330,Este,117,296001.08,2,No,1 a 2
2331,Este,117,299475.27,4,Sí,3 a 4
2332,Este,117,569308.55,5,No,5 o más
2333,Este,117,183014.02,3,No,3 a 4
2334,Este,117,800772.12,3,Sí,3 a 4
2335,Este,117,431634.49,5,No,5 o más
2336,Este,117,353937.64,3,Sí,3 a 4
2337,Este,117,325672.50,6,Sí,5 o más
2338,Este,117,576998.54,4,Sí,3 a 4
2339,Este,117,239496.54,2,Sí,1 a 2
2340,Este,117,332260.85,4,Sí,3 a 4
2341,Este,118,1206908.07,6,Sí,5 o más
2342,Este,118,569591.62,3,Sí,3 a 4
2343,Este,118,695847.22,4,Sí,3 a 4
2344,Este,118,1118297.38,1,Sí,1 a 2
2345,Este,118,349369.60,3,Sí,3 a 4
2346,Este,118,1127091.42,2,Sí,1 a 2
2347,Este,118,869532.33,3,Sí,3 a 4
2348,Este,118,688157.75,2,Sí,1 a 2
2349,Este,118,341238.02,5,Sí,5 o más
2350,Este,118,658974.01,2,Sí,1 a 2
2351,Este,118,1420174.75,1,Sí,1 a 2
2352,Este,118,493932.32,4,Sí,3 a 4
2353,Este,118,923369.83,2,Sí,1 a 2
2354,Este,118,1261706.06,3,Sí,3 a 4
2355,Este,118,1933400.99,3,Sí,3 a 4
2356,Este,118,351155.72,1,Sí,1 a 2
2357,Este,118,693410.00,1,Sí,1 a 2
2358,Este,118,344428.94,3,Sí,3 a 4
2359,Este,118,928493.68,5,Sí,5 o más
2360,Este,118,1824450.82,2,No,1 a 2
2361,Este,119,229495.04,1,No,1 a 2
2362,Este,119,397140.17,3,No,3 a 4
2363,Este,119,313989.36,1,Sí,1 a 2
2364,Este,119,368168.55,1,Sí,1 a 2
2365,Este,119,476976.25,1,No,1 a 2
2366,Este,119,133850.10,2,Sí,1 a 2
2367,Este,119,156295.39,3,No,3 a 4
2368,Este,119,361264.29,4,No,3 a 4
2369,Este,119,118077.14,8,Sí,5 o más
2370,Este,119,212774.07,2,Sí,1 a 2
2371,Este,119,322163.70,3,Sí,3 a 4
2372,Este,119,200794.34,2,No,1 a 2
2373,Este,119,128559.44,4,Sí,3 a 4
2374,Este,119,427728.12,4,Sí,3 a 4
2375,Este,119,1104929.32,1,No,1 a 2
2376,Este,119,72653.51,6,Sí,5 o más
2377,Este,119,157244.42,5,Sí,5 o más
2378,Este,119,391415.81,3,No,3 a 4
2379,Este,119,257127.16,2,Sí,1 a 2
2380,Este,119,306600.63,3,Sí,3 a 4
2381,Este,120,791237.71,1,Sí,1 a 2
2382,Este,120,780239.01,5,Sí,5 o más
2383,Este,120,204880.30,4,Sí,3 a 4
2384,Este,120,261344.36,2,No,1 a 2
2385,Este,120,625878.42,2,Sí,1 a 2
2386,Este,120,609862.38,1,Sí,1 a 2
2387,Este,120,482493.65,4,Sí,3 a 4
2388,Este,120,394292.19,4,Sí,3 a 4
2389,Este,120,2423698.70,3,Sí,3 a 4
2390,Este,120,434261.37,7,Sí,5 o más
2391,Este,120,529747.16,4,Sí,3 a 4
2392,Este,120,146330.48,3,Sí,3 a 4
2393,Este,120,102219.53,6,Sí,5 o más
2394,Este,120,456014.70,3,Sí,3 a 4
2395,Este,120,256516.30,4,Sí,3 a 4
2396,Este,120,354640.87,5,Sí,5 o más
2397,Este,120,245285.57,4,Sí,3 a 4
2398,Este,120,186719.21,3,No,3 a 4
2399,Este,120,450951.65,3,No,3 a 4
2400,Este,120,867764.85,2,No,1 a 2
2401,Este,121,1282422.40,2,Sí,1 a 2
2402,Este,121,1245655.24,3,Sí,3 a 4
2403,Este,121,426760.91,3,Sí,3 a 4
2404,Este,121,581179.20,2,Sí,1 a 2
2405,Este,121,502476.56,3,Sí,3 a 4
2406,Este,121,485602.37,1,Sí,1 a 2
2407,Este,121,1189794.78,3,Sí,3 a 4
2408,Este,121,276042.65,3,Sí,3 a 4
2409,Este,121,666709.78,4,Sí,3 a 4
2410,Este,121,1247119.71,5,Sí,5 o más
2411,Este,121,723059.88,6,Sí,5 o más
2412,Este,121,801265.91,3,Sí,3 a 4
2413,Este,121,1365895.99,2,Sí,1 a 2
2414,Este,121,402703.12,5,Sí,5 o más
2415,Este,121,598161.75,6,Sí,5 o más
2416,Este,121,894660.03,4,No,3 a 4
2417,Este,121,737385.96,4,Sí,3 a 4
2418,Este,121,652279.64,1,Sí,1 a 2
2419,Este,121,797695.81,5,Sí,5 o más
2420,Este,121,231886.04,5,Sí,5 o más
2421,Este,122,1019136.39,3,Sí,3 a 4
2422,Este,122,571740.70,5,Sí,5 o más
2423,Este,122,388956.19,4,Sí,3 a 4
2424,Este,122,702837.89,2,Sí,1 a 2
2425,Este,122,846826.03,3,Sí,3 a 4
2426,Este,122,802792.20,3,Sí,3 a 4
2427,Este,122,351941.56,5,Sí,5 o más
2428,Este,122,1213921.90,4,Sí,3 a 4
2429,Este,122,1708390.85,5,Sí,5 o más
2430,Este,122,1077486.86,4,Sí,3 a 4
2431,Este,122,1696478.48,4,Sí,3 a 4
2432,Este,122,908463.38,1,Sí,1 a 2
2433,Este,122,696440.82,1,Sí,1 a 2
2434,Este,122,1028921.70,4,Sí,3 a 4
2435,Este,122,3036307.02,5,Sí,5 o más
2436,Este,122,826871.72,4,Sí,3 a 4
2437,Este,122,391153.00,4,Sí,3 a 4
2438,Este,122,435951.39,3,Sí,3 a 4
2439,Este,122,773094.50,4,Sí,3 a 4
2440,Este,122,2089583.40,7,Sí,5 o más
2441,Este,123,167712.60,2,Sí,1 a 2
2442,Este,123,529891.91,4,Sí,3 a 4
2443,Este,123,470592.12,2,Sí,1 a 2
2444,Este,123,1381295.00,1,Sí,1 a 2
2445,Este,123,158138.12,1,Sí,1 a 2
2446,Este,123,251872.47,3,Sí,3 a 4
2447,Este,123,239533.07,2,Sí,1 a 2
2448,Este,123,1431184.67,2,Sí,1 a 2
2449,Este,123,715335.08,5,Sí,5 o más
2450,Este,123,1251356.90,2,Sí,1 a 2
2451,Este,123,333112.83,6,Sí,5 o más
2452,Este,123,296274.23,4,Sí,3 a 4
2453,Este,123,1014418.85,2,Sí,1 a 2
2454,Este,123,265158.41,4,Sí,3 a 4
2455,Este,123,2154908.22,6,Sí,5 o más
2456,Este,123,275541.01,1,Sí,1 a 2
2457,Este,123,706918.12,4,Sí,3 a 4
2458,Este,123,591047.40,3,Sí,3 a 4
2459,Este,123,360638.13,2,Sí,1 a 2
2460,Este,123,1711144.49,3,Sí,3 a 4
2461,Este,124,366006.26,1,No,1 a 2
2462,Este,124,354125.98,1,Sí,1 a 2
2463,Este,124,695363.38,5,No,5 o más
2464,Este,124,411148.22,1,No,1 a 2
2465,Este,124,293194.69,5,Sí,5 o más
2466,Este,124,544670.03,1,Sí,1 a 2
2467,Este,124,363247.17,3,Sí,3 a 4
2468,Este,124,398588.73,4,Sí,3 a 4
2469,Este,124,513724.89,2,Sí,1 a 2
2470,Este,124,260467.14,4,Sí,3 a 4
2471,Este,124,248976.00,4,Sí,3 a 4
2472,Este,124,338834.76,3,Sí,3 a 4
2473,Este,124,360740.12,5,No,5 o más
2474,Este,124,510259.33,4,Sí,3 a 4
2475,Este,124,521554.17,2,Sí,1 a 2
2476,Este,124,160612.18,5,Sí,5 o más
2477,Este,124,1145881.02,4,Sí,3 a 4
2478,Este,124,220150.75,4,Sí,3 a 4
2479,Este,124,413300.69,4,Sí,3 a 4
2480,Este,124,234097.35,1,No,1 a 2
2481,Este,125,226836.93,1,Sí,1 a 2
2482,Este,125,299782.01,6,Sí,5 o más
2483,Este,125,264618.50,4,Sí,3 a 4
2484,Este,125,647437.55,2,No,1 a 2
2485,Este,125,386313.38,1,Sí,1 a 2
2486,Este,125,157712.25,1,Sí,1 a 2
2487,Este,125,154989.91,4,Sí,3 a 4
2488,Este,125,534108.42,4,Sí,3 a 4
2489,Este,125,381014.43,2,Sí,1 a 2
2490,Este,125,222208.29,1,No,1 a 2
2491,Este,125,167978.16,4,Sí,3 a 4
2492,Este,125,774334.22,3,Sí,3 a 4
2493,Este,125,930055.20,2,Sí,1 a 2
2494,Este,125,143142.03,2,Sí,1 a 2
2495,Este,125,222736.21,5,Sí,5 o más
2496,Este,125,218827.65,6,Sí,5 o más
2497,Este,125,336257.74,3,No,3 a 4
2498,Este,125,202013.94,2,Sí,1 a 2
2499,Este,125,71071.62,2,Sí,1 a 2
2500,Este,125,270520.44,2,Sí,1 a 2
2501,Norte,126,388274.13,2,No,1 a 2
2502,Norte,126,980005.52,3,Sí,3 a 4
2503,Norte,126,166890.47,1,Sí,1 a 2
2504,Norte,126,489783.73,2,Sí,1 a 2
2505,Norte,126,245406.68,5,No,5 o más
2506,Norte,126,1865174.24,3,Sí,3 a 4
2507,Norte,126,611035.68,3,No,3 a 4
2508,Norte,126,527937.91,6,Sí,5 o más
2509,Norte,126,574426.23,3,Sí,3 a 4
2510,Norte,126,313148.53,2,Sí,1 a 2
2511,Norte,126,256725.12,4,Sí,3 a 4
2512,Norte,126,737254.11,5,No,5 o más
2513,Norte,126,716308.53,4,No,3 a 4
2514,Norte,126,513784.63,6,Sí,5 o más
2515,Norte,126,558085.89,4,Sí,3 a 4
2516,Norte,126,1226933.66,2,Sí,1 a 2
2517,Norte,126,167873.59,3,Sí,3 a 4
2518,Norte,126,405202.13,2,No,1 a 2
2519,Norte,126,345225.00,1,Sí,1 a 2
2520,Norte,126,497042.76,4,Sí,3 a 4
2521,Norte,127,516910.62,2,Sí,1 a 2
2522,Norte,127,327515.95,5,Sí,5 o más
2523,Norte,127,251033.37,2,No,1 a 2
2524,Norte,127,525787.50,4,No,3 a 4
2525,Norte,127,368499.46,4,Sí,3 a 4
2526,Norte,127,452721.37,4,Sí,3 a 4
2527,Norte,127,1370146.68,4,Sí,3 a 4
2528,Norte,127,678607.69,3,Sí,3 a 4
2529,Norte,127,668048.35,2,Sí,1 a 2
2530,Norte,127,462705.27,3,Sí,3 a 4
2531,Norte,127,380191.49,3,Sí,3 a 4
2532,Norte,127,171850.41,6,Sí,5 o más
2533,Norte,127,213167.51,3,Sí,3 a 4
2534,Norte,127,932046.13,3,Sí,3 a 4
2535,Norte,127,344649.70,1,Sí,1 a 2
2536,Norte,127,183703.22,1,Sí,1 a 2
2537,Norte,127,164413.50,5,Sí,5 o más
2538,Norte,127,200243.17,4,Sí,3 a 4
2539,Norte,127,274274.73,4,Sí,3 a 4
2540,Norte,127,270437.49,4,Sí,3 a 4
2541,Norte,128,430076.14,4,Sí,3 a 4
2542,Norte,128,469814.03,1,Sí,1 a 2
2543,Norte,128,544886.34,5,No,5 o más
2544,Norte,128,1460815.03,5,Sí,5 o más
2545,Norte,128,3338996.24,3,Sí,3 a 4
2546,Norte,128,367963.16,3,No,3 a 4
2547,Norte,128,280662.41,6,Sí,5 o más
2548,Norte,128,311850.49,1,Sí,1 a 2
2549,Norte,128,170158.97,1,Sí,1 a 2
2550,Norte,128,585773.80,4,Sí,3 a 4
2551,Norte,128,543931.72,3,Sí,3 a 4
2552,Norte,128,410128.88,5,Sí,5 o más
2553,Norte,128,873909.19,4,Sí,3 a 4
2554,Norte,128,368775.59,3,Sí,3 a 4
2555,Norte,128,685256.29,3,Sí,3 a 4
2556,Norte,128,905710.05,3,Sí,3 a 4
2557,Norte,128,2403129.53,1,Sí,1 a 2
2558,Norte,128,693453.64,2,Sí,1 a 2
2559,Norte,128,449187.64,4,Sí,3 a 4
2560,Norte,128,540358.20,4,Sí,3 a 4
2561,Norte,129,304034.48,5,Sí,5 o más
2562,Norte,129,382904.23,1,Sí,1 a 2
2563,Norte,129,223535.21,1,Sí,1 a 2
2564,Norte,129,418204.21,6,No,5 o más
2565,Norte,129,223753.45,4,Sí,3 a 4
2566,Norte,129,545921.48,5,Sí,5 o más
2567,Norte,129,416614.62,1,Sí,1 a 2
2568,Norte,129,96072.33,2,No,1 a 2
2569,Norte,129,617953.28,1,Sí,1 a 2
2570,Norte,129,478631.42,3,Sí,3 a 4
2571,Norte,129,417051.06,5,Sí,5 o más
2572,Norte,129,232483.66,2,No,1 a 2
2573,Norte,129,194376.55,5,Sí,5 o más
2574,Norte,129,196541.14,2,No,1 a 2
2575,Norte,129,477412.66,4,Sí,3 a 4
2576,Norte,129,332888.16,2,Sí,1 a 2
2577,Norte,129,404215.28,7,Sí,5 o más
2578,Norte,129,477739.61,2,Sí,1 a 2
2579,Norte,129,538742.90,1,No,1 a 2
2580,Norte,129,415441.78,4,Sí,3 a 4
2581,Norte,130,322243.42,4,Sí,3 a 4
2582,Norte,130,233070.90,3,No,3 a 4
2583,Norte,130,165139.06,3,Sí,3 a 4
2584,Norte,130,746859.31,2,Sí,1 a 2
2585,Norte,130,376685.63,1,Sí,1 a 2
2586,Norte,130,572075.23,4,Sí,3 a 4
2587,Norte,130,545425.08,3,Sí,3 a 4
2588,Norte,130,276222.54,3,Sí,3 a 4
2589,Norte,130,974435.97,5,Sí,5 o más
2590,Norte,130,138960.38,2,Sí,1 a 2
2591,Norte,130,309338.81,1,Sí,1 a 2
2592,Norte,130,53325.32,3,Sí,3 a 4
2593,Norte,130,377854.69,1,Sí,1 a 2
2594,Norte,130,423172.41,5,Sí,5 o más
2595,Norte,130,253313.61,1,Sí,1 a 2
2596,Norte,130,258978.39,5,Sí,5 o más
2597,Norte,130,223018.84,3,No,3 a 4
2598,Norte,130,325649.42,5,No,5 o más
2599,Norte,130,376299.44,3,Sí,3 a 4
2600,Norte,130,544124.39,4,No,3 a 4
2601,Norte,131,137210.46,2,Sí,1 a 2
2602,Norte,131,327713.37,5,Sí,5 o más
2603,Norte,131,103256.41,3,Sí,3 a 4
2604,Norte,131,272458.34,4,Sí,3 a 4
2605,Norte,131,113814.33,3,Sí,3 a 4
2606,Norte,131,101824.00,4,Sí,3 a 4
2607,Norte,131,244457.69,4,No,3 a 4
2608,Norte,131,360982.55,2,Sí,1 a 2
2609,Norte,131,255438.88,5,Sí,5 o más
2610,Norte,131,250634.11,1,Sí,1 a 2
2611,Norte,131,204148.51,4,No,3 a 4
2612,Norte,131,293445.46,4,Sí,3 a 4
2613,Norte,131,92101.56,3,No,3 a 4
2614,Norte,131,129259.73,4,Sí,3 a 4
2615,Norte,131,505781.39,5,Sí,5 o más
2616,Norte,131,201437.09,3,No,3 a 4
2617,Norte,131,181752.24,2,Sí,1 a 2
2618,Norte,131,226568.04,4,Sí,3 a 4
2619,Norte,131,238488.60,4,No,3 a 4
2620,Norte,131,202388.22,3,No,3 a 4
2621,Norte,132,197160.93,4,Sí,3 a 4
2622,Norte,132,206119.16,3,Sí,3 a 4
2623,Norte,132,237228.62,3,Sí,3 a 4
2624,Norte,132,294461.28,5,Sí,5 o más
2625,Norte,132,307502.94,3,Sí,3 a 4
2626,Norte,132,302785.28,2,Sí,1 a 2
2627,Norte,132,317935.42,6,No,5 o más
2628,Norte,132,287891.94,5,Sí,5 o más
2629,Norte,132,195487.21,2,Sí,1 a 2
2630,Norte,132,129152.66,3,Sí,3 a 4
2631,Norte,132,339778.85,2,Sí,1 a 2
2632,Norte,132,285177.55,3,Sí,3 a 4
2633,Norte,132,366173.37,6,Sí,5 o más
2634,Norte,132,346081.87,4,No,3 a 4
2635,Norte,132,292224.74,5,Sí,5 o más
2636,Norte,132,343877.64,3,Sí,3 a 4
2637,Norte,132,369491.69,5,No,5 o más
2638,Norte,132,448813.08,6,Sí,5 o más
2639,Norte,132,254300.66,4,Sí,3 a 4
2640,Norte,132,277078.26,7,No,5 o más
2641,Norte,133,115129.72,4,No,3 a 4
2642,Norte,133,523917.55,4,Sí,3 a 4
2643,Norte,133,133714.06,4,No,3 a 4
2644,Norte,133,163537.50,3,No,3 a 4
2645,Norte,133,238562.71,5,Sí,5 o más
2646,Norte,133,330956.20,1,No,1 a 2
2647,Norte,133,362273.19,7,Sí,5 o más
2648,Norte,133,37748.56,3,No,3 a 4
2649,Norte,133,90023.32,1,Sí,1 a 2
2650,Norte,133,284801.83,2,No,1 a 2
2651,Norte,133,367093.06,4,Sí,3 a 4
2652,Norte,133,157735.63,1,No,1 a 2
2653,Norte,133,90721.40,2,Sí,1 a 2
2654,Norte,133,249164.39,8,Sí,5 o más
2655,Norte,133,238192.86,5,Sí,5 o más
2656,Norte,133,56935.89,3,No,3 a 4
2657,Norte,133,202969.41,3,Sí,3 a 4
2658,Norte,133,174309.99,7,Sí,5 o más
2659,Norte,133,113122.44,5,Sí,5 o más
2660,Norte,133,523726.35,4,No,3 a 4
2661,Norte,134,177058.83,4,No,3 a 4
2662,Norte,134,107909.65,2,Sí,1 a 2
2663,Norte,134,372623.17,2,Sí,1 a 2
2664,Norte,134,208247.04,1,No,1 a 2
2665,Norte,134,728180.08,7,Sí,5 o más
2666,Norte,134,211920.52,4,Sí,3 a 4
2667,Norte,134,528772.48,4,No,3 a 4
2668,Norte,134,112993.70,2,Sí,1 a 2
2669,Norte,134,193847.09,3,Sí,3 a 4
2670,Norte,134,238949.35,1,Sí,1 a 2
2671,Norte,134,303158.28,1,Sí,1 a 2
2672,Norte,134,184457.81,2,No,1 a 2
2673,Norte,134,324802.18,4,Sí,3 a 4
2674,Norte,134,597968.32,4,Sí,3 a 4
2675,Norte,134,202726.88,4,Sí,3 a 4
2676,Norte,134,125367.62,4,Sí,3 a 4
2677,Norte,134,241690.13,6,No,5 o más
2678,Norte,134,856184.68,6,No,5 o más
2679,Norte,134,275369.39,2,No,1 a 2
2680,Norte,134,383283.76,3,No,3 a 4
2681,Norte,135,692707.41,5,Sí,5 o más
2682,Norte,135,366332.47,3,Sí,3 a 4
2683,Norte,135,695597.26,6,Sí,5 o más
2684,Norte,135,431485.93,3,Sí,3 a 4
2685,Norte,135,556218.54,2,No,1 a 2
2686,Norte,135,190781.46,2,Sí,1 a 2
2687,Norte,135,293023.02,6,Sí,5 o más
2688,Norte,135,199530.97,5,No,5 o más
2689,Norte,135,398665.66,4,Sí,3 a 4
2690,Norte,135,319697.23,2,Sí,1 a 2
2691,Norte,135,712252.94,3,Sí,3 a 4
2692,Norte,135,484037.58,1,No,1 a 2
2693,Norte,135,400650.30,2,Sí,1 a 2
2694,Norte,135,852058.64,5,Sí,5 o más
2695,Norte,135,423767.77,5,Sí,5 o más
2696,Norte,135,364909.03,4,No,3 a 4
2697,Norte,135,212888.23,7,Sí,5 o más
2698,Norte,135,385798.23,6,Sí,5 o más
2699,Norte,135,278362.92,2,No,1 a 2
2700,Norte,135,344255.85,1,Sí,1 a 2
2701,Norte,136,287384.03,2,Sí,1 a 2
2702,Norte,136,360899.55,4,Sí,3 a 4
2703,Norte,136,266366.84,3,Sí,3 a 4
2704,Norte,136,378080.70,3,Sí,3 a 4
2705,Norte,136,600744.27,1,Sí,1 a 2
2706,Norte,136,361799.31,3,Sí,3 a 4
2707,Norte,136,206300.60,4,Sí,3 a 4
2708,Norte,136,337311.09,5,Sí,5 o más
2709,Norte,136,395102.74,4,Sí,3 a 4
2710,Norte,136,276189.65,1,No,1 a 2
2711,Norte,136,647588.38,3,No,3 a 4
2712,Norte,136,174888.07,4,Sí,3 a 4
2713,Norte,136,532754.72,2,Sí,1 a 2
2714,Norte,136,470669.54,5,Sí,5 o más
2715,Norte,136,442192.22,3,Sí,3 a 4
2716,Norte,136,451058.21,4,Sí,3 a 4
2717,Norte,136,140276.69,2,Sí,1 a 2
2718,Norte,136,121252.63,1,Sí,1 a 2
2719,Norte,136,952050.74,6,Sí,5 o más
2720,Norte,136,234709.80,3,Sí,3 a 4
2721,Norte,137,1587192.93,4,Sí,3 a 4
2722,Norte,137,1000551.78,2,Sí,1 a 2
2723,Norte,137,1376862.75,6,Sí,5 o más
2724,Norte,137,2173902.55,1,Sí,1 a 2
2725,Norte,137,1292106.07,4,Sí,3 a 4
2726,Norte,137,339036.18,1,Sí,1 a 2
2727,Norte,137,792017.34,4,Sí,3 a 4
2728,Norte,137,580282.77,4,Sí,3 a 4
2729,Norte,137,1242254.47,4,Sí,3 a 4
2730,Norte,137,1372037.20,3,Sí,3 a 4
2731,Norte,137,558025.94,3,Sí,3 a 4
2732,Norte,137,658415.47,5,Sí,5 o más
2733,Norte,137,1038128.50,5,Sí,5 o más
2734,Norte,137,746987.98,3,Sí,3 a 4
2735,Norte,137,864708.66,3,Sí,3 a 4
2736,Norte,137,2350902.92,4,Sí,3 a 4
2737,Norte,137,1544728.61,2,Sí,1 a 2
2738,Norte,137,2956614.35,4,Sí,3 a 4
2739,Norte,137,1255603.04,4,Sí,3 a 4
2740,Norte,137,1057022.33,1,Sí,1 a 2
2741,Norte,138,645403.99,3,Sí,3 a 4
2742,Norte,138,1159633.05,3,Sí,3 a 4
2743,Norte,138,493517.48,5,Sí,5 o más
2744,Norte,138,316465.04,4,Sí,3 a 4
2745,Norte,138,220658.42,4,No,3 a 4
2746,Norte,138,339927.24,2,Sí,1 a 2
2747,Norte,138,1171922.12,5,Sí,5 o más
2748,Norte,138,280612.52,8,Sí,5 o más
2749,Norte,138,334008.49,1,Sí,1 a 2
2750,Norte,138,379927.19,4,Sí,3 a 4
2751,Norte,138,628649.17,3,Sí,3 a 4
2752,Norte,138,532092.36,8,No,5 o más
2753,Norte,138,1327112.39,4,Sí,3 a 4
2754,Norte,138,253099.57,2,Sí,1 a 2
2755,Norte,138,407511.68,4,Sí,3 a 4
2756,Norte,138,464391.82,5,Sí,5 o más
2757,Norte,138,245194.22,3,Sí,3 a 4
2758,Norte,138,525171.18,3,Sí,3 a 4
2759,Norte,138,388934.06,4,Sí,3 a 4
2760,Norte,138,148987.14,8,Sí,5 o más
2761,Norte,139,748528.72,4,Sí,3 a 4
2762,Norte,139,1407890.71,4,Sí,3 a 4
2763,Norte,139,1110187.31,6,Sí,5 o más
2764,Norte,139,1815345.35,3,Sí,3 a 4
2765,Norte,139,823093.39,4,Sí,3 a 4
2766,Norte,139,1684060.70,6,Sí,5 o más
2767,Norte,139,1718270.87,3,Sí,3 a 4
2768,Norte,139,947981.72,4,Sí,3 a 4
2769,Norte,139,1228459.01,3,Sí,3 a 4
2770,Norte,139,3089628.99,2,Sí,1 a 2
2771,Norte,139,1102223.49,6,Sí,5 o más
2772,Norte,139,669440.69,4,Sí,3 a 4
2773,Norte,139,1943064.90,5,Sí,5 o más
2774,Norte,139,1228763.79,1,Sí,1 a 2
2775,Norte,139,3246095.46,4,Sí,3 a 4
2776,Norte,139,2482675.89,5,Sí,5 o más
2777,Norte,139,558881.55,2,Sí,1 a 2
2778,Norte,139,732047.86,3,Sí,3 a 4
2779,Norte,139,1223432.24,4,Sí,3 a 4
2780,Norte,139,1253511.50,4,Sí,3 a 4
2781,Norte,140,312110.49,3,Sí,3 a 4
2782,Norte,140,250741.62,2,Sí,1 a 2
2783,Norte,140,594024.99,1,Sí,1 a 2
2784,Norte,140,574831.42,4,No,3 a 4
2785,Norte,140,580507.66,8,No,5 o más
2786,Norte,140,247020.72,3,Sí,3 a 4
2787,Norte,140,689285.46,3,Sí,3 a 4
2788,Norte,140,284956.21,3,Sí,3 a 4
2789,Norte,140,928759.57,1,No,1 a 2
2790,Norte,140,483472.64,4,Sí,3 a 4
2791,Norte,140,749888.53,2,No,1 a 2
2792,Norte,140,538774.79,3,No,3 a 4
2793,Norte,140,473844.74,3,Sí,3 a 4
2794,Norte,140,302911.66,2,Sí,1 a 2
2795,Norte,140,508002.80,5,Sí,5 o más
2796,Norte,140,873494.52,2,Sí,1 a 2
2797,Norte,140,680948.46,5,Sí,5 o más
2798,Norte,140,463756.57,1,Sí,1 a 2
2799,Norte,140,494499.68,4,Sí,3 a 4
2800,Norte,140,307013.77,4,Sí,3 a 4
2801,Norte,141,876971.85,6,Sí,5 o más
2802,Norte,141,1823085.28,3,Sí,3 a 4
2803,Norte,141,453422.69,5,Sí,5 o más
2804,Norte,141,2248221.37,5,Sí,5 o más
2805,Norte,141,1415040.51,5,Sí,5 o más
2806,Norte,141,1460614.33,1,Sí,1 a 2
2807,Norte,141,677269.16,10,Sí,5 o más
2808,Norte,141,1113276.21,5,Sí,5 o más
2809,Norte,141,550614.84,2,Sí,1 a 2
2810,Norte,141,606073.45,4,Sí,3 a 4
2811,Norte,141,1150286.54,4,Sí,3 a 4
2812,Norte,141,1080696.86,4,Sí,3 a 4
2813,Norte,141,720854.45,3,Sí,3 a 4
2814,Norte,141,666029.37,4,Sí,3 a 4
2815,Norte,141,1187005.63,2,Sí,1 a 2
2816,Norte,141,629745.50,3,Sí,3 a 4
2817,Norte,141,719120.03,4,Sí,3 a 4
2818,Norte,141,1304036.86,2,Sí,1 a 2
2819,Norte,141,1638958.46,3,Sí,3 a 4
2820,Norte,141,916037.77,2,Sí,1 a 2
2821,Norte,142,122382.73,3,Sí,3 a 4
2822,Norte,142,197038.50,5,Sí,5 o más
2823,Norte,142,106318.28,3,Sí,3 a 4
2824,Norte,142,311633.25,4,No,3 a 4
2825,Norte,142,275447.61,2,Sí,1 a 2
2826,Norte,142,442535.18,1,Sí,1 a 2
2827,Norte,142,202059.75,2,Sí,1 a 2
2828,Norte,142,706470.51,5,No,5 o más
2829,Norte,142,278723.80,5,Sí,5 o más
2830,Norte,142,236223.77,2,Sí,1 a 2
2831,Norte,142,200542.98,2,No,1 a 2
2832,Norte,142,274712.50,7,Sí,5 o más
2833,Norte,142,113864.67,4,Sí,3 a 4
2834,Norte,142,131792.06,6,No,5 o más
2835,Norte,142,281331.80,5,Sí,5 o más
2836,Norte,142,157427.85,4,No,3 a 4
2837,Norte,142,286489.16,3,No,3 a 4
2838,Norte,142,146225.77,3,No,3 a 4
2839,Norte,142,152029.54,1,Sí,1 a 2
2840,Norte,142,193260.27,3,Sí,3 a 4
2841,Norte,143,354984.75,4,Sí,3 a 4
2842,Norte,143,263775.25,5,Sí,5 o más
2843,Norte,143,732027.25,5,Sí,5 o más
2844,Norte,143,256041.24,4,Sí,3 a 4
2845,Norte,143,209250.58,7,Sí,5 o más
2846,Norte,143,1521880.97,2,No,1 a 2
2847,Norte,143,261003.69,2,No,1 a 2
2848,Norte,143,705113.48,3,Sí,3 a 4
2849,Norte,143,379909.69,3,Sí,3 a 4
2850,Norte,143,620444.80,4,Sí,3 a 4
2851,Norte,143,471645.32,6,Sí,5 o más
2852,Norte,143,193228.69,4,Sí,3 a 4
2853,Norte,143,119042.28,5,Sí,5 o más
2854,Norte,143,401842.78,2,No,1 a 2
2855,Norte,143,546852.72,6,Sí,5 o más
2856,Norte,143,166452.23,6,Sí,5 o más
2857,Norte,143,537566.24,4,No,3 a 4
2858,Norte,143,154139.78,2,Sí,1 a 2
2859,Norte,143,293892.93,4,Sí,3 a 4
2860,Norte,143,458510.44,1,Sí,1 a 2
2861,Norte,144,2319361.62,5,Sí,5 o más
2862,Norte,144,245238.54,5,No,5 o más
2863,Norte,144,229828.59,4,Sí,3 a 4
2864,Norte,144,660864.19,6,Sí,5 o más
2865,Norte,144,970643.62,1,Sí,1 a 2
2866,Norte,144,200387.64,1,Sí,1 a 2
2867,Norte,144,1038149.92,2,Sí,1 a 2
2868,Norte,144,174043.54,4,Sí,3 a 4
2869,Norte,144,253764.48,4,Sí,3 a 4
2870,Norte,144,689781.41,3,Sí,3 a 4
2871,Norte,144,332888.75,4,No,3 a 4
2872,Norte,144,435547.18,4,Sí,3 a 4
2873,Norte,144,453213.76,1,Sí,1 a 2
2874,Norte,144,1422459.19,4,Sí,3 a 4
2875,Norte,144,1056650.46,5,No,5 o más
2876,Norte,144,329225.95,4,No,3 a 4
2877,Norte,144,334161.94,4,Sí,3 a 4
2878,Norte,144,339505.69,5,Sí,5 o más
2879,Norte,144,652728.51,3,Sí,3 a 4
2880,Norte,144,319973.30,3,No,3 a 4
2881,Norte,145,345407.72,5,Sí,5 o más
2882,Norte,145,310727.45,5,Sí,5 o más
2883,Norte,145,272433.79,2,Sí,1 a 2
2884,Norte,145,455822.01,5,Sí,5 o más
2885,Norte,145,351428.38,2,No,1 a 2
2886,Norte,145,485678.31,3,Sí,3 a 4
2887,Norte,145,334187.02,3,Sí,3 a 4
2888,Norte,145,154437.26,1,Sí,1 a 2
2889,Norte,145,492870.34,7,Sí,5 o más
2890,Norte,145,721133.79,1,Sí,1 a 2
2891,Norte,145,653768.63,2,Sí,1 a 2
2892,Norte,145,290702.47,4,Sí,3 a 4
2893,Norte,145,342344.35,4,Sí,3 a 4
2894,Norte,145,361335.91,3,Sí,3 a 4
2895,Norte,145,960127.36,3,Sí,3 a 4
2896,Norte,145,869453.73,4,Sí,3 a 4
2897,Norte,145,411794.12,6,No,5 o más
2898,Norte,145,1096023.92,4,No,3 a 4
2899,Norte,145,324302.77,4,No,3 a 4
2900,Norte,145,1208086.78,3,Sí,3 a 4
2901,Norte,146,168282.42,1,Sí,1 a 2
2902,Norte,146,295721.30,6,Sí,5 o más
2903,Norte,146,216424.03,3,No,3 a 4
2904,Norte,146,170753.66,4,No,3 a 4
2905,Norte,146,65095.51,4,Sí,3 a 4
2906,Norte,146,182818.31,5,No,5 o más
2907,Norte,146,148623.26,2,No,1 a 2
2908,Norte,146,158629.01,5,Sí,5 o más
2909,Norte,146,74668.78,2,Sí,1 a 2
2910,Norte,146,123175.52,2,No,1 a 2
2911,Norte,146,189709.83,4,Sí,3 a 4
2912,Norte,146,171546.64,1,Sí,1 a 2
2913,Norte,146,230972.85,4,No,3 a 4
2914,Norte,146,304991.18,1,No,1 a 2
2915,Norte,146,326882.85,4,No,3 a 4
2916,Norte,146,159955.81,7,Sí,5 o más
2917,Norte,146,83772.89,5,Sí,5 o más
2918,Norte,146,246262.99,5,Sí,5 o más
2919,Norte,146,445529.34,1,No,1 a 2
2920,Norte,146,469705.63,1,Sí,1 a 2
2921,Norte,147,248945.06,6,Sí,5 o más
2922,Norte,147,659332.57,2,No,1 a 2
2923,Norte,147,351995.72,3,Sí,3 a 4
2924,Norte,147,148729.12,4,No,3 a 4
2925,Norte,147,257813.32,3,Sí,3 a 4
2926,Norte,147,580564.62,1,Sí,1 a 2
2927,Norte,147,205574.65,4,Sí,3 a 4
2928,Norte,147,163797.55,5,Sí,5 o más
2929,Norte,147,523039.41,4,Sí,3 a 4
2930,Norte,147,270627.47,1,Sí,1 a 2
2931,Norte,147,461278.38,3,Sí,3 a 4
2932,Norte,147,202512.39,1,Sí,1 a 2
2933,Norte,147,787006.96,1,Sí,1 a 2
2934,Norte,147,1326985.50,6,Sí,5 o más
2935,Norte,147,370388.76,3,Sí,3 a 4
2936,Norte,147,190898.20,2,Sí,1 a 2
2937,Norte,147,1030519.73,3,Sí,3 a 4
2938,Norte,147,306835.46,3,Sí,3 a 4
2939,Norte,147,265049.96,7,Sí,5 o más
2940,Norte,147,171136.64,4,Sí,3 a 4
2941,Norte,148,241828.41,4,Sí,3 a 4
2942,Norte,148,831933.28,6,No,5 o más
2943,Norte,148,332463.96,5,No,5 o más
2944,Norte,148,397034.55,3,Sí,3 a 4
2945,Norte,148,529425.99,5,Sí,5 o más
2946,Norte,148,72095.84,5,No,5 o más
2947,Norte,148,64129.12,3,No,3 a 4
2948,Norte,148,263993.17,2,Sí,1 a 2
2949,Norte,148,268643.72,4,Sí,3 a 4
2950,Norte,148,181274.39,4,No,3 a 4
2951,Norte,148,394910.99,6,Sí,5 o más
2952,Norte,148,178566.48,4,No,3 a 4
2953,Norte,148,469735.08,1,Sí,1 a 2
2954,Norte,148,232322.76,6,Sí,5 o más
2955,Norte,148,141629.35,5,No,5 o más
2956,Norte,148,332348.82,5,No,5 o más
2957,Norte,148,180545.86,4,Sí,3 a 4
2958,Norte,148,259950.29,5,Sí,5 o más
2959,Norte,148,157250.36,3,Sí,3 a 4
2960,Norte,148,282327.26,5,Sí,5 o más
2961,Norte,149,886345.42,6,Sí,5 o más
2962,Norte,149,479495.55,1,Sí,1 a 2
2963,Norte,149,300569.90,5,Sí,5 o más
2964,Norte,149,342768.64,1,Sí,1 a 2
2965,Norte,149,394133.76,3,Sí,3 a 4
2966,Norte,149,370776.32,3,Sí,3 a 4
2967,Norte,149,422373.78,2,Sí,1 a 2
2968,Norte,149,873421.40,5,Sí,5 o más
2969,Norte,149,665789.61,2,Sí,1 a 2
2970,Norte,149,534710.21,1,Sí,1 a 2
2971,Norte,149,673713.77,4,Sí,3 a 4
2972,Norte,149,228019.12,1,Sí,1 a 2
2973,Norte,149,185201.59,4,Sí,3 a 4
2974,Norte,149,261112.34,3,Sí,3 a 4
2975,Norte,149,1839359.32,6,Sí,5 o más
2976,Norte,149,747194.44,2,Sí,1 a 2
2977,Norte,149,934428.44,5,Sí,5 o más
2978,Norte,149,508183.57,2,Sí,1 a 2
2979,Norte,149,951703.31,4,Sí,3 a 4
2980,Norte,149,233196.70,5,Sí,5 o más
2981,Norte,150,720059.37,4,Sí,3 a 4
2982,Norte,150,189545.80,2,Sí,1 a 2
2983,Norte,150,309463.19,2,Sí,1 a 2
2984,Norte,150,410488.67,4,Sí,3 a 4
2985,Norte,150,698383.15,2,Sí,1 a 2
2986,Norte,150,546337.48,3,Sí,3 a 4
2987,Norte,150,546473.90,3,Sí,3 a 4
2988,Norte,150,429216.70,4,Sí,3 a 4
2989,Norte,150,620717.61,5,Sí,5 o más
2990,Norte,150,913968.92,6,Sí,5 o más
2991,Norte,150,225497.31,3,Sí,3 a 4
2992,Norte,150,413819.50,4,Sí,3 a 4
2993,Norte,150,578088.03,2,Sí,1 a 2
2994,Norte,150,548857.22,5,Sí,5 o más
2995,Norte,150,2654675.01,5,Sí,5 o más
2996,Norte,150,587824.93,1,Sí,1 a 2
2997,Norte,150,399490.50,5,Sí,5 o más
2998,Norte,150,611526.30,3,Sí,3 a 4
2999,Norte,150,453842.86,5,Sí,5 o más
3000,Norte,150,1615829.74,5,Sí,5 o más
3001,Norte,151,404789.57,3,Sí,3 a 4
3002,Norte,151,520610.37,5,Sí,5 o más
3003,Norte,151,1641775.47,1,Sí,1 a 2
3004,Norte,151,710734.53,1,Sí,1 a 2
3005,Norte,151,527497.39,2,Sí,1 a 2
3006,Norte,151,548625.33,3,Sí,3 a 4
3007,Norte,151,393669.06,1,Sí,1 a 2
3008,Norte,151,727638.98,2,Sí,1 a 2
3009,Norte,151,495277.75,2,Sí,1 a 2
3010,Norte,151,314044.72,5,Sí,5 o más
3011,Norte,151,1836061.61,7,Sí,5 o más
3012,Norte,151,513687.46,4,Sí,3 a 4
3013,Norte,151,569203.58,6,Sí,5 o más
3014,Norte,151,818789.08,5,Sí,5 o más
3015,Norte,151,374112.21,3,Sí,3 a 4
3016,Norte,151,391946.13,2,Sí,1 a 2
3017,Norte,151,436068.65,3,Sí,3 a 4
3018,Norte,151,829853.14,4,Sí,3 a 4
3019,Norte,151,665121.42,7,Sí,5 o más
3020,Norte,151,472450.71,2,Sí,1 a 2
3021,Norte,152,150042.90,4,Sí,3 a 4
3022,Norte,152,618679.68,2,Sí,1 a 2
3023,Norte,152,325034.07,6,Sí,5 o más
3024,Norte,152,188970.45,5,Sí,5 o más
3025,Norte,152,264113.22,1,Sí,1 a 2
3026,Norte,152,632029.31,2,Sí,1 a 2
3027,Norte,152,501692.64,5,Sí,5 o más
3028,Norte,152,236247.71,1,Sí,1 a 2
3029,Norte,152,434531.42,5,Sí,5 o más
3030,Norte,152,378475.52,2,Sí,1 a 2
3031,Norte,152,1163289.01,3,Sí,3 a 4
3032,Norte,152,474471.08,4,No,3 a 4
3033,Norte,152,711301.49,5,No,5 o más
3034,Norte,152,900284.47,4,No,3 a 4
3035,Norte,152,217602.84,6,Sí,5 o más
3036,Norte,152,540346.45,7,Sí,5 o más
3037,Norte,152,246110.36,5,Sí,5 o más
3038,Norte,152,322855.25,2,Sí,1 a 2
3039,Norte,152,266433.28,2,Sí,1 a 2
3040,Norte,152,557492.69,2,No,1 a 2
3041,Norte,153,341009.64,5,Sí,5 o más
3042,Norte,153,516876.25,5,Sí,5 o más
3043,Norte,153,548060.17,2,Sí,1 a 2
3044,Norte,153,343486.07,4,Sí,3 a 4
3045,Norte,153,237270.82,1,Sí,1 a 2
3046,Norte,153,645509.25,5,No,5 o más
3047,Norte,153,149501.80,3,No,3 a 4
3048,Norte,153,631771.78,3,No,3 a 4
3049,Norte,153,394646.89,4,Sí,3 a 4
3050,Norte,153,217321.06,3,Sí,3 a 4
3051,Norte,153,181574.60,7,Sí,5 o más
3052,Norte,153,355685.07,5,No,5 o más
3053,Norte,153,259165.76,3,No,3 a 4
3054,Norte,153,969444.54,3,Sí,3 a 4
3055,Norte,153,919712.51,4,Sí,3 a 4
3056,Norte,153,375820.01,6,No,5 o más
3057,Norte,153,140743.58,5,Sí,5 o más
3058,Norte,153,131622.14,2,Sí,1 a 2
3059,Norte,153,194008.45,4,Sí,3 a 4
3060,Norte,153,104649.70,4,Sí,3 a 4
3061,Norte,154,1087057.20,1,Sí,1 a 2
3062,Norte,154,1126219.66,5,Sí,5 o más
3063,Norte,154,1129007.85,4,Sí,3 a 4
3064,Norte,154,436708.42,5,Sí,5 o más
3065,Norte,154,711765.07,1,Sí,1 a 2
3066,Norte,154,3632949.51,4,Sí,3 a 4
3067,Norte,154,950146.18,2,Sí,1 a 2
3068,Norte,154,832714.93,4,Sí,3 a 4
3069,Norte,154,643050.05,2,Sí,1 a 2
3070,Norte,154,1572510.95,3,No,3 a 4
3071,Norte,154,1007275.02,2,Sí,1 a 2
3072,Norte,154,1945391.24,3,Sí,3 a 4
3073,Norte,154,662206.24,2,Sí,1 a 2
3074,Norte,154,2721513.70,2,Sí,1 a 2
3075,Norte,154,2535408.16,4,Sí,3 a 4
3076,Norte,154,756725.49,4,Sí,3 a 4
3077,Norte,154,1299193.61,1,Sí,1 a 2
3078,Norte,154,2002071.70,5,Sí,5 o más
3079,Norte,154,966857.20,3,Sí,3 a 4
3080,Norte,154,830671.33,5,Sí,5 o más
3081,Norte,155,127413.03,5,Sí,5 o más
3082,Norte,155,302749.99,7,Sí,5 o más
3083,Norte,155,661636.11,3,No,3 a 4
3084,Norte,155,567166.28,3,Sí,3 a 4
3085,Norte,155,345568.87,4,Sí,3 a 4
3086,Norte,155,339305.10,4,No,3 a 4
3087,Norte,155,592788.63,2,Sí,1 a 2
3088,Norte,155,208472.07,1,Sí,1 a 2
3089,Norte,155,358206.11,5,Sí,5 o más
3090,Norte,155,596121.59,1,No,1 a 2
3091,Norte,155,955998.08,2,Sí,1 a 2
3092,Norte,155,1298430.35,4,Sí,3 a 4
3093,Norte,155,1033480.46,3,No,3 a 4
3094,Norte,155,546804.71,4,Sí,3 a 4
3095,Norte,155,389728.31,3,Sí,3 a 4
3096,Norte,155,202977.21,2,No,1 a 2
3097,Norte,155,232206.87,3,Sí,3 a 4
3098,Norte,155,226288.66,3,Sí,3 a 4
3099,Norte,155,631443.02,4,Sí,3 a 4
3100,Norte,155,378159.55,3,No,3 a 4
3101,Sur,156,470964.46,2,No,1 a 2
3102,Sur,156,159673.63,3,Sí,3 a 4
3103,Sur,156,346205.41,4,Sí,3 a 4
3104,Sur,156,128306.99,4,Sí,3 a 4
3105,Sur,156,176302.25,2,No,1 a 2
3106,Sur,156,205261.59,6,Sí,5 o más
3107,Sur,156,227496.57,5,No,5 o más
3108,Sur,156,132261.01,3,No,3 a 4
3109,Sur,156,242851.72,3,Sí,3 a 4
3110,Sur,156,171643.80,2,No,1 a 2
3111,Sur,156,84207.09,3,No,3 a 4
3112,Sur,156,309617.14,1,Sí,1 a 2
3113,Sur,156,109548.79,3,Sí,3 a 4
3114,Sur,156,75038.81,5,No,5 o más
3115,Sur,156,70013.66,2,No,1 a 2
3116,Sur,156,156737.63,5,Sí,5 o más
3117,Sur,156,82975.77,4,Sí,3 a 4
3118,Sur,156,239445.04,3,No,3 a 4
3119,Sur,156,198839.79,5,No,5 o más
3120,Sur,156,109120.00,3,No,3 a 4
3121,Sur,157,441820.04,1,No,1 a 2
3122,Sur,157,182668.20,2,Sí,1 a 2
3123,Sur,157,207558.07,4,Sí,3 a 4
3124,Sur,157,120010.07,3,Sí,3 a 4
3125,Sur,157,370892.65,2,Sí,1 a 2
3126,Sur,157,242298.41,4,Sí,3 a 4
3127,Sur,157,313150.80,3,No,3 a 4
3128,Sur,157,184690.78,4,No,3 a 4
3129,Sur,157,246019.52,7,Sí,5 o más
3130,Sur,157,506996.20,2,No,1 a 2
3131,Sur,157,139894.98,2,Sí,1 a 2
3132,Sur,157,366049.17,4,No,3 a 4
3133,Sur,157,355741.53,4,No,3 a 4
3134,Sur,157,195222.25,4,Sí,3 a 4
3135,Sur,157,350607.19,3,Sí,3 a 4
3136,Sur,157,174910.20,4,Sí,3 a 4
3137,Sur,157,138539.28,2,No,1 a 2
3138,Sur,157,421276.82,4,No,3 a 4
3139,Sur,157,130120.04,3,Sí,3 a 4
3140,Sur,157,207971.58,3,No,3 a 4
3141,Sur,158,1303945.63,6,Sí,5 o más
3142,Sur,158,1252889.85,1,No,1 a 2
3143,Sur,158,865932.09,3,Sí,3 a 4
3144,Sur,158,1243409.07,5,Sí,5 o más
3145,Sur,158,512155.70,5,Sí,5 o más
3146,Sur,158,430164.78,7,Sí,5 o más
3147,Sur,158,1390868.69,5,Sí,5 o más
3148,Sur,158,474697.75,4,Sí,3 a 4
3149,Sur,158,408459.25,2,Sí,1 a 2
3150,Sur,158,1021455.00,3,Sí,3 a 4
3151,Sur,158,412081.44,3,Sí,3 a 4
3152,Sur,158,285601.54,3,Sí,3 a 4
3153,Sur,158,918696.24,1,Sí,1 a 2
3154,Sur,158,828847.11,3,Sí,3 a 4
3155,Sur,158,224522.15,1,Sí,1 a 2
3156,Sur,158,454985.02,4,Sí,3 a 4
3157,Sur,158,538545.61,2,Sí,1 a 2
3158,Sur,158,546034.83,5,Sí,5 o más
3159,Sur,158,337233.25,4,Sí,3 a 4
3160,Sur,158,2144502.81,3,Sí,3 a 4
3161,Sur,159,157742.68,2,Sí,1 a 2
3162,Sur,159,1081570.32,2,Sí,1 a 2
3163,Sur,159,192051.99,3,Sí,3 a 4
3164,Sur,159,139635.36,6,Sí,5 o más
3165,Sur,159,105332.91,3,Sí,3 a 4
3166,Sur,159,347743.92,5,Sí,5 o más
3167,Sur,159,363076.77,5,Sí,5 o más
3168,Sur,159,664248.05,2,Sí,1 a 2
3169,Sur,159,673510.96,4,Sí,3 a 4
3170,Sur,159,328125.38,3,Sí,3 a 4
3171,Sur,159,394020.74,6,Sí,5 o más
3172,Sur,159,415325.97,4,No,3 a 4
3173,Sur,159,310590.19,1,Sí,1 a 2
3174,Sur,159,508058.85,7,Sí,5 o más
3175,Sur,159,417434.80,2,No,1 a 2
3176,Sur,159,660662.98,4,Sí,3 a 4
3177,Sur,159,519924.75,4,No,3 a 4
3178,Sur,159,184863.18,3,Sí,3 a 4
3179,Sur,159,91844.22,2,Sí,1 a 2
3180,Sur,159,171271.55,2,Sí,1 a 2
3181,Sur,160,528634.22,4,Sí,3 a 4
3182,Sur,160,829762.64,5,Sí,5 o más
3183,Sur,160,238128.59,2,Sí,1 a 2
3184,Sur,160,679975.04,3,No,3 a 4
3185,Sur,160,972610.51,4,Sí,3 a 4
3186,Sur,160,616696.87,3,Sí,3 a 4
3187,Sur,160,338575.04,1,Sí,1 a 2
3188,Sur,160,610142.19,4,No,3 a 4
3189,Sur,160,905125.25,3,Sí,3 a 4
3190,Sur,160,219275.82,4,Sí,3 a 4
3191,Sur,160,1039526.49,4,Sí,3 a 4
3192,Sur,160,516903.34,1,Sí,1 a 2
3193,Sur,160,620034.52,3,Sí,3 a 4
3194,Sur,160,311015.55,2,Sí,1 a 2
3195,Sur,160,159027.91,3,Sí,3 a 4
3196,Sur,160,521096.27,3,Sí,3 a 4
3197,Sur,160,471183.45,2,Sí,1 a 2
3198,Sur,160,426534.34,4,Sí,3 a 4
3199,Sur,160,585636.32,5,Sí,5 o más
3200,Sur,160,733551.32,2,Sí,1 a 2
3201,Sur,161,388392.32,4,Sí,3 a 4
3202,Sur,161,694579.89,4,Sí,3 a 4
3203,Sur,161,227828.73,5,Sí,5 o más
3204,Sur,161,382405.46,1,Sí,1 a 2
3205,Sur,161,537957.82,1,Sí,1 a 2
3206,Sur,161,569317.72,4,Sí,3 a 4
3207,Sur,161,314353.66,1,Sí,1 a 2
3208,Sur,161,394121.22,4,Sí,3 a 4
3209,Sur,161,1506640.14,3,Sí,3 a 4
3210,Sur,161,176910.87,3,Sí,3 a 4
3211,Sur,161,387787.90,2,Sí,1 a 2
3212,Sur,161,520346.44,2,Sí,1 a 2
3213,Sur,161,1207250.42,4,Sí,3 a 4
3214,Sur,161,591482.85,2,No,1 a 2
3215,Sur,161,1458060.92,5,Sí,5 o más
3216,Sur,161,431467.75,3,Sí,3 a 4
3217,Sur,161,358160.60,3,Sí,3 a 4
3218,Sur,161,594925.11,4,Sí,3 a 4
3219,Sur,161,981435.92,2,Sí,1 a 2
3220,Sur,161,295352.63,1,Sí,1 a 2
3221,Sur,162,188350.46,5,Sí,5 o más
3222,Sur,162,895271.44,4,No,3 a 4
3223,Sur,162,212611.81,3,Sí,3 a 4
3224,Sur,162,102664.62,4,Sí,3 a 4
3225,Sur,162,186441.80,1,Sí,1 a 2
3226,Sur,162,515457.15,3,No,3 a 4
3227,Sur,162,262959.44,1,No,1 a 2
3228,Sur,162,122219.63,1,Sí,1 a 2
3229,Sur,162,265912.62,7,Sí,5 o más
3230,Sur,162,471615.09,6,Sí,5 o más
3231,Sur,162,77845.43,3,Sí,3 a 4
3232,Sur,162,258158.16,3,Sí,3 a 4
3233,Sur,162,369041.33,3,Sí,3 a 4
3234,Sur,162,217734.14,3,Sí,3 a 4
3235,Sur,162,155646.92,2,Sí,1 a 2
3236,Sur,162,265636.18,4,No,3 a 4
3237,Sur,162,182973.93,5,Sí,5 o más
3238,Sur,162,295288.99,4,Sí,3 a 4
3239,Sur,162,138585.40,2,Sí,1 a 2
3240,Sur,162,100044.54,2,Sí,1 a 2
3241,Sur,163,178712.12,1,No,1 a 2
3242,Sur,163,311139.04,2,Sí,1 a 2
3243,Sur,163,400426.02,6,No,5 o más
3244,Sur,163,507105.26,2,Sí,1 a 2
3245,Sur,163,263322.21,3,Sí,3 a 4
3246,Sur,163,258583.86,3,Sí,3 a 4
3247,Sur,163,519876.99,4,No,3 a 4
3248,Sur,163,271488.93,2,Sí,1 a 2
3249,Sur,163,696857.94,6,Sí,5 o más
3250,Sur,163,469606.45,2,Sí,1 a 2
3251,Sur,163,443974.40,1,Sí,1 a 2
3252,Sur,163,153956.41,1,Sí,1 a 2
3253,Sur,163,658288.20,3,Sí,3 a 4
3254,Sur,163,213189.62,4,Sí,3 a 4
3255,Sur,163,284736.28,2,No,1 a 2
3256,Sur,163,497307.12,7,Sí,5 o más
3257,Sur,163,838437.45,4,Sí,3 a 4
3258,Sur,163,255080.53,3,Sí,3 a 4
3259,Sur,163,831979.37,2,Sí,1 a 2
3260,Sur,163,497162.50,4,Sí,3 a 4
3261,Sur,164,204894.09,5,Sí,5 o más
3262,Sur,164,1073011.52,4,Sí,3 a 4
3263,Sur,164,412729.51,3,Sí,3 a 4
3264,Sur,164,183029.22,1,Sí,1 a 2
3265,Sur,164,823771.12,5,Sí,5 o más
3266,Sur,164,139367.47,1,No,1 a 2
3267,Sur,164,162779.49,5,Sí,5 o más
3268,Sur,164,490137.88,4,Sí,3 a 4
3269,Sur,164,160805.25,3,Sí,3 a 4
3270,Sur,164,122437.47,4,Sí,3 a 4
3271,Sur,164,212237.64,6,No,5 o más
3272,Sur,164,286140.78,3,Sí,3 a 4
3273,Sur,164,168854.46,3,Sí,3 a 4
3274,Sur,164,303136.71,5,Sí,5 o más
3275,Sur,164,331455.58,2,Sí,1 a 2
3276,Sur,164,406120.58,4,Sí,3 a 4
3277,Sur,164,272949.04,6,Sí,5 o más
3278,Sur,164,311288.29,6,Sí,5 o más
3279,Sur,164,149835.11,3,No,3 a 4
3280,Sur,164,156684.99,1,No,1 a 2
3281,Sur,165,316122.59,6,Sí,5 o más
3282,Sur,165,390883.69,3,Sí,3 a 4
3283,Sur,165,539931.77,1,Sí,1 a 2
3284,Sur,165,330021.56,1,Sí,1 a 2
3285,Sur,165,1196748.73,7,No,5 o más
3286,Sur,165,214207.11,1,Sí,1 a 2
3287,Sur,165,674292.69,4,Sí,3 a 4
3288,Sur,165,544361.98,6,Sí,5 o más
3289,Sur,165,410999.54,3,Sí,3 a 4
3290,Sur,165,332013.41,4,Sí,3 a 4
3291,Sur,165,329496.59,3,No,3 a 4
3292,Sur,165,972805.30,4,Sí,3 a 4
3293,Sur,165,510331.36,4,No,3 a 4
3294,Sur,165,456783.73,2,Sí,1 a 2
3295,Sur,165,846197.12,3,Sí,3 a 4
3296,Sur,165,731666.45,5,Sí,5 o más
3297,Sur,165,906194.85,2,Sí,1 a 2
3298,Sur,165,432862.30,2,Sí,1 a 2
3299,Sur,165,333996.11,1,Sí,1 a 2
3300,Sur,165,413584.53,5,Sí,5 o más
3301,Sur,166,249745.86,3,Sí,3 a 4
3302,Sur,166,193646.85,7,Sí,5 o más
3303,Sur,166,823853.38,3,No,3 a 4
3304,Sur,166,63140.27,6,No,5 o más
3305,Sur,166,312175.06,4,Sí,3 a 4
3306,Sur,166,296092.01,1,Sí,1 a 2
3307,Sur,166,318182.49,2,Sí,1 a 2
3308,Sur,166,304588.73,3,Sí,3 a 4
3309,Sur,166,171639.83,7,Sí,5 o más
3310,Sur,166,223125.02,3,No,3 a 4
3311,Sur,166,352435.97,2,Sí,1 a 2
3312,Sur,166,943660.93,6,Sí,5 o más
3313,Sur,166,587013.68,4,Sí,3 a 4
3314,Sur,166,164591.03,7,Sí,5 o más
3315,Sur,166,211681.37,5,No,5 o más
3316,Sur,166,178011.38,4,No,3 a 4
3317,Sur,166,171651.74,2,Sí,1 a 2
3318,Sur,166,202848.18,5,Sí,5 o más
3319,Sur,166,66385.05,4,Sí,3 a 4
3320,Sur,166,688447.24,6,Sí,5 o más
3321,Sur,167,238958.33,4,No,3 a 4
3322,Sur,167,53470.42,3,Sí,3 a 4
3323,Sur,167,90179.24,2,Sí,1 a 2
3324,Sur,167,195068.47,3,No,3 a 4
3325,Sur,167,197048.97,1,No,1 a 2
3326,Sur,167,85368.39,3,No,3 a 4
3327,Sur,167,100562.05,4,Sí,3 a 4
3328,Sur,167,184553.60,5,Sí,5 o más
3329,Sur,167,481635.64,4,No,3 a 4
3330,Sur,167,198133.46,6,Sí,5 o más
3331,Sur,167,175933.02,1,Sí,1 a 2
3332,Sur,167,106578.16,3,Sí,3 a 4
3333,Sur,167,461230.68,1,Sí,1 a 2
3334,Sur,167,181707.90,2,Sí,1 a 2
3335,Sur,167,289351.73,3,Sí,3 a 4
3336,Sur,167,98982.26,6,Sí,5 o más
3337,Sur,167,220943.48,3,No,3 a 4
3338,Sur,167,220575.72,4,Sí,3 a 4
3339,Sur,167,175247.93,8,No,5 o más
3340,Sur,167,58424.75,6,Sí,5 o más
3341,Sur,168,274130.01,3,No,3 a 4
3342,Sur,168,298693.99,1,Sí,1 a 2
3343,Sur,168,623603.74,4,Sí,3 a 4
3344,Sur,168,240012.60,3,Sí,3 a 4
3345,Sur,168,555880.44,2,Sí,1 a 2
3346,Sur,168,288774.17,3,Sí,3 a 4
3347,Sur,168,638690.03,3,Sí,3 a 4
3348,Sur,168,288070.66,6,Sí,5 o más
3349,Sur,168,324149.06,3,Sí,3 a 4
3350,Sur,168,671393.84,2,Sí,1 a 2
3351,Sur,168,558398.76,6,Sí,5 o más
3352,Sur,168,132774.17,1,Sí,1 a 2
3353,Sur,168,479013.21,5,No,5 o más
3354,Sur,168,458754.88,4,Sí,3 a 4
3355,Sur,168,586400.48,6,Sí,5 o más
3356,Sur,168,566098.37,5,Sí,5 o más
3357,Sur,168,483473.99,5,Sí,5 o más
3358,Sur,168,911152.14,6,No,5 o más
3359,Sur,168,958666.92,3,Sí,3 a 4
3360,Sur,168,357459.59,4,Sí,3 a 4
3361,Sur,169,127504.66,3,No,3 a 4
3362,Sur,169,83244.55,2,No,1 a 2
3363,Sur,169,138167.83,6,No,5 o más
3364,Sur,169,224274.69,2,No,1 a 2
3365,Sur,169,81393.88,4,No,3 a 4
3366,Sur,169,199897.25,4,No,3 a 4
3367,Sur,169,79639.52,4,Sí,3 a 4
3368,Sur,169,87128.55,5,Sí,5 o más
3369,Sur,169,95605.99,1,No,1 a 2
3370,Sur,169,352940.02,2,No,1 a 2
3371,Sur,169,359756.45,4,Sí,3 a 4
3372,Sur,169,81391.74,1,No,1 a 2
3373,Sur,169,66269.25,4,No,3 a 4
3374,Sur,169,246094.71,4,Sí,3 a 4
3375,Sur,169,130690.07,4,Sí,3 a 4
3376,Sur,169,196372.29,3,No,3 a 4
3377,Sur,169,142614.30,3,No,3 a 4
3378,Sur,169,144022.31,2,Sí,1 a 2
3379,Sur,169,155727.55,4,Sí,3 a 4
3380,Sur,169,371748.73,8,No,5 o más
3381,Sur,170,246296.24,7,Sí,5 o más
3382,Sur,170,152134.86,5,Sí,5 o más
3383,Sur,170,388856.56,3,No,3 a 4
3384,Sur,170,340227.88,3,Sí,3 a 4
3385,Sur,170,198147.86,1,No,1 a 2
3386,Sur,170,171591.87,4,Sí,3 a 4
3387,Sur,170,298768.51,1,Sí,1 a 2
3388,Sur,170,435817.08,6,Sí,5 o más
3389,Sur,170,427377.57,2,Sí,1 a 2
3390,Sur,170,704147.61,3,Sí,3 a 4
3391,Sur,170,244195.58,5,Sí,5 o más
3392,Sur,170,311235.24,4,Sí,3 a 4
3393,Sur,170,376348.07,4,Sí,3 a 4
3394,Sur,170,187462.80,1,Sí,1 a 2
3395,Sur,170,210894.22,7,Sí,5 o más
3396,Sur,170,133669.62,6,No,5 o más
3397,Sur,170,301996.33,5,Sí,5 o más
3398,Sur,170,276942.38,2,No,1 a 2
3399,Sur,170,156552.78,5,Sí,5 o más
3400,Sur,170,459868.27,4,Sí,3 a 4
3401,Sur,171,934651.76,3,Sí,3 a 4
3402,Sur,171,361202.23,2,Sí,1 a 2
3403,Sur,171,541589.06,7,No,5 o más
3404,Sur,171,228494.82,2,No,1 a 2
3405,Sur,171,353232.76,4,Sí,3 a 4
3406,Sur,171,416746.60,8,Sí,5 o más
3407,Sur,171,297649.12,4,No,3 a 4
3408,Sur,171,1318687.35,4,Sí,3 a 4
3409,Sur,171,547787.01,2,No,1 a 2
3410,Sur,171,302899.62,4,Sí,3 a 4
3411,Sur,171,165817.60,5,Sí,5 o más
3412,Sur,171,390305.74,2,No,1 a 2
3413,Sur,171,395521.29,1,Sí,1 a 2
3414,Sur,171,346954.02,5,Sí,5 o más
3415,Sur,171,175979.52,3,Sí,3 a 4
3416,Sur,171,490400.93,4,Sí,3 a 4
3417,Sur,171,136403.27,3,No,3 a 4
3418,Sur,171,269736.43,6,Sí,5 o más
3419,Sur,171,607326.96,1,Sí,1 a 2
3420,Sur,171,233510.19,7,Sí,5 o más
3421,Sur,172,228919.27,6,Sí,5 o más
3422,Sur,172,663220.56,5,Sí,5 o más
3423,Sur,172,762786.18,3,Sí,3 a 4
3424,Sur,172,472557.89,5,No,5 o más
3425,Sur,172,960293.26,2,Sí,1 a 2
3426,Sur,172,194491.31,1,Sí,1 a 2
3427,Sur,172,576778.87,5,Sí,5 o más
3428,Sur,172,572917.60,5,Sí,5 o más
3429,Sur,172,207404.81,7,Sí,5 o más
3430,Sur,172,448351.21,4,Sí,3 a 4
3431,Sur,172,300676.73,1,Sí,1 a 2
3432,Sur,172,711364.19,6,Sí,5 o más
3433,Sur,172,203758.94,3,Sí,3 a 4
3434,Sur,172,228738.76,5,Sí,5 o más
3435,Sur,172,1678781.10,1,Sí,1 a 2
3436,Sur,172,588005.76,5,No,5 o más
3437,Sur,172,382422.90,1,Sí,1 a 2
3438,Sur,172,505636.48,3,Sí,3 a 4
3439,Sur,172,462526.70,4,Sí,3 a 4
3440,Sur,172,832678.59,5,Sí,5 o más
3441,Sur,173,204371.98,3,Sí,3 a 4
3442,Sur,173,325023.08,4,Sí,3 a 4
3443,Sur,173,137405.76,6,No,5 o más
3444,Sur,173,178135.57,5,Sí,5 o más
3445,Sur,173,180205.03,1,Sí,1 a 2
3446,Sur,173,172141.68,5,Sí,5 o más
3447,Sur,173,343447.80,5,Sí,5 o más
3448,Sur,173,223023.39,3,Sí,3 a 4
3449,Sur,173,228922.19,2,Sí,1 a 2
3450,Sur,173,239160.90,6,No,5 o más
3451,Sur,173,286694.86,4,Sí,3 a 4
3452,Sur,173,500152.86,3,No,3 a 4
3453,Sur,173,111000.10,3,Sí,3 a 4
3454,Sur,173,462140.30,5,No,5 o más
3455,Sur,173,70547.49,3,Sí,3 a 4
3456,Sur,173,87982.27,1,No,1 a 2
3457,Sur,173,184507.84,7,Sí,5 o más
3458,Sur,173,140659.83,6,No,5 o más
3459,Sur,173,231081.93,5,No,5 o más
3460,Sur,173,106332.47,4,Sí,3 a 4
3461,Sur,174,1245678.66,5,Sí,5 o más
3462,Sur,174,648748.98,2,Sí,1 a 2
3463,Sur,174,453534.59,4,Sí,3 a 4
3464,Sur,174,391768.97,6,Sí,5 o más
3465,Sur,174,1993761.34,3,Sí,3 a 4
3466,Sur,174,622780.16,4,Sí,3 a 4
3467,Sur,174,367107.32,5,No,5 o más
3468,Sur,174,668660.22,5,Sí,5 o más
3469,Sur,174,1100841.16,1,Sí,1 a 2
3470,Sur,174,1158622.58,3,Sí,3 a 4
3471,Sur,174,1455378.79,4,Sí,3 a 4
3472,Sur,174,703615.56,4,Sí,3 a 4
3473,Sur,174,844615.22,5,Sí,5 o más
3474,Sur,174,716526.64,2,Sí,1 a 2
3475,Sur,174,894056.82,3,Sí,3 a 4
3476,Sur,174,2381890.15,5,Sí,5 o más
3477,Sur,174,399251.66,3,Sí,3 a 4
3478,Sur,174,1007293.02,3,Sí,3 a 4
3479,Sur,174,758987.81,6,Sí,5 o más
3480,Sur,174,641292.63,3,Sí,3 a 4
3481,Sur,175,488911.04,1,Sí,1 a 2
3482,Sur,175,409134.00,2,Sí,1 a 2
3483,Sur,175,185849.11,7,Sí,5 o más
3484,Sur,175,612192.16,1,Sí,1 a 2
3485,Sur,175,356038.13,2,Sí,1 a 2
3486,Sur,175,438303.01,5,Sí,5 o más
3487,Sur,175,680070.42,3,No,3 a 4
3488,Sur,175,235328.73,3,Sí,3 a 4
3489,Sur,175,694862.67,4,Sí,3 a 4
3490,Sur,175,283181.27,1,Sí,1 a 2
3491,Sur,175,567992.49,6,Sí,5 o más
3492,Sur,175,379101.78,2,Sí,1 a 2
3493,Sur,175,258753.77,4,No,3 a 4
3494,Sur,175,195368.40,5,Sí,5 o más
3495,Sur,175,730960.80,4,Sí,3 a 4
3496,Sur,175,324088.93,2,No,1 a 2
3497,Sur,175,264109.44,3,No,3 a 4
3498,Sur,175,301498.66,6,Sí,5 o más
3499,Sur,175,272187.47,4,Sí,3 a 4
3500,Sur,175,215340.34,2,Sí,1 a 2
3501,Sur,176,825738.20,3,Sí,3 a 4
3502,Sur,176,671625.16,2,Sí,1 a 2
3503,Sur,176,515591.33,1,No,1 a 2
3504,Sur,176,368664.45,5,No,5 o más
3505,Sur,176,376517.35,5,Sí,5 o más
3506,Sur,176,357891.39,4,No,3 a 4
3507,Sur,176,797126.92,3,Sí,3 a 4
3508,Sur,176,341898.96,5,No,5 o más
3509,Sur,176,811318.04,5,No,5 o más
3510,Sur,176,581223.49,4,Sí,3 a 4
3511,Sur,176,373746.79,5,Sí,5 o más
3512,Sur,176,438325.66,6,Sí,5 o más
3513,Sur,176,2156053.56,1,Sí,1 a 2
3514,Sur,176,370424.27,7,No,5 o más
3515,Sur,176,763505.95,2,No,1 a 2
3516,Sur,176,248833.22,3,No,3 a 4
3517,Sur,176,539290.55,4,Sí,3 a 4
3518,Sur,176,1663886.43,2,Sí,1 a 2
3519,Sur,176,532352.67,7,Sí,5 o más
3520,Sur,176,1252078.50,4,Sí,3 a 4
3521,Sur,177,231069.33,4,No,3 a 4
3522,Sur,177,164254.59,3,No,3 a 4
3523,Sur,177,69527.42,2,Sí,1 a 2
3524,Sur,177,157008.99,2,Sí,1 a 2
3525,Sur,177,90941.48,2,Sí,1 a 2
3526,Sur,177,231646.67,1,No,1 a 2
3527,Sur,177,329971.95,5,Sí,5 o más
3528,Sur,177,226528.54,4,Sí,3 a 4
3529,Sur,177,257382.54,4,Sí,3 a 4
3530,Sur,177,99223.95,5,No,5 o más
3531,Sur,177,261420.59,4,No,3 a 4
3532,Sur,177,369059.58,3,Sí,3 a 4
3533,Sur,177,129481.77,6,Sí,5 o más
3534,Sur,177,310247.64,6,Sí,5 o más
3535,Sur,177,93890.03,5,No,5 o más
3536,Sur,177,106055.81,4,Sí,3 a 4
3537,Sur,177,95426.45,1,Sí,1 a 2
3538,Sur,177,211550.93,3,Sí,3 a 4
3539,Sur,177,130589.49,2,No,1 a 2
3540,Sur,177,257330.43,5,Sí,5 o más
3541,Sur,178,308066.78,1,Sí,1 a 2
3542,Sur,178,418946.61,4,Sí,3 a 4
3543,Sur,178,225811.25,3,Sí,3 a 4
3544,Sur,178,592453.51,2,No,1 a 2
3545,Sur,178,549367.42,6,Sí,5 o más
3546,Sur,178,484323.89,1,Sí,1 a 2
3547,Sur,178,674274.78,4,Sí,3 a 4
3548,Sur,178,316861.13,1,Sí,1 a 2
3549,Sur,178,138275.39,1,Sí,1 a 2
3550,Sur,178,824371.15,4,Sí,3 a 4
3551,Sur,178,281863.73,3,Sí,3 a 4
3552,Sur,178,147259.18,3,Sí,3 a 4
3553,Sur,178,236545.52,4,No,3 a 4
3554,Sur,178,289544.19,2,Sí,1 a 2
3555,Sur,178,430278.48,5,Sí,5 o más
3556,Sur,178,517586.04,4,Sí,3 a 4
3557,Sur,178,347379.28,5,Sí,5 o más
3558,Sur,178,527827.53,1,Sí,1 a 2
3559,Sur,178,539244.99,6,Sí,5 o más
3560,Sur,178,394519.47,3,No,3 a 4
3561,Sur,179,804919.66,5,Sí,5 o más
3562,Sur,179,431963.76,4,Sí,3 a 4
3563,Sur,179,196311.80,3,Sí,3 a 4
3564,Sur,179,1230387.19,5,No,5 o más
3565,Sur,179,410608.83,4,Sí,3 a 4
3566,Sur,179,406321.32,5,No,5 o más
3567,Sur,179,220636.79,4,Sí,3 a 4
3568,Sur,179,544689.56,3,Sí,3 a 4
3569,Sur,179,676736.34,4,Sí,3 a 4
3570,Sur,179,379252.24,2,Sí,1 a 2
3571,Sur,179,227100.87,5,No,5 o más
3572,Sur,179,234725.19,5,Sí,5 o más
3573,Sur,179,249935.82,3,Sí,3 a 4
3574,Sur,179,779156.88,4,Sí,3 a 4
3575,Sur,179,376846.85,4,Sí,3 a 4
3576,Sur,179,216379.42,3,Sí,3 a 4
3577,Sur,179,1025745.48,3,Sí,3 a 4
3578,Sur,179,510181.68,2,No,1 a 2
3579,Sur,179,404159.56,4,Sí,3 a 4
3580,Sur,179,294256.18,6,Sí,5 o más
3581,Sur,180,180441.29,5,No,5 o más
3582,Sur,180,689555.61,6,Sí,5 o más
3583,Sur,180,137947.61,5,No,5 o más
3584,Sur,180,796028.56,4,Sí,3 a 4
3585,Sur,180,359638.31,2,Sí,1 a 2
3586,Sur,180,312266.31,1,Sí,1 a 2
3587,Sur,180,201807.91,2,Sí,1 a 2
3588,Sur,180,452147.22,3,Sí,3 a 4
3589,Sur,180,335642.68,3,Sí,3 a 4
3590,Sur,180,79868.80,5,Sí,5 o más
3591,Sur,180,1017912.54,6,No,5 o más
3592,Sur,180,664261.88,6,Sí,5 o más
3593,Sur,180,136827.53,1,Sí,1 a 2
3594,Sur,180,197722.26,1,Sí,1 a 2
3595,Sur,180,152135.08,7,Sí,5 o más
3596,Sur,180,337278.83,1,Sí,1 a 2
3597,Sur,180,222746.85,4,Sí,3 a 4
3598,Sur,180,305204.53,3,Sí,3 a 4
3599,Sur,180,397575.88,5,Sí,5 o más
3600,Sur,180,152301.18,3,No,3 a 4
3601,Sur,181,287509.39,2,Sí,1 a 2
3602,Sur,181,239704.30,4,Sí,3 a 4
3603,Sur,181,151164.60,1,No,1 a 2
3604,Sur,181,171802.10,4,No,3 a 4
3605,Sur,181,151325.54,1,Sí,1 a 2
3606,Sur,181,277894.88,2,No,1 a 2
3607,Sur,181,118516.65,3,Sí,3 a 4
3608,Sur,181,185173.71,3,No,3 a 4
3609,Sur,181,292797.47,4,Sí,3 a 4
3610,Sur,181,99478.65,6,Sí,5 o más
3611,Sur,181,199450.75,4,Sí,3 a 4
3612,Sur,181,100821.79,5,Sí,5 o más
3613,Sur,181,66343.93,4,Sí,3 a 4
3614,Sur,181,137375.64,3,Sí,3 a 4
3615,Sur,181,564942.83,4,Sí,3 a 4
3616,Sur,181,154735.47,1,Sí,1 a 2
3617,Sur,181,105847.38,5,Sí,5 o más
3618,Sur,181,366997.14,3,Sí,3 a 4
3619,Sur,181,379084.95,3,Sí,3 a 4
3620,Sur,181,432301.88,3,Sí,3 a 4
3621,Sur,182,378617.26,7,Sí,5 o más
3622,Sur,182,482211.59,4,Sí,3 a 4
3623,Sur,182,546586.11,3,Sí,3 a 4
3624,Sur,182,495277.34,1,Sí,1 a 2
3625,Sur,182,264206.51,1,Sí,1 a 2
3626,Sur,182,335826.05,4,Sí,3 a 4
3627,Sur,182,432834.40,6,Sí,5 o más
3628,Sur,182,492985.96,5,Sí,5 o más
3629,Sur,182,1159383.84,4,Sí,3 a 4
3630,Sur,182,588284.45,2,No,1 a 2
3631,Sur,182,529721.11,5,Sí,5 o más
3632,Sur,182,563124.93,1,Sí,1 a 2
3633,Sur,182,360398.19,3,Sí,3 a 4
3634,Sur,182,688067.61,3,Sí,3 a 4
3635,Sur,182,529436.69,2,Sí,1 a 2
3636,Sur,182,544690.21,3,Sí,3 a 4
3637,Sur,182,525328.43,5,Sí,5 o más
3638,Sur,182,1429249.83,2,Sí,1 a 2
3639,Sur,182,588290.89,3,Sí,3 a 4
3640,Sur,182,216925.27,5,Sí,5 o más
3641,Sur,183,902102.64,2,Sí,1 a 2
3642,Sur,183,957153.01,5,Sí,5 o más
3643,Sur,183,696795.47,1,Sí,1 a 2
3644,Sur,183,559431.82,3,Sí,3 a 4
3645,Sur,183,849848.59,1,Sí,1 a 2
3646,Sur,183,506162.36,5,Sí,5 o más
3647,Sur,183,443382.31,5,Sí,5 o más
3648,Sur,183,848773.02,6,Sí,5 o más
3649,Sur,183,929333.18,4,Sí,3 a 4
3650,Sur,183,1137723.62,5,Sí,5 o más
3651,Sur,183,390402.63,4,Sí,3 a 4
3652,Sur,183,663464.20,7,Sí,5 o más
3653,Sur,183,923050.51,4,Sí,3 a 4
3654,Sur,183,629175.44,5,Sí,5 o más
3655,Sur,183,1159227.34,3,Sí,3 a 4
3656,Sur,183,903138.71,8,Sí,5 o más
3657,Sur,183,1771837.89,4,Sí,3 a 4
3658,Sur,183,300319.97,5,Sí,5 o más
3659,Sur,183,651584.98,2,Sí,1 a 2
3660,Sur,183,344243.38,2,Sí,1 a 2
3661,Sur,184,131410.56,5,Sí,5 o más
3662,Sur,184,156857.90,1,No,1 a 2
3663,Sur,184,1382519.72,5,Sí,5 o más
3664,Sur,184,526650.93,3,Sí,3 a 4
3665,Sur,184,143041.53,5,No,5 o más
3666,Sur,184,325208.54,3,Sí,3 a 4
3667,Sur,184,177556.90,3,No,3 a 4
3668,Sur,184,103127.27,4,Sí,3 a 4
3669,Sur,184,342209.46,2,No,1 a 2
3670,Sur,184,200636.16,6,Sí,5 o más
3671,Sur,184,82531.11,4,Sí,3 a 4
3672,Sur,184,429556.00,1,No,1 a 2
3673,Sur,184,287116.43,4,Sí,3 a 4
3674,Sur,184,175761.98,5,Sí,5 o más
3675,Sur,184,215465.80,4,Sí,3 a 4
3676,Sur,184,406989.20,5,Sí,5 o más
3677,Sur,184,112002.22,4,Sí,3 a 4
3678,Sur,184,202361.17,3,Sí,3 a 4
3679,Sur,184,194348.81,3,Sí,3 a 4
3680,Sur,184,573195.63,5,Sí,5 o más
3681,Sur,185,1165818.70,4,Sí,3 a 4
3682,Sur,185,2481584.71,3,Sí,3 a 4
3683,Sur,185,1070438.01,4,Sí,3 a 4
3684,Sur,185,579181.43,2,Sí,1 a 2
3685,Sur,185,543534.41,7,Sí,5 o más
3686,Sur,185,904987.30,2,Sí,1 a 2
3687,Sur,185,765368.65,2,Sí,1 a 2
3688,Sur,185,1315854.36,2,Sí,1 a 2
3689,Sur,185,1158681.64,4,Sí,3 a 4
3690,Sur,185,723283.64,5,Sí,5 o más
3691,Sur,185,1164055.84,3,Sí,3 a 4
3692,Sur,185,515567.02,5,Sí,5 o más
3693,Sur,185,463591.75,1,Sí,1 a 2
3694,Sur,185,1469838.57,1,Sí,1 a 2
3695,Sur,185,829020.72,3,Sí,3 a 4
3696,Sur,185,524466.45,1,Sí,1 a 2
3697,Sur,185,1311334.49,3,Sí,3 a 4
3698,Sur,185,388210.10,5,Sí,5 o más
3699,Sur,185,1323333.59,5,Sí,5 o más
3700,Sur,185,1208816.89,2,Sí,1 a 2
3701,Sur,186,675252.22,4,No,3 a 4
3702,Sur,186,350114.25,3,Sí,3 a 4
3703,Sur,186,1081567.96,5,Sí,5 o más
3704,Sur,186,488539.77,6,Sí,5 o más
3705,Sur,186,358138.67,3,Sí,3 a 4
3706,Sur,186,98959.84,7,Sí,5 o más
3707,Sur,186,699280.62,1,Sí,1 a 2
3708,Sur,186,785256.72,5,Sí,5 o más
3709,Sur,186,385493.02,4,Sí,3 a 4
3710,Sur,186,369486.20,2,Sí,1 a 2
3711,Sur,186,192793.26,2,Sí,1 a 2
3712,Sur,186,316105.84,4,Sí,3 a 4
3713,Sur,186,704576.85,5,Sí,5 o más
3714,Sur,186,633930.20,1,Sí,1 a 2
3715,Sur,186,858114.37,2,No,1 a 2
3716,Sur,186,629167.40,4,Sí,3 a 4
3717,Sur,186,1254834.13,4,Sí,3 a 4
3718,Sur,186,500141.52,2,Sí,1 a 2
3719,Sur,186,408441.00,6,Sí,5 o más
3720,Sur,186,295688.01,2,No,1 a 2
3721,Sur,187,301646.30,3,Sí,3 a 4
3722,Sur,187,337086.63,6,Sí,5 o más
3723,Sur,187,191446.55,6,Sí,5 o más
3724,Sur,187,166908.73,4,Sí,3 a 4
3725,Sur,187,236452.36,1,Sí,1 a 2
3726,Sur,187,249154.55,4,Sí,3 a 4
3727,Sur,187,328788.88,4,Sí,3 a 4
3728,Sur,187,581101.66,6,Sí,5 o más
3729,Sur,187,80160.00,6,Sí,5 o más
3730,Sur,187,574771.94,1,Sí,1 a 2
3731,Sur,187,607548.58,4,Sí,3 a 4
3732,Sur,187,159291.90,2,Sí,1 a 2
3733,Sur,187,533164.70,1,Sí,1 a 2
3734,Sur,187,326399.69,8,Sí,5 o más
3735,Sur,187,321838.69,1,Sí,1 a 2
3736,Sur,187,342506.40,1,Sí,1 a 2
3737,Sur,187,378726.06,4,Sí,3 a 4
3738,Sur,187,315330.33,3,Sí,3 a 4
3739,Sur,187,132957.48,4,Sí,3 a 4
3740,Sur,187,290374.89,3,Sí,3 a 4
3741,Sur,188,234646.70,4,Sí,3 a 4
3742,Sur,188,287249.58,3,No,3 a 4
3743,Sur,188,257093.20,5,Sí,5 o más
3744,Sur,188,216266.46,2,Sí,1 a 2
3745,Sur,188,395254.66,2,Sí,1 a 2
3746,Sur,188,203135.23,2,Sí,1 a 2
3747,Sur,188,157280.00,3,Sí,3 a 4
3748,Sur,188,143268.15,6,Sí,5 o más
3749,Sur,188,356549.18,5,No,5 o más
3750,Sur,188,313766.93,3,No,3 a 4
3751,Sur,188,239802.97,3,No,3 a 4
3752,Sur,188,107082.10,5,Sí,5 o más
3753,Sur,188,403080.04,2,Sí,1 a 2
3754,Sur,188,140792.57,4,No,3 a 4
3755,Sur,188,378678.02,1,No,1 a 2
3756,Sur,188,225899.87,5,Sí,5 o más
3757,Sur,188,224964.19,4,Sí,3 a 4
3758,Sur,188,297773.56,6,No,5 o más
3759,Sur,188,124517.11,3,No,3 a 4
3760,Sur,188,286205.11,5,Sí,5 o más
3761,Sur,189,308351.57,4,Sí,3 a 4
3762,Sur,189,373649.79,2,Sí,1 a 2
3763,Sur,189,613307.06,2,Sí,1 a 2
3764,Sur,189,621162.37,5,Sí,5 o más
3765,Sur,189,324637.30,3,No,3 a 4
3766,Sur,189,345278.41,6,Sí,5 o más
3767,Sur,189,791667.14,1,Sí,1 a 2
3768,Sur,189,809270.71,1,Sí,1 a 2
3769,Sur,189,369428.29,6,Sí,5 o más
3770,Sur,189,654476.51,3,Sí,3 a 4
3771,Sur,189,180239.80,2,No,1 a 2
3772,Sur,189,1971556.74,2,Sí,1 a 2
3773,Sur,189,497375.44,5,Sí,5 o más
3774,Sur,189,317915.18,5,Sí,5 o más
3775,Sur,189,513804.32,2,Sí,1 a 2
3776,Sur,189,1501703.58,6,Sí,5 o más
3777,Sur,189,374405.56,3,Sí,3 a 4
3778,Sur,189,330062.80,1,Sí,1 a 2
3779,Sur,189,355841.26,2,Sí,1 a 2
3780,Sur,189,626965.00,3,Sí,3 a 4
3781,Sur,190,761734.46,3,Sí,3 a 4
3782,Sur,190,652271.12,3,Sí,3 a 4
3783,Sur,190,555190.53,1,Sí,1 a 2
3784,Sur,190,1509292.07,4,Sí,3 a 4
3785,Sur,190,899907.86,4,No,3 a 4
3786,Sur,190,811569.54,3,Sí,3 a 4
3787,Sur,190,945783.42,5,Sí,5 o más
3788,Sur,190,1264360.81,2,Sí,1 a 2
3789,Sur,190,1703312.80,3,Sí,3 a 4
3790,Sur,190,992163.36,4,Sí,3 a 4
3791,Sur,190,638798.06,5,Sí,5 o más
3792,Sur,190,565152.01,3,Sí,3 a 4
3793,Sur,190,1096591.08,4,Sí,3 a 4
3794,Sur,190,1803933.21,2,Sí,1 a 2
3795,Sur,190,917166.58,3,Sí,3 a 4
3796,Sur,190,792065.79,3,Sí,3 a 4
3797,Sur,190,2026243.36,5,Sí,5 o más
3798,Sur,190,2438385.02,3,Sí,3 a 4
3799,Sur,190,391880.21,3,Sí,3 a 4
3800,Sur,190,757875.59,4,Sí,3 a 4
3801,Sur,191,239276.71,3,Sí,3 a 4
3802,Sur,191,717030.21,2,Sí,1 a 2
3803,Sur,191,232897.72,4,Sí,3 a 4
3804,Sur,191,364716.78,1,Sí,1 a 2
3805,Sur,191,926967.29,2,No,1 a 2
3806,Sur,191,395387.00,5,Sí,5 o más
3807,Sur,191,179069.56,2,Sí,1 a 2
3808,Sur,191,506441.87,1,No,1 a 2
3809,Sur,191,443219.56,5,Sí,5 o más
3810,Sur,191,500201.93,2,Sí,1 a 2
3811,Sur,191,625063.34,5,Sí,5 o más
3812,Sur,191,303926.57,5,Sí,5 o más
3813,Sur,191,243810.95,5,Sí,5 o más
3814,Sur,191,715481.34,5,No,5 o más
3815,Sur,191,596232.82,3,Sí,3 a 4
3816,Sur,191,366832.90,1,Sí,1 a 2
3817,Sur,191,315649.36,2,No,1 a 2
3818,Sur,191,253696.58,3,Sí,3 a 4
3819,Sur,191,480303.64,2,Sí,1 a 2
3820,Sur,191,345328.76,3,Sí,3 a 4
3821,Sur,192,569033.73,3,Sí,3 a 4
3822,Sur,192,193989.22,5,No,5 o más
3823,Sur,192,39881.57,1,No,1 a 2
3824,Sur,192,289087.67,5,No,5 o más
3825,Sur,192,66192.65,5,Sí,5 o más
3826,Sur,192,128497.97,1,Sí,1 a 2
3827,Sur,192,64436.89,1,Sí,1 a 2
3828,Sur,192,232530.27,11,No,5 o más
3829,Sur,192,147288.57,4,Sí,3 a 4
3830,Sur,192,253942.31,5,Sí,5 o más
3831,Sur,192,302584.94,2,No,1 a 2
3832,Sur,192,173780.10,6,No,5 o más
3833,Sur,192,112164.61,1,No,1 a 2
3834,Sur,192,107238.14,1,Sí,1 a 2
3835,Sur,192,417292.66,1,Sí,1 a 2
3836,Sur,192,500922.43,6,Sí,5 o más
3837,Sur,192,97665.24,5,No,5 o más
3838,Sur,192,218825.87,5,Sí,5 o más
3839,Sur,192,136960.13,2,Sí,1 a 2
3840,Sur,192,104459.71,4,Sí,3 a 4
3841,Sur,193,210862.03,2,Sí,1 a 2
3842,Sur,193,159802.65,2,Sí,1 a 2
3843,Sur,193,166989.31,2,No,1 a 2
3844,Sur,193,148631.12,4,No,3 a 4
3845,Sur,193,243441.65,6,Sí,5 o más
3846,Sur,193,268842.23,5,No,5 o más
3847,Sur,193,336876.32,2,Sí,1 a 2
3848,Sur,193,190614.65,6,Sí,5 o más
3849,Sur,193,334864.44,1,Sí,1 a 2
3850,Sur,193,367803.97,4,No,3 a 4
3851,Sur,193,201772.20,1,No,1 a 2
3852,Sur,193,289792.29,5,Sí,5 o más
3853,Sur,193,116548.09,2,Sí,1 a 2
3854,Sur,193,143462.41,5,Sí,5 o más
3855,Sur,193,436599.70,4,No,3 a 4
3856,Sur,193,216195.48,2,Sí,1 a 2
3857,Sur,193,429783.68,6,Sí,5 o más
3858,Sur,193,130900.34,5,Sí,5 o más
3859,Sur,193,144168.78,2,Sí,1 a 2
3860,Sur,193,312156.26,4,Sí,3 a 4
3861,Sur,194,518927.47,1,No,1 a 2
3862,Sur,194,420786.51,7,No,5 o más
3863,Sur,194,222054.40,4,Sí,3 a 4
3864,Sur,194,533491.93,6,No,5 o más
3865,Sur,194,634335.13,5,Sí,5 o más
3866,Sur,194,603024.18,4,No,3 a 4
3867,Sur,194,234209.59,8,Sí,5 o más
3868,Sur,194,193234.71,6,Sí,5 o más
3869,Sur,194,87414.58,1,Sí,1 a 2
3870,Sur,194,87186.60,3,Sí,3 a 4
3871,Sur,194,232304.06,5,Sí,5 o más
3872,Sur,194,574783.20,3,Sí,3 a 4
3873,Sur,194,371094.66,1,Sí,1 a 2
3874,Sur,194,139576.38,3,Sí,3 a 4
3875,Sur,194,330451.57,1,No,1 a 2
3876,Sur,194,281124.46,1,Sí,1 a 2
3877,Sur,194,558260.01,5,No,5 o más
3878,Sur,194,190984.58,5,No,5 o más
3879,Sur,194,150468.25,1,No,1 a 2
3880,Sur,194,318225.50,3,Sí,3 a 4
3881,Sur,195,309012.02,3,No,3 a 4
3882,Sur,195,278559.32,3,Sí,3 a 4
3883,Sur,195,418046.61,3,Sí,3 a 4
3884,Sur,195,239878.37,1,Sí,1 a 2
3885,Sur,195,619416.82,2,Sí,1 a 2
3886,Sur,195,479054.43,4,Sí,3 a 4
3887,Sur,195,227858.67,1,Sí,1 a 2
3888,Sur,195,276567.76,3,Sí,3 a 4
3889,Sur,195,2036211.62,6,Sí,5 o más
3890,Sur,195,1138600.39,5,Sí,5 o más
3891,Sur,195,293266.07,2,Sí,1 a 2
3892,Sur,195,454559.44,4,Sí,3 a 4
3893,Sur,195,699083.27,1,Sí,1 a 2
3894,Sur,195,423461.92,4,Sí,3 a 4
3895,Sur,195,1784293.02,3,Sí,3 a 4
3896,Sur,195,283808.12,5,No,5 o más
3897,Sur,195,446750.36,5,Sí,5 o más
3898,Sur,195,424609.15,1,Sí,1 a 2
3899,Sur,195,484708.16,1,Sí,1 a 2
3900,Sur,195,282104.48,3,Sí,3 a 4
3901,Sur,196,423470.72,2,Sí,1 a 2
3902,Sur,196,273913.67,4,Sí,3 a 4
3903,Sur,196,656828.49,4,Sí,3 a 4
3904,Sur,196,1247353.07,5,Sí,5 o más
3905,Sur,196,611366.25,1,Sí,1 a 2
3906,Sur,196,486156.31,5,Sí,5 o más
3907,Sur,196,430826.62,1,Sí,1 a 2
3908,Sur,196,628937.67,2,Sí,1 a 2
3909,Sur,196,458582.93,4,Sí,3 a 4
3910,Sur,196,333512.87,3,Sí,3 a 4
3911,Sur,196,2180161.11,6,Sí,5 o más
3912,Sur,196,919957.45,3,Sí,3 a 4
3913,Sur,196,273732.52,5,Sí,5 o más
3914,Sur,196,627937.23,6,Sí,5 o más
3915,Sur,196,291651.22,4,Sí,3 a 4
3916,Sur,196,548795.49,4,Sí,3 a 4
3917,Sur,196,183146.17,3,Sí,3 a 4
3918,Sur,196,695740.18,4,Sí,3 a 4
3919,Sur,196,414818.33,7,Sí,5 o más
3920,Sur,196,1466259.11,3,Sí,3 a 4
3921,Sur,197,236025.08,5,Sí,5 o más
3922,Sur,197,321452.46,5,Sí,5 o más
3923,Sur,197,460117.99,2,No,1 a 2
3924,Sur,197,337285.12,4,Sí,3 a 4
3925,Sur,197,1026351.10,5,Sí,5 o más
3926,Sur,197,1312269.46,3,No,3 a 4
3927,Sur,197,294384.39,3,Sí,3 a 4
3928,Sur,197,368569.18,1,Sí,1 a 2
3929,Sur,197,1177974.17,1,Sí,1 a 2
3930,Sur,197,197080.35,1,Sí,1 a 2
3931,Sur,197,950197.31,1,Sí,1 a 2
3932,Sur,197,567806.70,5,Sí,5 o más
3933,Sur,197,195503.62,3,Sí,3 a 4
3934,Sur,197,508611.07,3,No,3 a 4
3935,Sur,197,556549.02,3,Sí,3 a 4
3936,Sur,197,626483.74,1,Sí,1 a 2
3937,Sur,197,234947.68,4,Sí,3 a 4
3938,Sur,197,307564.08,2,No,1 a 2
3939,Sur,197,823960.66,1,Sí,1 a 2
3940,Sur,197,512643.08,3,Sí,3 a 4
3941,Sur,198,242306.86,4,Sí,3 a 4
3942,Sur,198,273843.15,4,No,3 a 4
3943,Sur,198,448895.86,1,Sí,1 a 2
3944,Sur,198,698559.14,2,Sí,1 a 2
3945,Sur,198,700782.67,5,No,5 o más
3946,Sur,198,440843.04,7,Sí,5 o más
3947,Sur,198,694976.39,1,Sí,1 a 2
3948,Sur,198,1163005.03,3,Sí,3 a 4
3949,Sur,198,687337.63,4,Sí,3 a 4
3950,Sur,198,312722.63,2,Sí,1 a 2
3951,Sur,198,206649.48,3,Sí,3 a 4
3952,Sur,198,425569.52,3,Sí,3 a 4
3953,Sur,198,743192.89,3,No,3 a 4
3954,Sur,198,492146.63,4,Sí,3 a 4
3955,Sur,198,691725.87,3,Sí,3 a 4
3956,Sur,198,398266.01,3,Sí,3 a 4
3957,Sur,198,1247538.10,2,Sí,1 a 2
3958,Sur,198,935758.79,5,Sí,5 o más
3959,Sur,198,508076.52,2,Sí,1 a 2
3960,Sur,198,1177047.15,3,No,3 a 4
3961,Sur,199,230330.74,4,Sí,3 a 4
3962,Sur,199,1134925.18,2,Sí,1 a 2
3963,Sur,199,546731.11,2,Sí,1 a 2
3964,Sur,199,137729.69,7,Sí,5 o más
3965,Sur,199,159822.34,5,Sí,5 o más
3966,Sur,199,889952.26,6,No,5 o más
3967,Sur,199,318765.20,5,No,5 o más
3968,Sur,199,387871.85,6,Sí,5 o más
3969,Sur,199,214695.63,5,No,5 o más
3970,Sur,199,130830.82,6,Sí,5 o más
3971,Sur,199,690264.49,2,Sí,1 a 2
3972,Sur,199,181506.97,5,No,5 o más
3973,Sur,199,274383.89,4,Sí,3 a 4
3974,Sur,199,122027.75,4,No,3 a 4
3975,Sur,199,325301.04,7,Sí,5 o más
3976,Sur,199,557855.92,2,Sí,1 a 2
3977,Sur,199,243623.26,5,No,5 o más
3978,Sur,199,517273.23,4,Sí,3 a 4
3979,Sur,199,193935.09,2,No,1 a 2
3980,Sur,199,200358.28,4,Sí,3 a 4
3981,Sur,200,289433.35,4,Sí,3 a 4
3982,Sur,200,390367.88,4,No,3 a 4
3983,Sur,200,363273.48,6,Sí,5 o más
3984,Sur,200,290638.59,3,No,3 a 4
3985,Sur,200,108149.32,5,No,5 o más
3986,Sur,200,626959.38,3,Sí,3 a 4
3987,Sur,200,403059.99,4,No,3 a 4
3988,Sur,200,157917.87,3,Sí,3 a 4
3989,Sur,200,341972.09,5,Sí,5 o más
3990,Sur,200,77073.71,4,Sí,3 a 4
3991,Sur,200,546023.65,3,Sí,3 a 4
3992,Sur,200,275270.96,4,No,3 a 4
3993,Sur,200,86760.82,1,Sí,1 a 2
3994,Sur,200,456876.69,4,Sí,3 a 4
3995,Sur,200,1174096.92,1,Sí,1 a 2
3996,Sur,200,285692.04,4,Sí,3 a 4
3997,Sur,200,339626.01,1,Sí,1 a 2
3998,Sur,200,295064.07,1,Sí,1 a 2
3999,Sur,200,413328.48,5,Sí,5 o más
4000,Sur,200,317843.39,4,No,3 a 4
