CODUSU;ANO4;TRIMESTRE;NRO_HOGAR;COMPONENTE;H15;REGION;MAS_500;AGLOMERADO;PONDERA;CH03;CH04;CH06;NIVEL_ED;ESTADO;CAT_OCUP;PP07H;INTENSI;P21;ITF;IPCF;PONDIIO
"CGEXJCXFJCLXVPRM6355";2025;4;1;1;1;43;"S";2;1602;1;2;42;2;1;3;2;2;-9;1132000;377333;0
"CGEXJCXFJCLXVPRM6355";2025;4;1;2;1;43;"S";2;1602;2;1;44;2;1;3;1;3;1132000;1132000;377333;1795
"CGEXJCXFJCLXVPRM6355";2025;4;1;3;1;43;"S";2;1602;3;1;12;3;3;0;0;0;0;1132000;377333;0
"ASOHBMHCQUXNGHYG6723";2025;4;1;1;1;43;"S";2;658;1;2;43;4;3;0;0;0;0;0;0;0
"GHOFFHJRFOGJUEWW6801";2025;4;1;1;1;43;"S";2;800;1;2;59;6;3;0;0;0;0;1477000;295400;0
"GHOFFHJRFOGJUEWW6801";2025;4;1;2;1;43;"S";2;800;2;1;63;3;1;3;1;2;781000;1477000;295400;896
"GHOFFHJRFOGJUEWW6801";2025;4;1;3;1;43;"S";2;800;5;2;25;4;2;0;0;0;0;1477000;295400;0
"GHOFFHJRFOGJUEWW6801";2025;4;1;4;1;43;"S";2;800;3;1;26;1;2;0;0;0;0;1477000;295400;0
"GHOFFHJRFOGJUEWW6801";2025;4;1;5;1;43;"S";2;800;3;1;28;6;1;3;2;3;696000;1477000;295400;896
"RLDIHMRNPSFUIBHZ5821";2025;4;1;1;1;43;"S";2;1836;1;2;42;5;1;2;0;2;92000;275000;55000;2057
"RLDIHMRNPSFUIBHZ5821";2025;4;1;2;1;43;"S";2;1836;2;1;46;5;1;3;1;3;183000;275000;55000;2057
"RLDIHMRNPSFUIBHZ5821";2025;4;1;3;1;43;"S";2;1836;3;2;15;3;3;0;0;0;0;275000;55000;0
"RLDIHMRNPSFUIBHZ5821";2025;4;1;4;1;43;"S";2;1836;3;1;16;1;3;0;0;0;0;275000;55000;0
"RLDIHMRNPSFUIBHZ5821";2025;4;1;5;1;43;"S";2;1836;3;1;14;1;3;0;0;0;0;275000;55000;0
"FRGVWLOSUPAWBRDT8270";2025;4;1;1;1;43;"S";2;754;1;1;52;6;1;3;1;3;1529000;1529000;764500;845
"FRGVWLOSUPAWBRDT8270";2025;4;1;2;1;43;"S";2;754;2;2;47;2;1;2;0;2;-9;1529000;764500;0
"GZQAWUHPZSPTYGZN0427";2025;4;1;1;1;43;"S";2;457;1;1;39;2;2;0;0;0;0;1753000;876500;0
"GZQAWUHPZSPTYGZN0427";2025;4;1;2;1;43;"S";2;457;2;2;41;2;1;1;0;2;1753000;1753000;876500;512
"KCBYENEACYRXBUZW4416";2025;4;1;1;1;43;"S";2;451;1;1;66;5;3;0;0;0;0;1503000;375750;0
"KCBYENEACYRXBUZW4416";2025;4;1;2;1;43;"S";2;451;9;1;36;3;3;0;0;0;0;1503000;375750;0
"KCBYENEACYRXBUZW4416";2025;4;1;3;1;43;"S";2;451;3;1;40;2;1;2;0;2;1503000;1503000;375750;505
"KCBYENEACYRXBUZW4416";2025;4;1;4;1;43;"S";2;451;3;2;32;5;1;3;1;3;0;1503000;375750;505
"ZWHIEESYTWJRQVQU4380";2025;4;1;1;1;43;"S";2;933;1;1;26;6;2;0;0;0;0;0;0;0
"ZWHIEESYTWJRQVQU4380";2025;4;1;2;1;43;"S";2;933;2;2;25;3;3;0;0;0;0;0;0;0
"ZWHIEESYTWJRQVQU4380";2025;4;1;3;1;43;"S";2;933;9;2;5;1;4;0;0;0;0;0;0;0
"WJCHFUCPWYOIACVM1026";2025;4;1;1;1;43;"S";2;900;1;2;31;1;1;3;2;2;-9;525000;131250;0
"WJCHFUCPWYOIACVM1026";2025;4;1;2;1;43;"S";2;900;2;1;30;2;1;3;1;2;525000;525000;131250;1008
"WJCHFUCPWYOIACVM1026";2025;4;1;3;1;43;"S";2;900;3;1;10;1;3;0;0;0;0;525000;131250;0
"WJCHFUCPWYOIACVM1026";2025;4;1;4;1;43;"S";2;900;3;2;9;2;4;0;0;0;0;525000;131250;0
"XJGYTMXAFEKPXLPA2173";2025;4;1;1;1;43;"S";2;1136;1;1;68;5;3;0;0;0;0;1817000;302833;0
"XJGYTMXAFEKPXLPA2173";2025;4;1;2;1;43;"S";2;1136;2;2;67;4;3;0;0;0;0;1817000;302833;0
"XJGYTMXAFEKPXLPA2173";2025;4;1;3;1;43;"S";2;1136;5;1;27;6;1;3;1;2;542000;1817000;302833;1273
"XJGYTMXAFEKPXLPA2173";2025;4;1;4;1;43;"S";2;1136;3;2;45;3;1;3;2;2;532000;1817000;302833;1273
"XJGYTMXAFEKPXLPA2173";2025;4;1;5;1;43;"S";2;1136;3;2;31;3;3;0;0;0;0;1817000;302833;0
"XJGYTMXAFEKPXLPA2173";2025;4;1;6;1;43;"S";2;1136;3;2;48;4;1;3;2;2;743000;1817000;302833;1273
"XTDEKAOMQRFUNDXZ4199";2025;4;1;1;1;43;"S";2;714;1;2;81;4;3;0;0;0;0;3752000;750400;0
"XTDEKAOMQRFUNDXZ4199";2025;4;1;2;1;43;"S";2;714;2;1;78;4;3;0;0;0;0;3752000;750400;0
"XTDEKAOMQRFUNDXZ4199";2025;4;1;3;1;43;"S";2;714;3;1;33;4;1;1;0;2;3488000;3752000;750400;800
"XTDEKAOMQRFUNDXZ4199";2025;4;1;4;1;43;"S";2;714;3;1;53;4;1;3;2;2;128000;3752000;750400;800
"XTDEKAOMQRFUNDXZ4199";2025;4;1;5;1;43;"S";2;714;3;1;39;3;1;2;0;3;136000;3752000;750400;800
"ALXMQTHAWJJJAMIC9596";2025;4;1;1;1;43;"S";2;481;1;1;71;2;3;0;0;0;0;393000;131000;0
"ALXMQTHAWJJJAMIC9596";2025;4;1;2;1;43;"S";2;481;3;1;34;6;3;0;0;0;0;393000;131000;0
"ALXMQTHAWJJJAMIC9596";2025;4;1;3;1;43;"S";2;481;3;1;38;4;1;3;1;3;393000;393000;131000;539
"YLOJHNUMQZYIIPYU6933";2025;4;1;1;1;43;"S";2;835;1;1;47;5;1;3;1;2;1839000;1839000;1839000;935
"IDWSKQGXLZFVVJJX5617";2025;4;1;1;1;43;"S";2;1031;1;1;70;2;3;0;0;0;0;438000;219000;0
"IDWSKQGXLZFVVJJX5617";2025;4;1;2;1;43;"S";2;1031;3;1;39;1;1;2;0;2;438000;438000;219000;1155
"EIPSWIKSNZYOLZNM9833";2025;4;1;1;1;43;"S";2;751;1;2;74;3;3;0;0;0;0;407000;203500;0
"EIPSWIKSNZYOLZNM9833";2025;4;1;2;1;43;"S";2;751;3;1;46;1;1;3;1;3;407000;407000;203500;841
"JOVPSSBTHDLGDTUC2781";2025;4;1;1;1;43;"S";2;1719;1;1;72;2;3;0;0;0;0;107000;53500;0
"JOVPSSBTHDLGDTUC2781";2025;4;1;2;1;43;"S";2;1719;3;1;44;3;1;2;0;3;107000;107000;53500;1926
"GYMLJDJSFHKKSKZH9543";2025;4;1;1;1;43;"S";2;442;1;1;32;1;1;3;1;1;225000;225000;112500;495
"GYMLJDJSFHKKSKZH9543";2025;4;1;2;1;43;"S";2;442;2;2;34;4;3;0;0;0;0;225000;112500;0
"UZNIMKIGUXMJFWQD6074";2025;4;1;1;1;43;"S";2;765;1;1;44;6;1;3;1;2;2085000;3689000;1844500;857
"UZNIMKIGUXMJFWQD6074";2025;4;1;2;1;43;"S";2;765;2;2;42;4;1;2;0;2;1604000;3689000;1844500;857
"RHCRMGXKUJEIAFTS3427";2025;4;1;1;1;43;"S";2;516;1;2;39;5;1;3;1;2;221000;221000;221000;578
"GDWBOTHYUTYVBFIG9529";2025;4;1;1;1;43;"S";2;667;1;1;45;3;1;3;1;2;607000;607000;151750;747
"GDWBOTHYUTYVBFIG9529";2025;4;1;2;1;43;"S";2;667;2;2;46;5;1;3;1;3;-9;607000;151750;0
"GDWBOTHYUTYVBFIG9529";2025;4;1;3;1;43;"S";2;667;3;1;16;2;3;0;0;0;0;607000;151750;0
"GDWBOTHYUTYVBFIG9529";2025;4;1;4;1;43;"S";2;667;3;2;19;4;3;0;0;0;0;607000;151750;0
"GFAVYXSBSIUHWZGB5067";2025;4;1;1;1;43;"S";2;799;1;2;61;2;3;0;0;0;0;0;0;0
"ZNEPFNBOYWCBYYRR4761";2025;4;1;1;1;43;"S";2;994;1;2;65;3;1;3;2;3;311000;311000;155500;1114
"ZNEPFNBOYWCBYYRR4761";2025;4;1;2;1;43;"S";2;994;3;1;43;4;3;0;0;0;0;311000;155500;0
"CCPAPOLDZZHNDWMW4805";2025;4;1;1;1;43;"S";2;698;1;1;67;4;3;0;0;0;0;1110000;277500;0
"CCPAPOLDZZHNDWMW4805";2025;4;1;2;1;43;"S";2;698;2;2;64;1;3;0;0;0;0;1110000;277500;0
"CCPAPOLDZZHNDWMW4805";2025;4;1;3;1;43;"S";2;698;3;2;32;4;3;0;0;0;0;1110000;277500;0
"CCPAPOLDZZHNDWMW4805";2025;4;1;4;1;43;"S";2;698;3;1;29;3;1;3;2;2;1110000;1110000;277500;782
"EXQGBAONBSFLPALQ9011";2025;4;1;1;1;43;"S";2;626;1;1;38;1;1;2;0;3;755000;2135000;427000;701
"EXQGBAONBSFLPALQ9011";2025;4;1;2;1;43;"S";2;626;2;2;37;4;1;3;2;3;206000;2135000;427000;701
"EXQGBAONBSFLPALQ9011";2025;4;1;3;1;43;"S";2;626;3;2;17;3;3;0;0;0;0;2135000;427000;0
"EXQGBAONBSFLPALQ9011";2025;4;1;4;1;43;"S";2;626;3;2;17;3;3;0;0;0;0;2135000;427000;0
"EXQGBAONBSFLPALQ9011";2025;4;1;5;1;43;"S";2;626;3;2;17;3;1;3;1;2;1174000;2135000;427000;701
"OWAQDZHKBYPQGSKR7054";2025;4;1;1;1;43;"S";2;1889;1;2;55;6;1;3;2;2;748000;1258000;314500;2116
"OWAQDZHKBYPQGSKR7054";2025;4;1;2;1;43;"S";2;1889;2;1;54;5;1;2;0;2;385000;1258000;314500;2116
"OWAQDZHKBYPQGSKR7054";2025;4;1;3;1;43;"S";2;1889;3;2;31;3;3;0;0;0;0;1258000;314500;0
"OWAQDZHKBYPQGSKR7054";2025;4;1;4;1;43;"S";2;1889;3;1;27;6;1;3;1;2;125000;1258000;314500;2116
"EUIGPNYVNIGXSZOI8383";2025;4;1;1;1;43;"S";2;671;1;1;32;6;3;0;0;0;0;0;0;0
"EUIGPNYVNIGXSZOI8383";2025;4;1;2;1;43;"S";2;671;2;2;35;3;3;0;0;0;0;0;0;0
"EUIGPNYVNIGXSZOI8383";2025;4;1;3;1;43;"S";2;671;3;2;8;1;4;0;0;0;0;0;0;0
"ZWWWZGEUMJDDRBIG9055";2025;4;1;1;1;43;"S";2;608;1;1;49;1;1;2;0;2;238000;826000;165200;681
"ZWWWZGEUMJDDRBIG9055";2025;4;1;2;1;43;"S";2;608;2;2;48;3;1;3;2;3;588000;826000;165200;681
"ZWWWZGEUMJDDRBIG9055";2025;4;1;3;1;43;"S";2;608;3;1;18;5;1;3;1;3;-9;826000;165200;0
"ZWWWZGEUMJDDRBIG9055";2025;4;1;4;1;43;"S";2;608;3;1;26;4;1;3;2;1;-9;826000;165200;0
"ZWWWZGEUMJDDRBIG9055";2025;4;1;5;1;43;"S";2;608;5;1;21;6;3;0;0;0;0;826000;165200;0
"GQKXRPQTHSSWHGIQ6685";2025;4;1;1;1;43;"S";2;909;1;1;24;4;3;0;0;0;0;0;0;0
"GQKXRPQTHSSWHGIQ6685";2025;4;1;2;1;43;"S";2;909;3;2;2;7;4;0;0;0;0;0;0;0
"GQKXRPQTHSSWHGIQ6685";2025;4;1;3;1;43;"S";2;909;3;2;3;7;4;0;0;0;0;0;0;0
"GQKXRPQTHSSWHGIQ6685";2025;4;1;4;1;43;"S";2;909;5;1;2;7;4;0;0;0;0;0;0;0
"GQKXRPQTHSSWHGIQ6685";2025;4;1;5;1;43;"S";2;909;3;2;3;7;4;0;0;0;0;0;0;0
"IGUNBGQYHHFHMIFL6736";2025;4;1;1;1;43;"S";2;993;1;1;23;3;3;0;0;0;0;0;0;0
"IGUNBGQYHHFHMIFL6736";2025;4;1;2;1;43;"S";2;993;3;2;3;7;4;0;0;0;0;0;0;0
"IGUNBGQYHHFHMIFL6736";2025;4;1;3;1;43;"S";2;993;3;2;3;7;4;0;0;0;0;0;0;0
"IGUNBGQYHHFHMIFL6736";2025;4;1;4;1;43;"S";2;993;3;1;3;7;4;0;0;0;0;0;0;0
"IGUNBGQYHHFHMIFL6736";2025;4;2;1;1;43;"S";2;669;1;1;30;1;3;0;0;0;0;0;0;0
"NDKHRNQHOZPDGKYT2291";2025;4;1;1;1;43;"S";2;1440;1;2;53;2;1;1;0;3;1383000;1383000;1383000;1613
"QBMFUDGZVMCUZQHP5100";2025;4;1;1;1;43;"S";2;1333;1;1;31;3;2;0;0;0;0;0;0;0
"QBMFUDGZVMCUZQHP5100";2025;4;1;2;1;43;"S";2;1333;2;2;34;4;3;0;0;0;0;0;0;0
"QBMFUDGZVMCUZQHP5100";2025;4;1;3;1;43;"S";2;1333;3;2;8;1;4;0;0;0;0;0;0;0
"TXTLFWPDUMSNZJWE1927";2025;4;1;1;1;43;"S";2;1703;1;2;73;5;3;0;0;0;0;978000;326000;0
"TXTLFWPDUMSNZJWE1927";2025;4;1;2;1;43;"S";2;1703;3;1;45;4;1;3;1;1;248000;978000;326000;1908
"TXTLFWPDUMSNZJWE1927";2025;4;1;3;1;43;"S";2;1703;3;1;51;4;1;3;1;2;730000;978000;326000;1908
"DUPVVGBGPBFFQOPR1255";2025;4;1;1;1;43;"S";2;667;1;1;42;2;3;0;0;0;0;0;0;0
"DUPVVGBGPBFFQOPR1255";2025;4;1;2;1;43;"S";2;667;3;1;13;1;3;0;0;0;0;0;0;0
"DUPVVGBGPBFFQOPR1255";2025;4;1;3;1;43;"S";2;667;3;2;15;3;3;0;0;0;0;0;0;0
"DUPVVGBGPBFFQOPR1255";2025;4;1;4;1;43;"S";2;667;5;1;21;3;2;0;0;0;0;0;0;0
"OBPZXGODUFABHPNG6123";2025;4;1;1;1;43;"S";2;574;1;1;64;5;1;3;1;2;486000;486000;486000;643
"SOTNCLWGZIVJXFXL2522";2025;4;1;1;1;43;"S";2;586;1;1;47;4;1;1;0;2;313000;1118000;559000;656
"SOTNCLWGZIVJXFXL2522";2025;4;1;2;1;43;"S";2;586;2;2;46;4;1;3;1;2;805000;1118000;559000;656
"OAOOSDEBGDBLFAMV3990";2025;4;1;1;1;43;"S";2;1297;1;1;77;2;3;0;0;0;0;1524000;508000;0
"OAOOSDEBGDBLFAMV3990";2025;4;1;2;1;43;"S";2;1297;2;2;80;3;3;0;0;0;0;1524000;508000;0
"OAOOSDEBGDBLFAMV3990";2025;4;1;3;1;43;"S";2;1297;3;2;37;4;1;3;1;2;1524000;1524000;508000;1453
"GXGZMHWAVDLEJJXJ2726";2025;4;1;1;1;43;"S";2;1194;1;2;70;4;3;0;0;0;0;246000;82000;0
"GXGZMHWAVDLEJJXJ2726";2025;4;1;2;1;43;"S";2;1194;2;1;71;1;3;0;0;0;0;246000;82000;0
"GXGZMHWAVDLEJJXJ2726";2025;4;1;3;1;43;"S";2;1194;3;2;50;2;1;2;0;2;246000;246000;82000;1338
"PODYZJZNBZGMHUSU9259";2025;4;1;1;1;43;"S";2;744;1;2;25;1;1;3;2;2;1349000;1349000;449667;833
"PODYZJZNBZGMHUSU9259";2025;4;1;2;1;43;"S";2;744;3;2;5;1;4;0;0;0;0;1349000;449667;0
"PODYZJZNBZGMHUSU9259";2025;4;1;3;1;43;"S";2;744;3;2;4;7;4;0;0;0;0;1349000;449667;0
"BDGNILGUMAKQBEEY2880";2025;4;1;1;1;43;"S";2;813;1;2;39;6;1;3;2;3;5081000;6070000;1011667;911
"BDGNILGUMAKQBEEY2880";2025;4;1;2;1;43;"S";2;813;2;1;37;5;1;3;1;2;989000;6070000;1011667;911
"BDGNILGUMAKQBEEY2880";2025;4;1;3;1;43;"S";2;813;3;2;13;2;3;0;0;0;0;6070000;1011667;0
"BDGNILGUMAKQBEEY2880";2025;4;1;4;1;43;"S";2;813;9;2;18;3;1;4;0;2;0;6070000;1011667;911
"BDGNILGUMAKQBEEY2880";2025;4;1;5;1;43;"S";2;813;3;1;16;2;1;3;1;2;-9;6070000;1011667;0
"BDGNILGUMAKQBEEY2880";2025;4;1;6;1;43;"S";2;813;3;2;14;2;3;0;0;0;0;6070000;1011667;0
"PWHFBTPXCGQVPHIU7039";2025;4;1;1;1;43;"S";2;930;1;2;51;1;1;3;2;3;318000;1644000;822000;1042
"PWHFBTPXCGQVPHIU7039";2025;4;1;2;1;43;"S";2;930;3;1;19;5;1;3;1;3;1326000;1644000;822000;1042
"GDFAOIJPZZPLIAGK9365";2025;4;1;1;1;43;"S";2;552;1;2;29;5;1;3;2;2;244000;718000;359000;618
"GDFAOIJPZZPLIAGK9365";2025;4;1;2;1;43;"S";2;552;2;1;35;3;1;3;1;3;474000;718000;359000;618
"ZCKIMCPIBTZLAJGE6017";2025;4;1;1;1;43;"S";2;409;1;1;44;6;2;0;0;0;0;558000;279000;0
"ZCKIMCPIBTZLAJGE6017";2025;4;1;2;1;43;"S";2;409;2;2;50;4;1;2;0;2;558000;558000;279000;458
"NDEPKGOSPXHFZSFM8013";2025;4;1;1;1;43;"N";3;221;1;2;60;5;1;3;1;2;1069000;1069000;1069000;330
"SDRDXIWDBBZMRRRG9444";2025;4;1;1;1;43;"N";3;312;1;1;33;1;2;0;0;0;0;0;0;0
"SDRDXIWDBBZMRRRG9444";2025;4;1;2;1;43;"N";3;312;2;2;29;3;2;0;0;0;0;0;0;0
"DYBJZYNBYKRFQXVH5698";2025;4;1;1;1;43;"N";3;399;1;2;77;3;3;0;0;0;0;1758000;586000;0
"DYBJZYNBYKRFQXVH5698";2025;4;1;2;1;43;"N";3;399;2;1;81;6;1;3;1;1;1758000;1758000;586000;595
"DYBJZYNBYKRFQXVH5698";2025;4;1;3;1;43;"N";3;399;3;1;42;3;1;3;1;2;-9;1758000;586000;0
"DFGAXHBFIARXLZOL9382";2025;4;1;1;1;43;"N";3;258;1;1;54;3;1;3;2;3;-9;0;0;0
"INUJZOAUXHRVNPDR7181";2025;4;1;1;1;43;"N";3;520;1;1;55;4;1;2;0;2;697000;697000;174250;776
"INUJZOAUXHRVNPDR7181";2025;4;1;2;1;43;"N";3;520;2;2;56;6;1;3;2;2;-9;697000;174250;0
"INUJZOAUXHRVNPDR7181";2025;4;1;3;1;43;"N";3;520;3;1;30;1;1;3;2;2;-9;697000;174250;0
"INUJZOAUXHRVNPDR7181";2025;4;1;4;1;43;"N";3;520;3;2;27;2;3;0;0;0;0;697000;174250;0
"SPCLEVBRYRVYDZKB1806";2025;4;1;1;1;43;"N";3;331;1;1;67;2;3;0;0;0;0;529000;132250;0
"SPCLEVBRYRVYDZKB1806";2025;4;1;2;1;43;"N";3;331;2;2;65;6;3;0;0;0;0;529000;132250;0
"SPCLEVBRYRVYDZKB1806";2025;4;1;3;1;43;"N";3;331;3;1;35;2;2;0;0;0;0;529000;132250;0
"SPCLEVBRYRVYDZKB1806";2025;4;1;4;1;43;"N";3;331;3;2;44;6;1;3;1;2;529000;529000;132250;494
"OJBTWIPJHXWGYINH9838";2025;4;1;1;1;43;"N";3;374;1;1;38;3;2;0;0;0;0;0;0;0
"KAPCFKVLDWXYHYQZ3795";2025;4;1;1;1;43;"N";3;412;1;2;59;1;3;0;0;0;0;0;0;0
"KAPCFKVLDWXYHYQZ3795";2025;4;1;2;1;43;"N";3;412;2;1;62;1;3;0;0;0;0;0;0;0
"WNZYHYAIGVYEMTOE6469";2025;4;1;1;1;43;"N";3;234;1;1;80;3;3;0;0;0;0;5852000;1950667;0
"WNZYHYAIGVYEMTOE6469";2025;4;1;2;1;43;"N";3;234;2;2;77;5;3;0;0;0;0;5852000;1950667;0
"WNZYHYAIGVYEMTOE6469";2025;4;1;3;1;43;"N";3;234;3;2;56;1;1;2;0;2;5852000;5852000;1950667;349
"DPPHHZCHRCAMPQQG3034";2025;4;1;1;1;43;"N";3;343;1;1;32;1;3;0;0;0;0;0;0;0
"ZEVHFDEFRSWMZYML5876";2025;4;1;1;1;43;"N";3;269;1;1;59;2;1;3;2;2;-9;1675000;418750;0
"ZEVHFDEFRSWMZYML5876";2025;4;1;2;1;43;"N";3;269;2;2;57;6;2;0;0;0;0;1675000;418750;0
"ZEVHFDEFRSWMZYML5876";2025;4;1;3;1;43;"N";3;269;3;1;25;6;1;3;1;2;-9;1675000;418750;0
"ZEVHFDEFRSWMZYML5876";2025;4;1;4;1;43;"N";3;269;5;2;31;5;1;3;1;2;1675000;1675000;418750;401
"DWXMXRQEZHGSJWWJ2202";2025;4;1;1;1;43;"N";3;153;1;2;35;2;3;0;0;0;0;0;0;0
"MGNHPKXHHBMMPVRI4612";2025;4;1;1;1;43;"N";3;252;1;2;35;4;3;0;0;0;0;0;0;0
"MGNHPKXHHBMMPVRI4612";2025;4;1;2;1;43;"N";3;252;3;1;12;3;3;0;0;0;0;0;0;0
"MTLDIGSMAJNTMTGV8369";2025;4;1;1;1;43;"N";3;586;1;1;35;5;1;3;1;2;239000;239000;239000;874
"WFFNGCPYASJABTQB2088";2025;4;1;1;1;43;"N";3;306;1;1;74;3;3;0;0;0;0;0;0;0
"WFFNGCPYASJABTQB2088";2025;4;1;2;1;43;"N";3;306;2;2;77;2;3;0;0;0;0;0;0;0
"WFFNGCPYASJABTQB2088";2025;4;1;3;1;43;"N";3;306;3;1;36;4;1;2;0;2;-9;0;0;0
"VKZSABCVXFGHQYRE9830";2025;4;1;1;1;43;"N";3;318;1;1;30;4;1;3;1;3;835000;835000;167000;474
"VKZSABCVXFGHQYRE9830";2025;4;1;2;1;43;"N";3;318;3;2;6;1;4;0;0;0;0;835000;167000;0
"VKZSABCVXFGHQYRE9830";2025;4;1;3;1;43;"N";3;318;5;2;6;2;4;0;0;0;0;835000;167000;0
"VKZSABCVXFGHQYRE9830";2025;4;1;4;1;43;"N";3;318;3;1;6;1;4;0;0;0;0;835000;167000;0
"VKZSABCVXFGHQYRE9830";2025;4;1;5;1;43;"N";3;318;3;1;9;2;4;0;0;0;0;835000;167000;0
"VYLAUCIQZWAGQEFO3597";2025;4;1;1;1;43;"N";3;470;1;1;81;5;3;0;0;0;0;3533000;883250;0
"VYLAUCIQZWAGQEFO3597";2025;4;1;2;1;43;"N";3;470;3;1;40;4;1;2;0;2;391000;3533000;883250;701
"VYLAUCIQZWAGQEFO3597";2025;4;1;3;1;43;"N";3;470;3;1;49;5;1;3;1;3;2818000;3533000;883250;701
"VYLAUCIQZWAGQEFO3597";2025;4;1;4;1;43;"N";3;470;3;1;52;4;1;2;0;2;324000;3533000;883250;701
"PAHCWGFDJKQTIFXW4537";2025;4;1;1;1;43;"N";3;206;1;2;51;5;2;0;0;0;0;0;0;0
"PAHCWGFDJKQTIFXW4537";2025;4;1;2;1;43;"N";3;206;5;1;17;2;3;0;0;0;0;0;0;0
"ATMEWOOXQOWLPGIA3388";2025;4;1;1;1;43;"N";3;298;1;1;33;4;1;3;1;2;-9;0;0;0
"HNZTECTMZMHYAJWP0451";2025;4;1;1;1;43;"N";3;257;1;2;47;6;1;3;1;2;-9;0;0;0
"HNZTECTMZMHYAJWP0451";2025;4;1;2;1;43;"N";3;257;2;1;50;3;1;3;1;2;-9;0;0;0
"RCKIQZAVBJEYLKYI8255";2025;4;1;1;1;43;"N";3;779;1;2;65;1;3;0;0;0;0;0;0;0
"RCKIQZAVBJEYLKYI8255";2025;4;1;2;1;43;"N";3;779;3;1;28;4;3;0;0;0;0;0;0;0
"EZRUYREYYBOSUZYM2058";2025;4;1;1;1;43;"N";3;275;1;2;82;3;3;0;0;0;0;0;0;0
"MUGFEFLLFDQKSOLT0486";2025;4;1;1;1;43;"N";3;366;1;1;38;2;1;3;2;3;482000;482000;120500;546
"MUGFEFLLFDQKSOLT0486";2025;4;1;2;1;43;"N";3;366;3;1;10;1;3;0;0;0;0;482000;120500;0
"MUGFEFLLFDQKSOLT0486";2025;4;1;3;1;43;"N";3;366;3;2;14;3;3;0;0;0;0;482000;120500;0
"MUGFEFLLFDQKSOLT0486";2025;4;1;4;1;43;"N";3;366;3;1;13;2;3;0;0;0;0;482000;120500;0
"XAOPSHSYMPVJNGSB5105";2025;4;1;1;1;43;"N";3;481;1;1;22;3;1;3;2;2;1128000;1128000;376000;718
"XAOPSHSYMPVJNGSB5105";2025;4;1;2;1;43;"N";3;481;3;1;2;7;4;0;0;0;0;1128000;376000;0
"XAOPSHSYMPVJNGSB5105";2025;4;1;3;1;43;"N";3;481;3;2;2;7;4;0;0;0;0;1128000;376000;0
"ZGZMXRWGQCYFIQYI8887";2025;4;1;1;1;43;"N";3;498;1;2;50;7;3;0;0;0;0;208000;104000;0
"ZGZMXRWGQCYFIQYI8887";2025;4;1;2;1;43;"N";3;498;2;1;52;1;1;2;0;2;208000;208000;104000;743
"LLXZMSKPILKCMXYL4225";2025;4;1;1;1;43;"N";3;655;1;1;52;3;1;3;1;3;191000;191000;63667;977
"LLXZMSKPILKCMXYL4225";2025;4;1;2;1;43;"N";3;655;2;2;54;6;3;0;0;0;0;191000;63667;0
"LLXZMSKPILKCMXYL4225";2025;4;1;3;1;43;"N";3;655;3;2;30;6;3;0;0;0;0;191000;63667;0
"MSGUWIEJZLYYLOFN2203";2025;4;1;1;1;43;"N";3;223;1;1;40;4;1;2;0;2;-9;0;0;0
"MSGUWIEJZLYYLOFN2203";2025;4;1;2;1;43;"N";3;223;2;2;44;2;3;0;0;0;0;0;0;0
"SKHPIYVSBJZIQVZH9201";2025;4;1;1;1;43;"N";3;681;1;1;49;3;1;2;0;2;295000;295000;98333;1016
"SKHPIYVSBJZIQVZH9201";2025;4;1;2;1;43;"N";3;681;2;2;55;5;1;3;2;3;-9;295000;98333;0
"SKHPIYVSBJZIQVZH9201";2025;4;1;3;1;43;"N";3;681;3;2;25;5;3;0;0;0;0;295000;98333;0
"CPKAVZVOYJUHKAKD2649";2025;4;1;1;1;43;"N";3;381;1;2;26;4;1;3;1;2;525000;525000;525000;568
"CPKAVZVOYJUHKAKD2649";2025;4;2;1;1;43;"N";3;868;1;1;27;5;1;3;1;2;973000;973000;324333;1295
"CPKAVZVOYJUHKAKD2649";2025;4;2;2;1;43;"N";3;868;9;1;5;1;4;0;0;0;0;973000;324333;0
"CPKAVZVOYJUHKAKD2649";2025;4;2;3;1;43;"N";3;868;3;1;7;1;4;0;0;0;0;973000;324333;0
"BYCJXIJLOLWMIZUN5452";2025;4;1;1;1;43;"N";3;245;1;2;43;2;3;0;0;0;0;2234000;558500;0
"BYCJXIJLOLWMIZUN5452";2025;4;1;2;1;43;"N";3;245;2;1;46;4;1;2;0;3;1797000;2234000;558500;366
"BYCJXIJLOLWMIZUN5452";2025;4;1;3;1;43;"N";3;245;3;1;21;5;1;2;0;3;437000;2234000;558500;366
"BYCJXIJLOLWMIZUN5452";2025;4;1;4;1;43;"N";3;245;3;2;17;3;3;0;0;0;0;2234000;558500;0
"GUZTEKSLUPVYWOER4527";2025;4;1;1;1;43;"N";3;275;1;1;41;1;3;0;0;0;0;0;0;0
"GUZTEKSLUPVYWOER4527";2025;4;1;2;1;43;"N";3;275;2;2;35;3;3;0;0;0;0;0;0;0
"GUZTEKSLUPVYWOER4527";2025;4;1;3;1;43;"N";3;275;3;1;13;2;3;0;0;0;0;0;0;0
"UOQQIACEXLWNQOCJ0258";2025;4;1;1;1;43;"N";3;363;1;1;55;3;1;3;2;2;2950000;5117000;1279250;542
"UOQQIACEXLWNQOCJ0258";2025;4;1;2;1;43;"N";3;363;2;2;50;4;1;3;1;2;-9;5117000;1279250;0
"UOQQIACEXLWNQOCJ0258";2025;4;1;3;1;43;"N";3;363;3;1;33;6;1;3;1;2;1503000;5117000;1279250;542
"UOQQIACEXLWNQOCJ0258";2025;4;1;4;1;43;"N";3;363;3;2;33;2;1;2;0;2;664000;5117000;1279250;542
"LBEWNGSERDOBEXWT0665";2025;4;1;1;1;43;"N";3;172;1;1;58;2;1;3;2;3;-9;0;0;0
"LBEWNGSERDOBEXWT0665";2025;4;1;2;1;43;"N";3;172;2;2;53;3;3;0;0;0;0;0;0;0
"LBEWNGSERDOBEXWT0665";2025;4;1;3;1;43;"N";3;172;3;2;32;1;3;0;0;0;0;0;0;0
"LBEWNGSERDOBEXWT0665";2025;4;1;4;1;43;"N";3;172;3;1;26;2;2;0;0;0;0;0;0;0
"HPUEZJMIPVCCGOHD5529";2025;4;1;1;1;43;"N";3;306;1;1;24;5;3;0;0;0;0;0;0;0
"HPUEZJMIPVCCGOHD5529";2025;4;1;2;1;43;"N";3;306;3;1;4;7;4;0;0;0;0;0;0;0
"UTKGTIDNPIEVECSX3137";2025;4;1;1;1;43;"N";3;155;1;1;55;3;1;3;1;1;-9;0;0;0
"SEPTZALXNOTKELRR8931";2025;4;1;1;1;43;"N";3;521;1;2;46;6;3;0;0;0;0;118000;39333;0
"SEPTZALXNOTKELRR8931";2025;4;1;2;1;43;"N";3;521;2;1;45;1;1;3;2;3;118000;118000;39333;777
"SEPTZALXNOTKELRR8931";2025;4;1;3;1;43;"N";3;521;3;1;24;5;2;0;0;0;0;118000;39333;0
"RBEVJBOIGQUOXKLE8606";2025;4;1;1;1;43;"N";3;344;1;2;55;4;2;0;0;0;0;600000;300000;0
"RBEVJBOIGQUOXKLE8606";2025;4;1;2;1;43;"N";3;344;3;2;35;4;1;3;1;3;600000;600000;300000;513
"EHIDDBDDIAKZUMSN2313";2025;4;1;1;1;43;"N";3;191;1;1;75;2;3;0;0;0;0;3055000;509167;0
"EHIDDBDDIAKZUMSN2313";2025;4;1;2;1;43;"N";3;191;2;2;80;5;3;0;0;0;0;3055000;509167;0
"EHIDDBDDIAKZUMSN2313";2025;4;1;3;1;43;"N";3;191;3;1;33;3;1;3;1;3;2302000;3055000;509167;285
"EHIDDBDDIAKZUMSN2313";2025;4;1;4;1;43;"N";3;191;3;1;44;4;1;2;0;2;-9;3055000;509167;0
"EHIDDBDDIAKZUMSN2313";2025;4;1;5;1;43;"N";3;191;5;1;55;4;1;2;0;3;753000;3055000;509167;285
"EHIDDBDDIAKZUMSN2313";2025;4;1;6;1;43;"N";3;191;5;2;31;2;3;0;0;0;0;3055000;509167;0
"DHUCDRCLOUKRNAEW8344";2025;4;1;1;1;43;"N";3;442;1;1;70;1;3;0;0;0;0;0;0;0
"DHUCDRCLOUKRNAEW8344";2025;4;1;2;1;43;"N";3;442;3;1;29;5;1;1;0;2;-9;0;0;0
"IOMFOUIZVHFFEEXD8711";2025;4;1;1;1;43;"N";3;345;1;1;52;3;1;2;0;2;539000;539000;179667;515
"IOMFOUIZVHFFEEXD8711";2025;4;1;2;1;43;"N";3;345;5;2;31;2;3;0;0;0;0;539000;179667;0
"IOMFOUIZVHFFEEXD8711";2025;4;1;3;1;43;"N";3;345;3;2;27;6;3;0;0;0;0;539000;179667;0
"DPVLBAKKSNCTCBJG0993";2025;4;1;1;1;43;"N";3;248;1;2;29;6;3;0;0;0;0;566000;283000;0
"DPVLBAKKSNCTCBJG0993";2025;4;1;2;1;43;"N";3;248;2;1;28;4;1;3;1;3;566000;566000;283000;370
"HGZPPKNOKBRNAZTG2539";2025;4;1;1;1;43;"N";3;287;1;2;45;4;3;0;0;0;0;778000;259333;0
"HGZPPKNOKBRNAZTG2539";2025;4;1;2;1;43;"N";3;287;2;1;43;6;1;2;0;2;-9;778000;259333;0
"HGZPPKNOKBRNAZTG2539";2025;4;1;3;1;43;"N";3;287;3;1;19;4;1;3;1;3;778000;778000;259333;428
"ZKCZCODVADXBJHLL8743";2025;4;1;1;1;43;"S";4;368;1;1;53;1;1;3;2;2;-9;559000;186333;0
"ZKCZCODVADXBJHLL8743";2025;4;1;2;1;43;"S";4;368;3;1;20;3;3;0;0;0;0;559000;186333;0
"ZKCZCODVADXBJHLL8743";2025;4;1;3;1;43;"S";4;368;3;2;19;5;1;3;2;2;559000;559000;186333;493
"WKCVWMAPAYHNMVOH6960";2025;4;1;1;1;43;"S";4;718;1;2;76;1;3;0;0;0;0;496000;165333;0
"WKCVWMAPAYHNMVOH6960";2025;4;1;2;1;43;"S";4;718;2;1;72;4;3;0;0;0;0;496000;165333;0
"WKCVWMAPAYHNMVOH6960";2025;4;1;3;1;43;"S";4;718;3;2;43;5;1;3;1;2;496000;496000;165333;961
"LUGFKQCEPYUJXPPJ7935";2025;4;1;1;1;43;"S";4;822;1;2;48;6;1;3;1;1;2304000;2674000;1337000;1100
"LUGFKQCEPYUJXPPJ7935";2025;4;1;2;1;43;"S";4;822;3;2;18;3;1;2;0;3;370000;2674000;1337000;1100
"UVQYUPGQOOGNSMYT6860";2025;4;1;1;1;43;"S";4;1239;1;1;81;6;3;0;0;0;0;0;0;0
"CTVQQJUYUCHLDMUU5534";2025;4;1;1;1;43;"S";4;321;1;1;38;6;1;2;0;2;-9;0;0;0
"CTVQQJUYUCHLDMUU5534";2025;4;1;2;1;43;"S";4;321;3;2;10;1;3;0;0;0;0;0;0;0
"CTVQQJUYUCHLDMUU5534";2025;4;1;3;1;43;"S";4;321;3;1;15;2;3;0;0;0;0;0;0;0
"CTVQQJUYUCHLDMUU5534";2025;4;1;4;1;43;"S";4;321;3;2;10;1;3;0;0;0;0;0;0;0
"MKMINAHBGVFFVBBH5318";2025;4;1;1;1;43;"S";4;691;1;2;22;5;2;0;0;0;0;0;0;0
"MKMINAHBGVFFVBBH5318";2025;4;1;2;1;43;"S";4;691;3;2;-1;7;4;0;0;0;0;0;0;0
"MKMINAHBGVFFVBBH5318";2025;4;1;3;1;43;"S";4;691;3;2;-1;7;4;0;0;0;0;0;0;0
"MKMINAHBGVFFVBBH5318";2025;4;1;4;1;43;"S";4;691;3;2;-1;7;4;0;0;0;0;0;0;0
"QARANLWLKIXBNXNX7011";2025;4;1;1;1;43;"S";4;658;1;2;80;6;3;0;0;0;0;394000;197000;0
"QARANLWLKIXBNXNX7011";2025;4;1;2;1;43;"S";4;658;3;1;43;3;1;3;1;3;394000;394000;197000;881
"CFPSIOUROAJGKPTI9835";2025;4;1;1;1;43;"S";4;950;1;2;53;1;3;0;0;0;0;0;0;0
"CFPSIOUROAJGKPTI9835";2025;4;1;2;1;43;"S";4;950;3;1;32;1;1;3;2;3;-9;0;0;0
"PFIZRPZXYSMVQCFV1890";2025;4;1;1;1;43;"S";4;597;1;2;22;5;1;2;0;1;293000;293000;293000;799
"GMHLODCQPZDNBCUY1309";2025;4;1;1;1;43;"S";4;860;1;1;37;6;1;3;2;1;421000;421000;84200;1151
"GMHLODCQPZDNBCUY1309";2025;4;1;2;1;43;"S";4;860;3;2;13;2;3;0;0;0;0;421000;84200;0
"GMHLODCQPZDNBCUY1309";2025;4;1;3;1;43;"S";4;860;3;1;14;3;3;0;0;0;0;421000;84200;0
"GMHLODCQPZDNBCUY1309";2025;4;1;4;1;43;"S";4;860;3;2;12;2;3;0;0;0;0;421000;84200;0
"GMHLODCQPZDNBCUY1309";2025;4;1;5;1;43;"S";4;860;3;2;10;1;3;0;0;0;0;421000;84200;0
"GVWPQKOGIUZLOEAD2265";2025;4;1;1;1;43;"S";4;952;1;2;54;1;1;3;1;2;210000;570000;285000;1275
"GVWPQKOGIUZLOEAD2265";2025;4;1;2;1;43;"S";4;952;3;1;28;4;1;3;2;2;360000;570000;285000;1275
"XYZLZKMMGAPQMGNW2456";2025;4;1;1;1;43;"S";4;779;1;2;54;6;3;0;0;0;0;152000;38000;0
"XYZLZKMMGAPQMGNW2456";2025;4;1;2;1;43;"S";4;779;2;1;54;2;1;2;0;2;152000;152000;38000;1043
"XYZLZKMMGAPQMGNW2456";2025;4;1;3;1;43;"S";4;779;3;2;21;5;3;0;0;0;0;152000;38000;0
"XYZLZKMMGAPQMGNW2456";2025;4;1;4;1;43;"S";4;779;3;1;23;4;1;2;0;2;-9;152000;38000;0
"MQEZVWSHDLDQQHAC3649";2025;4;1;1;1;43;"S";4;1332;1;1;82;6;3;0;0;0;0;0;0;0
"MQEZVWSHDLDQQHAC3649";2025;4;1;2;1;43;"S";4;1332;2;2;77;5;3;0;0;0;0;0;0;0
"UMDYTRMRLPEBPRVE9185";2025;4;1;1;1;43;"S";4;903;1;1;71;6;3;0;0;0;0;0;0;0
"UMDYTRMRLPEBPRVE9185";2025;4;1;2;1;43;"S";4;903;2;2;70;3;3;0;0;0;0;0;0;0
"WKGCLGUTBXVDJFEI0320";2025;4;1;1;1;43;"S";4;814;1;1;53;3;3;0;0;0;0;283000;56600;0
"WKGCLGUTBXVDJFEI0320";2025;4;1;2;1;43;"S";4;814;2;2;58;4;3;0;0;0;0;283000;56600;0
"WKGCLGUTBXVDJFEI0320";2025;4;1;3;1;43;"S";4;814;3;2;23;5;2;0;0;0;0;283000;56600;0
"WKGCLGUTBXVDJFEI0320";2025;4;1;4;1;43;"S";4;814;3;2;24;3;3;0;0;0;0;283000;56600;0
"WKGCLGUTBXVDJFEI0320";2025;4;1;5;1;43;"S";4;814;3;2;26;4;1;2;0;3;283000;283000;56600;1090
"EWJPPOUMDBLBHKXQ6657";2025;4;1;1;1;43;"S";4;741;1;2;51;6;1;2;0;2;113000;2039000;679667;992
"EWJPPOUMDBLBHKXQ6657";2025;4;1;2;1;43;"S";4;741;2;1;45;5;1;3;1;3;787000;2039000;679667;992
"EWJPPOUMDBLBHKXQ6657";2025;4;1;3;1;43;"S";4;741;3;2;17;2;1;3;1;3;1139000;2039000;679667;992
"KDTEDZYBTXKCALDX7830";2025;4;1;1;1;43;"S";4;1304;1;2;22;5;3;0;0;0;0;0;0;0
"KDTEDZYBTXKCALDX7830";2025;4;1;2;1;43;"S";4;1304;5;1;-1;7;4;0;0;0;0;0;0;0
"KHYAIMIBENJWOLVT0977";2025;4;1;1;1;43;"S";4;849;1;2;70;4;3;0;0;0;0;231000;46200;0
"KHYAIMIBENJWOLVT0977";2025;4;1;2;1;43;"S";4;849;2;1;76;4;1;3;1;3;70000;231000;46200;1137
"KHYAIMIBENJWOLVT0977";2025;4;1;3;1;43;"S";4;849;3;2;40;3;3;0;0;0;0;231000;46200;0
"KHYAIMIBENJWOLVT0977";2025;4;1;4;1;43;"S";4;849;3;2;30;7;1;2;0;1;161000;231000;46200;1137
"KHYAIMIBENJWOLVT0977";2025;4;1;5;1;43;"S";4;849;5;2;34;3;3;0;0;0;0;231000;46200;0
"RNVFAUHIOPVISVJW6423";2025;4;1;1;1;43;"S";4;747;1;1;49;4;1;3;1;3;4060000;4060000;2030000;1000
"RNVFAUHIOPVISVJW6423";2025;4;1;2;1;43;"S";4;747;2;2;43;5;3;0;0;0;0;4060000;2030000;0
"EQORGJHWVBJGXKVX4563";2025;4;1;1;1;43;"S";4;836;1;1;58;6;1;3;1;3;-9;0;0;0
"QQJAZPDDPZBNXZEG3844";2025;4;1;1;1;43;"S";4;413;1;1;35;1;1;3;2;4;-9;0;0;0
"QQJAZPDDPZBNXZEG3844";2025;4;1;2;1;43;"S";4;413;3;2;11;1;3;0;0;0;0;0;0;0
"QQJAZPDDPZBNXZEG3844";2025;4;1;3;1;43;"S";4;413;9;1;12;3;3;0;0;0;0;0;0;0
"QQJAZPDDPZBNXZEG3844";2025;4;1;4;1;43;"S";4;413;3;1;10;1;3;0;0;0;0;0;0;0
"NPQXCXDLQZWWRPSC4497";2025;4;1;1;1;43;"S";4;478;1;2;34;4;1;2;0;2;338000;338000;67600;640
"NPQXCXDLQZWWRPSC4497";2025;4;1;2;1;43;"S";4;478;3;1;10;1;3;0;0;0;0;338000;67600;0
"NPQXCXDLQZWWRPSC4497";2025;4;1;3;1;43;"S";4;478;3;2;9;1;4;0;0;0;0;338000;67600;0
"NPQXCXDLQZWWRPSC4497";2025;4;1;4;1;43;"S";4;478;5;2;12;3;3;0;0;0;0;338000;67600;0
"NPQXCXDLQZWWRPSC4497";2025;4;1;5;1;43;"S";4;478;3;1;12;3;3;0;0;0;0;338000;67600;0
"BQPVXLETIUMNTZNI4587";2025;4;1;1;1;43;"S";4;733;1;2;26;4;1;1;0;2;-9;0;0;0
"YNWVKNKNJAAFFPUM5877";2025;4;1;1;1;43;"S";4;358;1;1;77;3;3;0;0;0;0;660000;220000;0
"YNWVKNKNJAAFFPUM5877";2025;4;1;2;1;43;"S";4;358;2;2;81;5;3;0;0;0;0;660000;220000;0
"YNWVKNKNJAAFFPUM5877";2025;4;1;3;1;43;"S";4;358;3;1;47;4;1;2;0;2;660000;660000;220000;479
"QYAOKEKVTISGAMKP7054";2025;4;1;1;1;43;"S";4;785;1;1;59;3;1;3;1;1;167000;313000;156500;1051
"QYAOKEKVTISGAMKP7054";2025;4;1;2;1;43;"S";4;785;5;1;28;4;1;3;1;2;146000;313000;156500;1051
"GFGQYIYUXIMEEVDD1871";2025;4;1;1;1;43;"S";4;319;1;2;81;2;3;0;0;0;0;0;0;0
"GFGQYIYUXIMEEVDD1871";2025;4;1;2;1;43;"S";4;319;3;1;33;5;3;0;0;0;0;0;0;0
"GFGQYIYUXIMEEVDD1871";2025;4;1;3;1;43;"S";4;319;3;1;61;4;3;0;0;0;0;0;0;0
"SKDDIJGESZKBITGL8626";2025;4;1;1;1;43;"S";4;1794;1;1;28;1;1;3;2;2;328000;328000;328000;2402
"WORZAOWFPYCSGGZH8345";2025;4;1;1;1;43;"S";4;408;1;2;56;4;3;0;0;0;0;706000;176500;0
"WORZAOWFPYCSGGZH8345";2025;4;1;2;1;43;"S";4;408;2;1;62;5;1;3;1;2;241000;706000;176500;546
"WORZAOWFPYCSGGZH8345";2025;4;1;3;1;43;"S";4;408;3;2;29;3;1;2;0;1;-9;706000;176500;0
"WORZAOWFPYCSGGZH8345";2025;4;1;4;1;43;"S";4;408;3;1;19;4;1;2;0;2;465000;706000;176500;546
"ASZDQYZDPPVWCRMO4162";2025;4;1;1;1;43;"S";4;528;1;2;39;1;1;3;2;2;138000;1033000;516500;707
"ASZDQYZDPPVWCRMO4162";2025;4;1;2;1;43;"S";4;528;2;1;37;3;1;3;1;2;895000;1033000;516500;707
"ASZDQYZDPPVWCRMO4162";2025;4;2;1;1;43;"S";4;608;1;2;49;6;1;2;0;2;1022000;1022000;511000;814
"ASZDQYZDPPVWCRMO4162";2025;4;2;2;1;43;"S";4;608;2;1;43;6;3;0;0;0;0;1022000;511000;0
"FRETRJJNITUVNSGG4954";2025;4;1;1;1;43;"S";4;624;1;2;63;2;1;3;2;2;323000;323000;323000;835
"IYQPUTEBMAQPJKLX0604";2025;4;1;1;1;43;"S";4;738;1;1;34;7;1;3;1;3;217000;217000;72333;988
"IYQPUTEBMAQPJKLX0604";2025;4;1;2;1;43;"S";4;738;2;2;36;7;3;0;0;0;0;217000;72333;0
"IYQPUTEBMAQPJKLX0604";2025;4;1;3;1;43;"S";4;738;3;2;9;1;4;0;0;0;0;217000;72333;0
"GYJXOLRTWXPURGYO1437";2025;4;1;1;1;43;"S";4;732;1;1;32;4;1;2;0;2;-9;0;0;0
"WPFBSLBMFBHMTCFO5555";2025;4;1;1;1;43;"S";4;721;1;2;68;7;3;0;0;0;0;10975000;1829167;0
"WPFBSLBMFBHMTCFO5555";2025;4;1;2;1;43;"S";4;721;2;1;70;6;1;3;2;2;10218000;10975000;1829167;965
"WPFBSLBMFBHMTCFO5555";2025;4;1;3;1;43;"S";4;721;3;1;25;1;1;3;2;1;283000;10975000;1829167;965
"WPFBSLBMFBHMTCFO5555";2025;4;1;4;1;43;"S";4;721;9;2;48;3;1;2;0;3;306000;10975000;1829167;965
"WPFBSLBMFBHMTCFO5555";2025;4;1;5;1;43;"S";4;721;3;2;33;2;1;3;2;2;168000;10975000;1829167;965
"WPFBSLBMFBHMTCFO5555";2025;4;1;6;1;43;"S";4;721;3;1;32;3;3;0;0;0;0;10975000;1829167;0
"XZFLEMKCGQOZLOYA4022";2025;4;1;1;1;43;"S";4;1334;1;1;59;3;1;3;1;3;652000;1316000;263200;1786
"XZFLEMKCGQOZLOYA4022";2025;4;1;2;1;43;"S";4;1334;2;2;61;3;1;3;1;2;664000;1316000;263200;1786
"XZFLEMKCGQOZLOYA4022";2025;4;1;3;1;43;"S";4;1334;3;1;32;6;1;2;0;2;-9;1316000;263200;0
"XZFLEMKCGQOZLOYA4022";2025;4;1;4;1;43;"S";4;1334;3;2;29;6;1;3;2;2;-9;1316000;263200;0
"XZFLEMKCGQOZLOYA4022";2025;4;1;5;1;43;"S";4;1334;3;1;24;4;3;0;0;0;0;1316000;263200;0
"MSYVNZDQGDFDQDEJ2534";2025;4;1;1;1;43;"S";4;1218;1;1;50;1;1;2;0;3;148000;3488000;1162667;1631
"MSYVNZDQGDFDQDEJ2534";2025;4;1;2;1;43;"S";4;1218;3;1;29;3;1;2;0;2;854000;3488000;1162667;1631
"MSYVNZDQGDFDQDEJ2534";2025;4;1;3;1;43;"S";4;1218;3;2;28;6;1;3;1;1;2486000;3488000;1162667;1631
"BHBYMSJQLZQBLIXF9454";2025;4;1;1;1;43;"S";4;500;1;1;22;5;1;3;1;2;268000;268000;134000;669
"BHBYMSJQLZQBLIXF9454";2025;4;1;2;1;43;"S";4;500;3;1;2;7;4;0;0;0;0;268000;134000;0
"RSPERNWVHKKFOWFC4307";2025;4;1;1;1;43;"S";4;1117;1;2;33;4;3;0;0;0;0;1903000;951500;0
"RSPERNWVHKKFOWFC4307";2025;4;1;2;1;43;"S";4;1117;2;1;27;6;1;3;1;2;1903000;1903000;951500;1495
"BLLSNBGAHAIGATOX4556";2025;4;1;1;1;43;"S";4;1306;1;1;22;5;1;1;0;1;1418000;1418000;1418000;1748
"HYXSNMWIGPWGUZDJ1363";2025;4;1;1;1;43;"S";4;712;1;2;45;7;1;3;1;2;936000;1168000;584000;953
"HYXSNMWIGPWGUZDJ1363";2025;4;1;2;1;43;"S";4;712;2;1;42;1;1;2;0;1;232000;1168000;584000;953
"REUIYURTHCBXQBPX5684";2025;4;1;1;1;43;"S";4;1041;1;2;55;3;3;0;0;0;0;2822000;705500;0
"REUIYURTHCBXQBPX5684";2025;4;1;2;1;43;"S";4;1041;3;1;22;5;1;3;1;2;2822000;2822000;705500;1394
"REUIYURTHCBXQBPX5684";2025;4;1;3;1;43;"S";4;1041;3;1;33;3;1;3;1;2;0;2822000;705500;1394
"REUIYURTHCBXQBPX5684";2025;4;1;4;1;43;"S";4;1041;3;2;32;2;3;0;0;0;0;2822000;705500;0
"LRHBNXMOVPBRZZAG1839";2025;4;1;1;1;43;"S";4;655;1;1;61;6;1;3;1;2;1077000;1435000;358750;877
"LRHBNXMOVPBRZZAG1839";2025;4;1;2;1;43;"S";4;655;2;2;67;3;1;3;2;3;358000;1435000;358750;877
"LRHBNXMOVPBRZZAG1839";2025;4;1;3;1;43;"S";4;655;3;2;40;4;1;2;0;3;-9;1435000;358750;0
"LRHBNXMOVPBRZZAG1839";2025;4;1;4;1;43;"S";4;655;9;2;29;2;1;3;2;1;-9;1435000;358750;0
"IQKZNZDXIGPKRKGZ8995";2025;4;1;1;1;43;"S";4;1806;1;2;81;6;3;0;0;0;0;792000;264000;0
"IQKZNZDXIGPKRKGZ8995";2025;4;1;2;1;43;"S";4;1806;2;1;75;2;1;2;0;2;505000;792000;264000;2418
"IQKZNZDXIGPKRKGZ8995";2025;4;1;3;1;43;"S";4;1806;3;2;58;5;1;3;1;3;287000;792000;264000;2418
"CORJIJNQYNYNORKR5862";2025;4;1;1;1;43;"S";4;952;1;2;74;6;3;0;0;0;0;0;0;0
"CORJIJNQYNYNORKR5862";2025;4;1;2;1;43;"S";4;952;2;1;72;3;3;0;0;0;0;0;0;0
"CORJIJNQYNYNORKR5862";2025;4;1;3;1;43;"S";4;952;3;2;45;4;3;0;0;0;0;0;0;0
"VIAVXRPXZCSKJONS1865";2025;4;1;1;1;43;"S";4;982;1;1;59;3;1;3;1;3;-9;0;0;0
"VIAVXRPXZCSKJONS1865";2025;4;1;2;1;43;"S";4;982;2;2;63;3;3;0;0;0;0;0;0;0
"VIAVXRPXZCSKJONS1865";2025;4;1;3;1;43;"S";4;982;3;1;24;3;3;0;0;0;0;0;0;0
"FHTJQZQFBDHHZCKR4645";2025;4;1;1;1;43;"S";4;858;1;2;27;6;3;0;0;0;0;0;0;0
"FHTJQZQFBDHHZCKR4645";2025;4;1;2;1;43;"S";4;858;2;1;28;5;2;0;0;0;0;0;0;0
"FHTJQZQFBDHHZCKR4645";2025;4;1;3;1;43;"S";4;858;9;1;5;1;4;0;0;0;0;0;0;0
"TGVUANORCUFHDVVV0077";2025;4;1;1;1;43;"S";4;984;1;1;73;3;3;0;0;0;0;349000;174500;0
"TGVUANORCUFHDVVV0077";2025;4;1;2;1;43;"S";4;984;2;2;72;4;1;3;2;2;349000;349000;174500;1317
"FONIZAYODLSYRLYZ6197";2025;4;1;1;1;43;"S";4;1001;1;1;47;4;1;2;0;2;817000;817000;817000;1340
"OJBJLWBPBBRZONQI4514";2025;4;1;1;1;43;"S";4;697;1;2;61;1;3;0;0;0;0;1297000;324250;0
"OJBJLWBPBBRZONQI4514";2025;4;1;2;1;43;"S";4;697;2;1;63;4;1;3;1;2;1297000;1297000;324250;933
"OJBJLWBPBBRZONQI4514";2025;4;1;3;1;43;"S";4;697;3;1;22;3;3;0;0;0;0;1297000;324250;0
"OJBJLWBPBBRZONQI4514";2025;4;1;4;1;43;"S";4;697;3;2;23;4;3;0;0;0;0;1297000;324250;0
"OTXSTYUYODDGBOIJ6975";2025;4;1;1;1;43;"S";4;1536;1;1;55;4;3;0;0;0;0;964000;482000;0
"OTXSTYUYODDGBOIJ6975";2025;4;1;2;1;43;"S";4;1536;3;1;34;3;1;1;0;2;964000;964000;482000;2056
"GDJGSSFOECBUMELT9643";2025;4;1;1;1;43;"S";4;660;1;1;24;2;1;3;1;2;111000;111000;55500;884
"GDJGSSFOECBUMELT9643";2025;4;1;2;1;43;"S";4;660;3;2;4;7;4;0;0;0;0;111000;55500;0
"BCRWBWKMPOEZRKQV4885";2025;4;1;1;1;43;"S";4;346;1;1;64;4;3;0;0;0;0;1389000;277800;0
"BCRWBWKMPOEZRKQV4885";2025;4;1;2;1;43;"S";4;346;2;2;63;6;1;2;0;3;711000;1389000;277800;463
"BCRWBWKMPOEZRKQV4885";2025;4;1;3;1;43;"S";4;346;3;2;41;1;1;3;2;2;-9;1389000;277800;0
"BCRWBWKMPOEZRKQV4885";2025;4;1;4;1;43;"S";4;346;5;1;37;5;1;1;0;2;-9;1389000;277800;0
"BCRWBWKMPOEZRKQV4885";2025;4;1;5;1;43;"S";4;346;3;1;36;2;1;3;2;2;678000;1389000;277800;463
"XVINIZHPCYERKWFV0003";2025;4;1;1;1;43;"S";4;679;1;1;67;3;1;2;0;2;-9;250000;62500;0
"XVINIZHPCYERKWFV0003";2025;4;1;2;1;43;"S";4;679;2;2;63;4;1;3;2;2;250000;250000;62500;909
"XVINIZHPCYERKWFV0003";2025;4;1;3;1;43;"S";4;679;3;1;38;5;1;3;1;2;-9;250000;62500;0
"XVINIZHPCYERKWFV0003";2025;4;1;4;1;43;"S";4;679;9;2;39;5;2;0;0;0;0;250000;62500;0
"UVLIENDJHOQRGJXP6603";2025;4;1;1;1;43;"S";4;524;1;1;42;1;1;3;1;2;2136000;2136000;427200;702
"UVLIENDJHOQRGJXP6603";2025;4;1;2;1;43;"S";4;524;3;2;13;2;3;0;0;0;0;2136000;427200;0
"UVLIENDJHOQRGJXP6603";2025;4;1;3;1;43;"S";4;524;3;1;17;3;3;0;0;0;0;2136000;427200;0
"UVLIENDJHOQRGJXP6603";2025;4;1;4;1;43;"S";4;524;3;2;14;2;3;0;0;0;0;2136000;427200;0
"UVLIENDJHOQRGJXP6603";2025;4;1;5;1;43;"S";4;524;3;1;13;2;3;0;0;0;0;2136000;427200;0
"QPUHDYZLATBLJJJE8944";2025;4;1;1;1;43;"S";4;691;1;2;23;3;2;0;0;0;0;0;0;0
"XZMDOPWLKXUTCUNZ1397";2025;4;1;1;1;43;"S";4;1578;1;2;52;4;3;0;0;0;0;0;0;0
"XZMDOPWLKXUTCUNZ1397";2025;4;1;2;1;43;"S";4;1578;2;1;47;1;1;1;0;2;-9;0;0;0
"MCRXXVQCTODRKRWJ4056";2025;4;1;1;1;43;"S";4;1384;1;2;51;3;1;3;1;3;311000;311000;155500;1853
"MCRXXVQCTODRKRWJ4056";2025;4;1;2;1;43;"S";4;1384;3;2;18;3;3;0;0;0;0;311000;155500;0
"WNPFVFMTJIEALQUB6902";2025;4;1;1;1;43;"S";4;458;1;1;43;4;1;3;1;3;-9;0;0;0
"WNPFVFMTJIEALQUB6902";2025;4;1;2;1;43;"S";4;458;2;2;46;3;3;0;0;0;0;0;0;0
"WNPFVFMTJIEALQUB6902";2025;4;1;3;1;43;"S";4;458;3;2;14;3;3;0;0;0;0;0;0;0
"WNPFVFMTJIEALQUB6902";2025;4;2;1;1;43;"S";4;1102;1;1;70;3;3;0;0;0;0;815000;203750;0
"WNPFVFMTJIEALQUB6902";2025;4;2;2;1;43;"S";4;1102;2;2;75;6;3;0;0;0;0;815000;203750;0
"WNPFVFMTJIEALQUB6902";2025;4;2;3;1;43;"S";4;1102;3;1;36;7;1;2;0;3;142000;815000;203750;1475
"WNPFVFMTJIEALQUB6902";2025;4;2;4;1;43;"S";4;1102;3;2;43;1;1;3;2;1;673000;815000;203750;1475
"LWPFHWEMCZFFQCVA5947";2025;4;1;1;1;43;"S";4;636;1;1;58;6;1;3;1;3;704000;2387000;596750;851
"LWPFHWEMCZFFQCVA5947";2025;4;1;2;1;43;"S";4;636;3;2;23;5;3;0;0;0;0;2387000;596750;0
"LWPFHWEMCZFFQCVA5947";2025;4;1;3;1;43;"S";4;636;3;2;34;6;1;2;0;2;973000;2387000;596750;851
"LWPFHWEMCZFFQCVA5947";2025;4;1;4;1;43;"S";4;636;3;2;26;5;1;3;1;2;710000;2387000;596750;851
"IVDPXQDTONPZYKAD0123";2025;4;1;1;1;43;"S";4;1058;1;1;45;3;1;3;1;3;310000;310000;155000;1416
"IVDPXQDTONPZYKAD0123";2025;4;1;2;1;43;"S";4;1058;2;2;45;1;1;3;2;3;-9;310000;155000;0
"BQHBFLQHRNFBYMPQ3403";2025;4;1;1;1;43;"S";4;728;1;1;27;1;1;3;1;2;-9;2165000;721667;0
"BQHBFLQHRNFBYMPQ3403";2025;4;1;2;1;43;"S";4;728;2;2;29;6;1;3;1;3;2165000;2165000;721667;975
"BQHBFLQHRNFBYMPQ3403";2025;4;1;3;1;43;"S";4;728;3;1;7;1;4;0;0;0;0;2165000;721667;0
"UJFCVCWLKGTHZUSD9032";2025;4;1;1;1;43;"S";4;1064;1;1;48;3;1;3;2;2;-9;0;0;0
"UJFCVCWLKGTHZUSD9032";2025;4;1;2;1;43;"S";4;1064;2;2;43;4;3;0;0;0;0;0;0;0
"ACZBWWXLYSTFQTIQ3728";2025;4;1;1;1;43;"S";4;474;1;1;68;4;3;0;0;0;0;0;0;0
"ACZBWWXLYSTFQTIQ3728";2025;4;1;2;1;43;"S";4;474;2;2;66;2;3;0;0;0;0;0;0;0
"ACZBWWXLYSTFQTIQ3728";2025;4;1;3;1;43;"S";4;474;3;1;45;4;1;3;2;3;-9;0;0;0
"ACZBWWXLYSTFQTIQ3728";2025;4;1;4;1;43;"S";4;474;3;1;45;5;1;3;1;2;-9;0;0;0
"NEWSLWNNQIXXAEWT1785";2025;4;1;1;1;43;"S";4;1489;1;2;36;6;1;3;1;2;1509000;1959000;489750;1993
"NEWSLWNNQIXXAEWT1785";2025;4;1;2;1;43;"S";4;1489;2;1;38;1;1;3;1;2;450000;1959000;489750;1993
"NEWSLWNNQIXXAEWT1785";2025;4;1;3;1;43;"S";4;1489;3;1;10;1;3;0;0;0;0;1959000;489750;0
"NEWSLWNNQIXXAEWT1785";2025;4;1;4;1;43;"S";4;1489;5;1;16;3;3;0;0;0;0;1959000;489750;0
"EVCRZRVUCIHMCBYA9117";2025;4;1;1;1;43;"S";4;1821;1;1;46;4;1;3;1;2;190000;190000;95000;2438
"EVCRZRVUCIHMCBYA9117";2025;4;1;2;1;43;"S";4;1821;2;2;47;1;3;0;0;0;0;190000;95000;0
"RSQHKUGCBRTRAZUK5369";2025;4;1;1;1;43;"S";4;1266;1;2;78;4;3;0;0;0;0;3404000;567333;0
"RSQHKUGCBRTRAZUK5369";2025;4;1;2;1;43;"S";4;1266;2;1;82;6;3;0;0;0;0;3404000;567333;0
"RSQHKUGCBRTRAZUK5369";2025;4;1;3;1;43;"S";4;1266;3;1;36;6;1;3;1;2;3404000;3404000;567333;1695
"RSQHKUGCBRTRAZUK5369";2025;4;1;4;1;43;"S";4;1266;3;2;52;4;3;0;0;0;0;3404000;567333;0
"RSQHKUGCBRTRAZUK5369";2025;4;1;5;1;43;"S";4;1266;3;1;38;5;1;3;1;2;-9;3404000;567333;0
"RSQHKUGCBRTRAZUK5369";2025;4;1;6;1;43;"S";4;1266;3;1;49;2;1;3;1;2;-9;3404000;567333;0
"BNVBDMKINZDPKBFU6839";2025;4;1;1;1;43;"S";4;292;1;2;44;3;2;0;0;0;0;279000;46500;0
"BNVBDMKINZDPKBFU6839";2025;4;1;2;1;43;"S";4;292;3;2;19;3;3;0;0;0;0;279000;46500;0
"BNVBDMKINZDPKBFU6839";2025;4;1;3;1;43;"S";4;292;3;2;13;2;3;0;0;0;0;279000;46500;0
"BNVBDMKINZDPKBFU6839";2025;4;1;4;1;43;"S";4;292;3;1;13;3;3;0;0;0;0;279000;46500;0
"BNVBDMKINZDPKBFU6839";2025;4;1;5;1;43;"S";4;292;3;1;16;1;3;0;0;0;0;279000;46500;0
"BNVBDMKINZDPKBFU6839";2025;4;1;6;1;43;"S";4;292;3;1;23;4;1;3;2;3;279000;279000;46500;391
"QXBQFAYYWKAABQLS4249";2025;4;1;1;1;43;"S";4;617;1;1;28;3;2;0;0;0;0;0;0;0
"QXBQFAYYWKAABQLS4249";2025;4;1;2;1;43;"S";4;617;2;2;24;6;3;0;0;0;0;0;0;0
"JNIXKWJELPBLVPYS6825";2025;4;1;1;1;43;"S";4;831;1;1;22;5;2;0;0;0;0;0;0;0
"JNIXKWJELPBLVPYS6825";2025;4;1;2;1;43;"S";4;831;5;2;-1;7;4;0;0;0;0;0;0;0
"JNIXKWJELPBLVPYS6825";2025;4;1;3;1;43;"S";4;831;3;1;-1;7;4;0;0;0;0;0;0;0
"JNIXKWJELPBLVPYS6825";2025;4;1;4;1;43;"S";4;831;3;2;2;7;4;0;0;0;0;0;0;0
"JNIXKWJELPBLVPYS6825";2025;4;1;5;1;43;"S";4;831;3;2;-1;7;4;0;0;0;0;0;0;0
"UXNBAJRBCMBPWTWQ5193";2025;4;1;1;1;43;"S";4;704;1;1;60;6;3;0;0;0;0;0;0;0
"HBBHFZFPPZEFPLOZ7981";2025;4;1;1;1;43;"S";4;959;1;1;61;4;1;3;2;2;288000;288000;288000;1284
"JEEBUHBLDYHBXVDR3821";2025;4;1;1;1;43;"S";4;636;1;1;50;3;1;2;0;2;-9;839000;279667;0
"JEEBUHBLDYHBXVDR3821";2025;4;1;2;1;43;"S";4;636;2;2;51;4;1;3;1;2;839000;839000;279667;851
"JEEBUHBLDYHBXVDR3821";2025;4;1;3;1;43;"S";4;636;3;2;22;5;2;0;0;0;0;839000;279667;0
"QVTNZZKLJNSXFTGV5302";2025;4;1;1;1;43;"S";5;446;1;2;37;4;1;2;0;2;339000;339000;339000;474
"QRXOLLOMWEZFYXFR0466";2025;4;1;1;1;43;"S";5;178;1;1;51;3;1;3;1;2;179000;1107000;369000;189
"QRXOLLOMWEZFYXFR0466";2025;4;1;2;1;43;"S";5;178;2;2;48;2;1;2;0;1;155000;1107000;369000;189
"QRXOLLOMWEZFYXFR0466";2025;4;1;3;1;43;"S";5;178;3;1;21;5;1;3;1;2;773000;1107000;369000;189
"NPHAIJBHFQPHGOBP4924";2025;4;1;1;1;43;"S";5;467;1;2;79;6;1;2;0;2;854000;854000;854000;496
"GYWVCAOIRGMFFVGZ2698";2025;4;1;1;1;43;"S";5;459;1;2;70;1;3;0;0;0;0;658000;329000;0
"GYWVCAOIRGMFFVGZ2698";2025;4;1;2;1;43;"S";5;459;2;1;70;5;1;3;1;3;658000;658000;329000;487
"UPIVCZWSGCIGLJZP3887";2025;4;1;1;1;43;"S";5;332;1;2;80;1;3;0;0;0;0;0;0;0
"FANKVDDOGXUHUNTF8856";2025;4;1;1;1;43;"S";5;401;1;1;67;7;3;0;0;0;0;1514000;378500;0
"FANKVDDOGXUHUNTF8856";2025;4;1;2;1;43;"S";5;401;3;2;47;4;1;2;0;2;226000;1514000;378500;426
"FANKVDDOGXUHUNTF8856";2025;4;1;3;1;43;"S";5;401;3;1;34;4;1;3;1;2;915000;1514000;378500;426
"FANKVDDOGXUHUNTF8856";2025;4;1;4;1;43;"S";5;401;3;2;39;4;1;2;0;2;373000;1514000;378500;426
"HZLBLXEKQEMPVZNW7454";2025;4;1;1;1;43;"S";5;587;1;1;78;5;3;0;0;0;0;316000;105333;0
"HZLBLXEKQEMPVZNW7454";2025;4;1;2;1;43;"S";5;587;2;2;78;5;3;0;0;0;0;316000;105333;0
"HZLBLXEKQEMPVZNW7454";2025;4;1;3;1;43;"S";5;587;3;2;37;3;1;1;0;2;316000;316000;105333;623
"AOOLCWSBZJJLRETI9637";2025;4;1;1;1;43;"S";5;253;1;2;67;2;3;0;0;0;0;0;0;0
"RZDMZZMKBUYJHRFA9848";2025;4;1;1;1;43;"S";5;265;1;2;59;2;1;3;2;3;328000;328000;109333;281
"RZDMZZMKBUYJHRFA9848";2025;4;1;2;1;43;"S";5;265;2;1;63;1;3;0;0;0;0;328000;109333;0
"RZDMZZMKBUYJHRFA9848";2025;4;1;3;1;43;"S";5;265;3;1;22;4;3;0;0;0;0;328000;109333;0
"WIILJWNQCHYZEZWF2459";2025;4;1;1;1;43;"S";5;587;1;2;79;1;1;2;0;2;194000;194000;194000;623
"OVCSMXHASPXQMUDP6466";2025;4;1;1;1;43;"S";5;318;1;1;75;6;3;0;0;0;0;1218000;203000;0
"OVCSMXHASPXQMUDP6466";2025;4;1;2;1;43;"S";5;318;2;2;71;3;3;0;0;0;0;1218000;203000;0
"OVCSMXHASPXQMUDP6466";2025;4;1;3;1;43;"S";5;318;3;1;51;1;1;3;2;2;324000;1218000;203000;338
"OVCSMXHASPXQMUDP6466";2025;4;1;4;1;43;"S";5;318;9;1;32;6;1;3;1;2;-9;1218000;203000;0
"OVCSMXHASPXQMUDP6466";2025;4;1;5;1;43;"S";5;318;3;1;49;3;1;3;1;2;822000;1218000;203000;338
"OVCSMXHASPXQMUDP6466";2025;4;1;6;1;43;"S";5;318;3;2;48;4;1;3;2;3;72000;1218000;203000;338
"VJISKXZNKXEWKOIC8788";2025;4;1;1;1;43;"S";5;285;1;2;54;6;1;2;0;3;229000;229000;76333;303
"VJISKXZNKXEWKOIC8788";2025;4;1;2;1;43;"S";5;285;2;1;53;4;3;0;0;0;0;229000;76333;0
"VJISKXZNKXEWKOIC8788";2025;4;1;3;1;43;"S";5;285;3;2;24;5;1;3;1;3;-9;229000;76333;0
"FIGJRTOBRWXYWFJE0883";2025;4;1;1;1;43;"S";5;239;1;2;57;6;3;0;0;0;0;0;0;0
"AXBBASAPCAFQWDQD4219";2025;4;1;1;1;43;"S";5;405;1;2;66;1;3;0;0;0;0;1533000;255500;0
"AXBBASAPCAFQWDQD4219";2025;4;1;2;1;43;"S";5;405;2;1;63;2;3;0;0;0;0;1533000;255500;0
"AXBBASAPCAFQWDQD4219";2025;4;1;3;1;43;"S";5;405;3;2;40;6;1;3;2;3;482000;1533000;255500;430
"AXBBASAPCAFQWDQD4219";2025;4;1;4;1;43;"S";5;405;3;2;41;3;3;0;0;0;0;1533000;255500;0
"AXBBASAPCAFQWDQD4219";2025;4;1;5;1;43;"S";5;405;3;1;45;4;1;3;1;2;980000;1533000;255500;430
"AXBBASAPCAFQWDQD4219";2025;4;1;6;1;43;"S";5;405;3;2;42;4;1;2;0;3;71000;1533000;255500;430
"UARKPSEPLZTREUCL4429";2025;4;1;1;1;43;"S";5;224;1;1;74;6;3;0;0;0;0;876000;292000;0
"UARKPSEPLZTREUCL4429";2025;4;1;2;1;43;"S";5;224;3;2;41;2;1;3;1;1;0;876000;292000;238
"UARKPSEPLZTREUCL4429";2025;4;1;3;1;43;"S";5;224;3;1;32;4;1;3;1;2;876000;876000;292000;238
"LOHLTYVOXXHZWLQS7644";2025;4;1;1;1;43;"S";5;281;1;1;35;5;1;3;1;4;899000;1040000;520000;298
"LOHLTYVOXXHZWLQS7644";2025;4;1;2;1;43;"S";5;281;2;2;32;6;1;3;1;3;141000;1040000;520000;298
"WPYXPVVIDGENFHZO2219";2025;4;1;1;1;43;"S";5;332;1;1;37;3;1;3;2;1;668000;668000;334000;353
"WPYXPVVIDGENFHZO2219";2025;4;1;2;1;43;"S";5;332;3;2;15;3;3;0;0;0;0;668000;334000;0
"BVOCFLIXVQDXHOGU2208";2025;4;1;1;1;43;"S";5;580;1;1;62;5;3;0;0;0;0;562000;281000;0
"BVOCFLIXVQDXHOGU2208";2025;4;1;2;1;43;"S";5;580;2;2;57;4;1;3;2;2;562000;562000;281000;616
"WSCXYOJZHSIDMVUU7971";2025;4;1;1;1;43;"S";5;734;1;1;59;2;1;3;1;2;317000;317000;317000;779
"SRYJSOZGFGVHTJOJ5045";2025;4;1;1;1;43;"S";5;363;1;2;27;4;2;0;0;0;0;0;0;0
"SRYJSOZGFGVHTJOJ5045";2025;4;1;2;1;43;"S";5;363;2;1;23;3;2;0;0;0;0;0;0;0
"SRYJSOZGFGVHTJOJ5045";2025;4;1;3;1;43;"S";5;363;3;1;4;7;4;0;0;0;0;0;0;0
"JYGKUMSSSKSDMAAA2575";2025;4;1;1;1;43;"S";5;272;1;2;38;3;1;2;0;2;543000;898000;449000;289
"JYGKUMSSSKSDMAAA2575";2025;4;1;2;1;43;"S";5;272;2;1;40;1;1;2;0;2;355000;898000;449000;289
"KSTBLXPDFTNPCNYC0356";2025;4;1;1;1;43;"S";5;276;1;1;56;4;1;2;0;2;927000;984000;328000;293
"KSTBLXPDFTNPCNYC0356";2025;4;1;2;1;43;"S";5;276;2;2;58;3;1;3;1;2;57000;984000;328000;293
"KSTBLXPDFTNPCNYC0356";2025;4;1;3;1;43;"S";5;276;9;1;21;5;3;0;0;0;0;984000;328000;0
"DKQECSGUUDPKJCOD6290";2025;4;1;1;1;43;"S";5;331;1;1;23;5;3;0;0;0;0;0;0;0
"DKQECSGUUDPKJCOD6290";2025;4;1;2;1;43;"S";5;331;3;1;3;7;4;0;0;0;0;0;0;0
"DKQECSGUUDPKJCOD6290";2025;4;1;3;1;43;"S";5;331;3;1;3;7;4;0;0;0;0;0;0;0
"DKQECSGUUDPKJCOD6290";2025;4;1;4;1;43;"S";5;331;3;1;2;7;4;0;0;0;0;0;0;0
"DKQECSGUUDPKJCOD6290";2025;4;1;5;1;43;"S";5;331;3;2;2;7;4;0;0;0;0;0;0;0
"DKQECSGUUDPKJCOD6290";2025;4;1;6;1;43;"S";5;331;3;2;3;7;4;0;0;0;0;0;0;0
"GSHNDNJJHETFQERJ5686";2025;4;1;1;1;43;"S";5;232;1;1;66;4;3;0;0;0;0;1104000;184000;0
"GSHNDNJJHETFQERJ5686";2025;4;1;2;1;43;"S";5;232;3;1;26;4;1;3;2;3;326000;1104000;184000;246
"GSHNDNJJHETFQERJ5686";2025;4;1;3;1;43;"S";5;232;3;1;44;2;1;1;0;2;657000;1104000;184000;246
"GSHNDNJJHETFQERJ5686";2025;4;1;4;1;43;"S";5;232;3;1;29;3;0;0;0;0;0;1104000;184000;0
"GSHNDNJJHETFQERJ5686";2025;4;1;5;1;43;"S";5;232;3;2;34;3;1;3;2;3;121000;1104000;184000;246
"GSHNDNJJHETFQERJ5686";2025;4;1;6;1;43;"S";5;232;9;1;31;4;3;0;0;0;0;1104000;184000;0
"WONSYULZKVOQTPOV0965";2025;4;1;1;1;43;"S";5;213;1;1;50;6;1;2;0;2;419000;419000;419000;226
"JQWMQEOFEYCBWSFL7487";2025;4;1;1;1;43;"S";5;288;1;1;26;2;1;3;2;3;217000;460000;115000;306
"JQWMQEOFEYCBWSFL7487";2025;4;1;2;1;43;"S";5;288;2;2;24;4;1;2;0;2;243000;460000;115000;306
"JQWMQEOFEYCBWSFL7487";2025;4;1;3;1;43;"S";5;288;3;2;3;7;4;0;0;0;0;460000;115000;0
"JQWMQEOFEYCBWSFL7487";2025;4;1;4;1;43;"S";5;288;3;1;4;7;4;0;0;0;0;460000;115000;0
"XSRFDNJBUJOFFDXE6377";2025;4;1;1;1;43;"S";5;509;1;2;37;4;3;0;0;0;0;0;0;0
"AIGYITLICLKQWKTA6985";2025;4;1;1;1;43;"S";5;328;1;2;47;2;1;3;2;2;508000;1074000;268500;348
"AIGYITLICLKQWKTA6985";2025;4;1;2;1;43;"S";5;328;3;2;17;3;3;0;0;0;0;1074000;268500;0
"AIGYITLICLKQWKTA6985";2025;4;1;3;1;43;"S";5;328;3;1;14;2;3;0;0;0;0;1074000;268500;0
"AIGYITLICLKQWKTA6985";2025;4;1;4;1;43;"S";5;328;3;2;26;2;1;3;2;3;566000;1074000;268500;348
"THRKAHUZIBMMQKBO5195";2025;4;1;1;1;43;"S";5;583;1;2;23;5;2;0;0;0;0;0;0;0
"THRKAHUZIBMMQKBO5195";2025;4;1;2;1;43;"S";5;583;3;1;2;7;4;0;0;0;0;0;0;0
"THRKAHUZIBMMQKBO5195";2025;4;1;3;1;43;"S";5;583;3;1;2;7;4;0;0;0;0;0;0;0
"THRKAHUZIBMMQKBO5195";2025;4;1;4;1;43;"S";5;583;3;1;2;7;4;0;0;0;0;0;0;0
"THRKAHUZIBMMQKBO5195";2025;4;2;1;1;43;"S";5;574;1;2;48;3;1;3;2;2;182000;380000;126667;610
"THRKAHUZIBMMQKBO5195";2025;4;2;2;1;43;"S";5;574;2;1;49;4;1;2;0;1;198000;380000;126667;610
"THRKAHUZIBMMQKBO5195";2025;4;2;3;1;43;"S";5;574;3;2;23;4;3;0;0;0;0;380000;126667;0
"XHYNXFLEIAKUHSYY5414";2025;4;1;1;1;43;"S";5;516;1;1;68;6;2;0;0;0;0;405000;202500;0
"XHYNXFLEIAKUHSYY5414";2025;4;1;2;1;43;"S";5;516;2;2;62;6;1;3;1;1;405000;405000;202500;548
"DJLCUGRHYQHXETON5131";2025;4;1;1;1;43;"S";5;382;1;2;58;7;1;2;0;2;201000;593000;148250;406
"DJLCUGRHYQHXETON5131";2025;4;1;2;1;43;"S";5;382;2;1;52;3;1;2;0;3;280000;593000;148250;406
"DJLCUGRHYQHXETON5131";2025;4;1;3;1;43;"S";5;382;3;2;28;3;1;2;0;3;-9;593000;148250;0
"DJLCUGRHYQHXETON5131";2025;4;1;4;1;43;"S";5;382;3;1;34;6;1;3;2;3;112000;593000;148250;406
"MCAAGPKFZMZKWFLC5385";2025;4;1;1;1;43;"S";5;466;1;1;47;3;1;3;2;3;1070000;5463000;1092600;495
"MCAAGPKFZMZKWFLC5385";2025;4;1;2;1;43;"S";5;466;3;1;26;3;1;2;0;2;255000;5463000;1092600;495
"MCAAGPKFZMZKWFLC5385";2025;4;1;3;1;43;"S";5;466;5;1;24;3;3;0;0;0;0;5463000;1092600;0
"MCAAGPKFZMZKWFLC5385";2025;4;1;4;1;43;"S";5;466;3;1;21;3;3;0;0;0;0;5463000;1092600;0
"MCAAGPKFZMZKWFLC5385";2025;4;1;5;1;43;"S";5;466;3;1;19;6;1;3;1;3;4138000;5463000;1092600;495
"ISCLUWSNMZEHEJQK7384";2025;4;1;1;1;43;"S";5;941;1;1;52;3;1;2;0;2;382000;382000;127333;999
"ISCLUWSNMZEHEJQK7384";2025;4;1;2;1;43;"S";5;941;2;2;47;1;3;0;0;0;0;382000;127333;0
"ISCLUWSNMZEHEJQK7384";2025;4;1;3;1;43;"S";5;941;3;1;17;2;3;0;0;0;0;382000;127333;0
"NQPWEFNKZCCQWAFG2068";2025;4;1;1;1;43;"S";5;274;1;1;53;3;1;2;0;2;413000;842000;210500;291
"NQPWEFNKZCCQWAFG2068";2025;4;1;2;1;43;"S";5;274;2;2;56;2;1;3;2;2;298000;842000;210500;291
"NQPWEFNKZCCQWAFG2068";2025;4;1;3;1;43;"S";5;274;3;2;18;5;3;0;0;0;0;842000;210500;0
"NQPWEFNKZCCQWAFG2068";2025;4;1;4;1;43;"S";5;274;5;1;17;3;1;3;1;1;131000;842000;210500;291
"OQRONOULSZPWCMBQ0525";2025;4;1;1;1;43;"S";5;239;1;2;64;1;1;3;1;3;15000;15000;7500;254
"OQRONOULSZPWCMBQ0525";2025;4;1;2;1;43;"S";5;239;2;1;58;4;3;0;0;0;0;15000;7500;0
"HSDLMKOOMPELMZMF1958";2025;4;1;1;1;43;"S";5;436;1;1;67;4;3;0;0;0;0;0;0;0
"HSDLMKOOMPELMZMF1958";2025;4;1;2;1;43;"S";5;436;2;2;71;6;3;0;0;0;0;0;0;0
"WQQYWTUBMUKJLLXZ8797";2025;4;1;1;1;43;"S";5;588;1;2;54;4;3;0;0;0;0;0;0;0
"EVURHEPFREUKPOEA5781";2025;4;1;1;1;43;"S";5;559;1;1;28;2;1;3;2;2;954000;954000;954000;594
"FVAYKVFSPJAITRCY5033";2025;4;1;1;1;43;"S";5;357;1;2;35;5;1;3;1;1;335000;1232000;616000;379
"FVAYKVFSPJAITRCY5033";2025;4;1;2;1;43;"S";5;357;2;1;29;5;1;3;1;3;897000;1232000;616000;379
"SCNLNQUYEIXUTLAB8346";2025;4;1;1;1;43;"S";5;374;1;1;24;3;3;0;0;0;0;0;0;0
"SCNLNQUYEIXUTLAB8346";2025;4;1;2;1;43;"S";5;374;3;1;2;7;4;0;0;0;0;0;0;0
"SCNLNQUYEIXUTLAB8346";2025;4;1;3;1;43;"S";5;374;3;2;2;7;4;0;0;0;0;0;0;0
"VPKBPSYOEFZRZYDB7691";2025;4;1;1;1;43;"S";5;346;1;1;32;2;1;3;1;2;1127000;1127000;281750;367
"VPKBPSYOEFZRZYDB7691";2025;4;1;2;1;43;"S";5;346;2;2;30;1;3;0;0;0;0;1127000;281750;0
"VPKBPSYOEFZRZYDB7691";2025;4;1;3;1;43;"S";5;346;3;1;10;2;3;0;0;0;0;1127000;281750;0
"VPKBPSYOEFZRZYDB7691";2025;4;1;4;1;43;"S";5;346;3;1;10;1;3;0;0;0;0;1127000;281750;0
"CTYXJYRWAVGQYRKZ9823";2025;4;1;1;1;43;"S";5;354;1;2;72;2;3;0;0;0;0;0;0;0
"CTYXJYRWAVGQYRKZ9823";2025;4;1;2;1;43;"S";5;354;3;2;35;3;2;0;0;0;0;0;0;0
"USNBHJSSEZHCUGEZ5416";2025;4;1;1;1;43;"S";5;308;1;2;81;4;3;0;0;0;0;0;0;0
"WBKXIVTPIOERECPG1401";2025;4;1;1;1;43;"S";5;255;1;2;66;5;3;0;0;0;0;4348000;869600;0
"WBKXIVTPIOERECPG1401";2025;4;1;2;1;43;"S";5;255;2;1;71;4;3;0;0;0;0;4348000;869600;0
"WBKXIVTPIOERECPG1401";2025;4;1;3;1;43;"S";5;255;3;2;38;1;1;3;1;2;4115000;4348000;869600;271
"WBKXIVTPIOERECPG1401";2025;4;1;4;1;43;"S";5;255;3;2;35;5;1;3;2;2;233000;4348000;869600;271
"WBKXIVTPIOERECPG1401";2025;4;1;5;1;43;"S";5;255;3;2;44;4;1;2;0;3;-9;4348000;869600;0
"FFYSYCUQORDCZOUP6388";2025;4;1;1;1;43;"S";5;341;1;1;40;4;1;2;0;2;198000;198000;39600;362
"FFYSYCUQORDCZOUP6388";2025;4;1;2;1;43;"S";5;341;2;2;38;1;3;0;0;0;0;198000;39600;0
"FFYSYCUQORDCZOUP6388";2025;4;1;3;1;43;"S";5;341;3;2;15;3;3;0;0;0;0;198000;39600;0
"FFYSYCUQORDCZOUP6388";2025;4;1;4;1;43;"S";5;341;9;2;19;3;3;0;0;0;0;198000;39600;0
"FFYSYCUQORDCZOUP6388";2025;4;1;5;1;43;"S";5;341;3;1;14;7;3;0;0;0;0;198000;39600;0
"POKKXMFJSWMDNFAK4424";2025;4;1;1;1;43;"S";5;407;1;1;23;3;1;3;1;2;-9;0;0;0
"POKKXMFJSWMDNFAK4424";2025;4;1;2;1;43;"S";5;407;3;1;2;7;4;0;0;0;0;0;0;0
"POKKXMFJSWMDNFAK4424";2025;4;1;3;1;43;"S";5;407;3;2;2;7;4;0;0;0;0;0;0;0
"GAHTGSQGJNUIXJFT5989";2025;4;1;1;1;43;"S";5;272;1;1;75;6;3;0;0;0;0;882000;294000;0
"GAHTGSQGJNUIXJFT5989";2025;4;1;2;1;43;"S";5;272;3;1;44;2;1;3;2;2;666000;882000;294000;289
"GAHTGSQGJNUIXJFT5989";2025;4;1;3;1;43;"S";5;272;3;2;39;3;1;2;0;3;216000;882000;294000;289
"BJHZASXBWXIQHVDT5255";2025;4;1;1;1;43;"S";5;521;1;2;37;6;1;2;0;3;128000;286000;143000;553
"BJHZASXBWXIQHVDT5255";2025;4;1;2;1;43;"S";5;521;2;1;35;7;1;3;1;2;158000;286000;143000;553
"DZENBIAQMHOPWVOO8866";2025;4;1;1;1;43;"S";5;248;1;1;48;2;3;0;0;0;0;417000;208500;0
"DZENBIAQMHOPWVOO8866";2025;4;1;2;1;43;"S";5;248;2;2;51;4;1;3;1;3;417000;417000;208500;263
"OXUBBMPGLOBYIGCO0473";2025;4;1;1;1;43;"S";5;525;1;2;56;3;3;0;0;0;0;0;0;0
"KUQAMIREJVUHYZNY1231";2025;4;1;1;1;43;"S";5;378;1;2;75;6;3;0;0;0;0;1699000;339800;0
"KUQAMIREJVUHYZNY1231";2025;4;1;2;1;43;"S";5;378;2;1;76;4;3;0;0;0;0;1699000;339800;0
"KUQAMIREJVUHYZNY1231";2025;4;1;3;1;43;"S";5;378;3;1;42;7;1;3;1;2;979000;1699000;339800;401
"KUQAMIREJVUHYZNY1231";2025;4;1;4;1;43;"S";5;378;3;1;41;2;2;0;0;0;0;1699000;339800;0
"KUQAMIREJVUHYZNY1231";2025;4;1;5;1;43;"S";5;378;3;1;37;5;1;3;2;2;720000;1699000;339800;401
"MAZHVBPXIDWMCSRD9579";2025;4;1;1;1;43;"S";5;430;1;2;76;2;3;0;0;0;0;0;0;0
"MAZHVBPXIDWMCSRD9579";2025;4;1;2;1;43;"S";5;430;2;1;78;3;3;0;0;0;0;0;0;0
"MAZHVBPXIDWMCSRD9579";2025;4;1;3;1;43;"S";5;430;3;2;29;6;3;0;0;0;0;0;0;0
"RBRQEXKOKOAVZBOH4993";2025;4;1;1;1;43;"S";5;255;1;1;43;1;1;2;0;2;458000;458000;229000;271
"RBRQEXKOKOAVZBOH4993";2025;4;1;2;1;43;"S";5;255;2;2;44;1;1;3;2;2;-9;458000;229000;0
"CFHJPCSSBMSOQGJI1807";2025;4;1;1;1;43;"S";5;438;1;2;78;5;3;0;0;0;0;1077000;269250;0
"CFHJPCSSBMSOQGJI1807";2025;4;1;2;1;43;"S";5;438;2;1;76;3;3;0;0;0;0;1077000;269250;0
"CFHJPCSSBMSOQGJI1807";2025;4;1;3;1;43;"S";5;438;3;2;51;3;1;3;1;1;685000;1077000;269250;465
"CFHJPCSSBMSOQGJI1807";2025;4;1;4;1;43;"S";5;438;3;2;34;5;1;3;1;3;392000;1077000;269250;465
"ZWNSMHVBEXJFZLXY4409";2025;4;1;1;1;43;"S";5;427;1;1;80;5;3;0;0;0;0;2555000;511000;0
"ZWNSMHVBEXJFZLXY4409";2025;4;1;2;1;43;"S";5;427;2;2;74;5;3;0;0;0;0;2555000;511000;0
"ZWNSMHVBEXJFZLXY4409";2025;4;1;3;1;43;"S";5;427;3;2;59;6;1;3;1;2;1344000;2555000;511000;453
"ZWNSMHVBEXJFZLXY4409";2025;4;1;4;1;43;"S";5;427;3;1;33;5;1;3;1;2;869000;2555000;511000;453
"ZWNSMHVBEXJFZLXY4409";2025;4;1;5;1;43;"S";5;427;3;1;55;6;1;3;1;3;342000;2555000;511000;453
"YLHYZUIJFXFQITNC8579";2025;4;1;1;1;43;"S";5;208;1;2;53;3;1;3;2;1;806000;806000;403000;221
"YLHYZUIJFXFQITNC8579";2025;4;1;2;1;43;"S";5;208;2;1;56;1;3;0;0;0;0;806000;403000;0
"WUTPZBLOISLUTKJN2993";2025;4;1;1;1;43;"S";5;619;1;2;57;2;1;3;1;1;516000;516000;172000;657
"WUTPZBLOISLUTKJN2993";2025;4;1;2;1;43;"S";5;619;2;1;61;6;3;0;0;0;0;516000;172000;0
"WUTPZBLOISLUTKJN2993";2025;4;1;3;1;43;"S";5;619;3;2;24;5;3;0;0;0;0;516000;172000;0
"WUTPZBLOISLUTKJN2993";2025;4;2;1;1;43;"S";5;681;1;1;29;5;1;2;0;2;1439000;1439000;479667;723
"WUTPZBLOISLUTKJN2993";2025;4;2;2;1;43;"S";5;681;2;2;28;7;3;0;0;0;0;1439000;479667;0
"WUTPZBLOISLUTKJN2993";2025;4;2;3;1;43;"S";5;681;3;2;7;1;4;0;0;0;0;1439000;479667;0
"HFGGWTXDLNNHCDED9729";2025;4;1;1;1;43;"S";5;1035;1;1;73;6;3;0;0;0;0;355000;118333;0
"HFGGWTXDLNNHCDED9729";2025;4;1;2;1;43;"S";5;1035;2;2;68;6;3;0;0;0;0;355000;118333;0
"HFGGWTXDLNNHCDED9729";2025;4;1;3;1;43;"S";5;1035;3;2;33;7;1;3;1;2;355000;355000;118333;1099
"ULRDQWHLVQCOKBOR3346";2025;4;1;1;1;43;"S";5;315;1;2;78;2;1;2;0;1;430000;1233000;205500;335
"ULRDQWHLVQCOKBOR3346";2025;4;1;2;1;43;"S";5;315;2;1;77;7;3;0;0;0;0;1233000;205500;0
"ULRDQWHLVQCOKBOR3346";2025;4;1;3;1;43;"S";5;315;3;1;41;4;1;2;0;2;0;1233000;205500;335
"ULRDQWHLVQCOKBOR3346";2025;4;1;4;1;43;"S";5;315;3;2;38;6;1;2;0;3;384000;1233000;205500;335
"ULRDQWHLVQCOKBOR3346";2025;4;1;5;1;43;"S";5;315;3;1;46;7;1;3;2;2;130000;1233000;205500;335
"ULRDQWHLVQCOKBOR3346";2025;4;1;6;1;43;"S";5;315;5;1;58;5;1;3;1;2;289000;1233000;205500;335
"IWJIDFDTLGFAOBFR6145";2025;4;1;1;1;43;"N";6;151;1;1;60;2;2;0;0;0;0;320000;64000;0
"IWJIDFDTLGFAOBFR6145";2025;4;1;2;1;43;"N";6;151;2;2;63;4;1;3;2;2;-9;320000;64000;0
"IWJIDFDTLGFAOBFR6145";2025;4;1;3;1;43;"N";6;151;3;2;31;4;3;0;0;0;0;320000;64000;0
"IWJIDFDTLGFAOBFR6145";2025;4;1;4;1;43;"N";6;151;3;2;34;4;1;3;2;3;320000;320000;64000;230
"IWJIDFDTLGFAOBFR6145";2025;4;1;5;1;43;"N";6;151;3;2;21;4;2;0;0;0;0;320000;64000;0
"GQCOHFPDLHYQAPTP7924";2025;4;1;1;1;43;"N";6;251;1;2;82;5;3;0;0;0;0;0;0;0
"GQCOHFPDLHYQAPTP7924";2025;4;1;2;1;43;"N";6;251;2;1;80;6;1;3;2;2;-9;0;0;0
"GPSMZFLUUHDEIRKE7306";2025;4;1;1;1;43;"N";6;300;1;2;35;6;3;0;0;0;0;0;0;0
"GPSMZFLUUHDEIRKE7306";2025;4;1;2;1;43;"N";6;300;2;1;32;3;3;0;0;0;0;0;0;0
"GPSMZFLUUHDEIRKE7306";2025;4;1;3;1;43;"N";6;300;3;2;8;1;4;0;0;0;0;0;0;0
"GPSMZFLUUHDEIRKE7306";2025;4;1;4;1;43;"N";6;300;3;1;11;2;3;0;0;0;0;0;0;0
"GPSMZFLUUHDEIRKE7306";2025;4;1;5;1;43;"N";6;300;3;1;9;1;4;0;0;0;0;0;0;0
"GPSMZFLUUHDEIRKE7306";2025;4;1;6;1;43;"N";6;300;3;1;11;1;3;0;0;0;0;0;0;0
"UATZIKQCYNXFDKPT8411";2025;4;1;1;1;43;"N";6;343;1;1;78;2;1;3;2;2;653000;1281000;427000;522
"UATZIKQCYNXFDKPT8411";2025;4;1;2;1;43;"N";6;343;2;2;80;4;3;0;0;0;0;1281000;427000;0
"UATZIKQCYNXFDKPT8411";2025;4;1;3;1;43;"N";6;343;3;1;37;4;1;3;1;1;628000;1281000;427000;522
"RCBPVSPHNCJOAFSR2034";2025;4;1;1;1;43;"N";6;141;1;1;35;4;1;3;1;2;-9;354000;59000;0
"RCBPVSPHNCJOAFSR2034";2025;4;1;2;1;43;"N";6;141;2;2;37;5;1;2;0;1;354000;354000;59000;215
"RCBPVSPHNCJOAFSR2034";2025;4;1;3;1;43;"N";6;141;3;1;12;3;3;0;0;0;0;354000;59000;0
"RCBPVSPHNCJOAFSR2034";2025;4;1;4;1;43;"N";6;141;3;2;12;2;3;0;0;0;0;354000;59000;0
"RCBPVSPHNCJOAFSR2034";2025;4;1;5;1;43;"N";6;141;3;2;13;2;3;0;0;0;0;354000;59000;0
"RCBPVSPHNCJOAFSR2034";2025;4;1;6;1;43;"N";6;141;3;2;12;3;3;0;0;0;0;354000;59000;0
"JVHTHCBJUXRMCSBT7701";2025;4;1;1;1;43;"N";6;143;1;1;68;6;3;0;0;0;0;0;0;0
"CLIUCXHSQTVPSLOU8234";2025;4;1;1;1;43;"N";6;225;1;1;80;1;3;0;0;0;0;961000;320333;0
"CLIUCXHSQTVPSLOU8234";2025;4;1;2;1;43;"N";6;225;2;2;85;2;3;0;0;0;0;961000;320333;0
"CLIUCXHSQTVPSLOU8234";2025;4;1;3;1;43;"N";6;225;3;2;46;1;1;2;0;1;961000;961000;320333;342
"WDTFQCSCZXYMGFZF7443";2025;4;1;1;1;43;"N";6;189;1;1;74;6;3;0;0;0;0;702000;175500;0
"WDTFQCSCZXYMGFZF7443";2025;4;1;2;1;43;"N";6;189;2;2;72;6;3;0;0;0;0;702000;175500;0
"WDTFQCSCZXYMGFZF7443";2025;4;1;3;1;43;"N";6;189;3;2;33;3;1;2;0;2;450000;702000;175500;288
"WDTFQCSCZXYMGFZF7443";2025;4;1;4;1;43;"N";6;189;3;1;39;2;1;3;1;2;252000;702000;175500;288
"QCNFMBUKGYFVZKLN2236";2025;4;1;1;1;43;"N";6;151;1;2;30;1;3;0;0;0;0;398000;132667;0
"QCNFMBUKGYFVZKLN2236";2025;4;1;2;1;43;"N";6;151;2;1;35;5;1;3;1;2;398000;398000;132667;230
"QCNFMBUKGYFVZKLN2236";2025;4;1;3;1;43;"N";6;151;5;2;9;1;4;0;0;0;0;398000;132667;0
"TDZBFNQTYHITGTRB6659";2025;4;1;1;1;43;"N";6;259;1;1;22;5;1;3;2;2;-9;0;0;0
"TDZBFNQTYHITGTRB6659";2025;4;1;2;1;43;"N";6;259;3;2;-1;7;4;0;0;0;0;0;0;0
"MQYKVVMJOPSQXZNI7019";2025;4;1;1;1;43;"N";6;498;1;1;28;4;1;3;1;2;1111000;1341000;335250;758
"MQYKVVMJOPSQXZNI7019";2025;4;1;2;1;43;"N";6;498;2;2;32;4;1;2;0;4;230000;1341000;335250;758
"MQYKVVMJOPSQXZNI7019";2025;4;1;3;1;43;"N";6;498;3;2;5;1;4;0;0;0;0;1341000;335250;0
"MQYKVVMJOPSQXZNI7019";2025;4;1;4;1;43;"N";6;498;3;2;6;1;4;0;0;0;0;1341000;335250;0
"UDUZRAZEEANFRCPL8546";2025;4;1;1;1;43;"N";6;152;1;1;82;3;3;0;0;0;0;0;0;0
"IBXIUAPTPKVJSJYP3875";2025;4;1;1;1;43;"N";6;323;1;1;46;1;1;3;1;2;399000;399000;133000;491
"IBXIUAPTPKVJSJYP3875";2025;4;1;2;1;43;"N";6;323;3;1;18;5;3;0;0;0;0;399000;133000;0
"IBXIUAPTPKVJSJYP3875";2025;4;1;3;1;43;"N";6;323;3;1;23;3;1;2;0;2;-9;399000;133000;0
"BRCJGCQZBFJILUQF3924";2025;4;1;1;1;43;"N";6;151;1;1;31;4;1;1;0;2;-9;0;0;0
"BRCJGCQZBFJILUQF3924";2025;4;1;2;1;43;"N";6;151;3;1;8;1;4;0;0;0;0;0;0;0
"EPXDERYGMACFBRLP2640";2025;4;1;1;1;43;"N";6;168;1;1;68;4;1;2;0;2;-9;1428000;357000;0
"EPXDERYGMACFBRLP2640";2025;4;1;2;1;43;"N";6;168;2;2;66;4;1;2;0;2;795000;1428000;357000;256
"EPXDERYGMACFBRLP2640";2025;4;1;3;1;43;"N";6;168;3;2;36;5;1;2;0;1;633000;1428000;357000;256
"EPXDERYGMACFBRLP2640";2025;4;1;4;1;43;"N";6;168;3;2;33;1;2;0;0;0;0;1428000;357000;0
"QUUEQYLXSFFSFZOC7579";2025;4;1;1;1;43;"N";6;261;1;2;38;3;3;0;0;0;0;0;0;0
"KSOERWNXZSJOHXVT9429";2025;4;1;1;1;43;"N";6;201;1;1;81;3;3;0;0;0;0;4287000;1071750;0
"KSOERWNXZSJOHXVT9429";2025;4;1;2;1;43;"N";6;201;2;2;78;4;3;0;0;0;0;4287000;1071750;0
"KSOERWNXZSJOHXVT9429";2025;4;1;3;1;43;"N";6;201;3;1;44;3;1;3;1;1;4287000;4287000;1071750;306
"KSOERWNXZSJOHXVT9429";2025;4;1;4;1;43;"N";6;201;3;1;56;1;3;0;0;0;0;4287000;1071750;0
"ATAJMMJJTLTIFHUF7962";2025;4;1;1;1;43;"N";6;187;1;1;25;1;1;3;1;2;162000;162000;162000;285
"WVRLHHOUXORYMNSJ4747";2025;4;1;1;1;43;"N";6;323;1;2;58;4;1;1;0;2;969000;969000;969000;491
"MSXJHNXKDUECZDZJ8872";2025;4;1;1;1;43;"N";6;202;1;1;31;2;1;3;2;2;-9;283000;56600;0
"MSXJHNXKDUECZDZJ8872";2025;4;1;2;1;43;"N";6;202;2;2;25;4;1;3;1;2;283000;283000;56600;307
"MSXJHNXKDUECZDZJ8872";2025;4;1;3;1;43;"N";6;202;3;2;6;1;4;0;0;0;0;283000;56600;0
"MSXJHNXKDUECZDZJ8872";2025;4;1;4;1;43;"N";6;202;3;1;10;1;3;0;0;0;0;283000;56600;0
"MSXJHNXKDUECZDZJ8872";2025;4;1;5;1;43;"N";6;202;3;1;8;1;4;0;0;0;0;283000;56600;0
"RBTNOWKLYAAJDQCG2712";2025;4;1;1;1;43;"N";6;128;1;2;23;6;3;0;0;0;0;0;0;0
"RBTNOWKLYAAJDQCG2712";2025;4;1;2;1;43;"N";6;128;3;2;2;7;4;0;0;0;0;0;0;0
"RBTNOWKLYAAJDQCG2712";2025;4;1;3;1;43;"N";6;128;3;2;2;7;4;0;0;0;0;0;0;0
"RBTNOWKLYAAJDQCG2712";2025;4;1;4;1;43;"N";6;128;3;1;2;7;4;0;0;0;0;0;0;0
"RBTNOWKLYAAJDQCG2712";2025;4;1;5;1;43;"N";6;128;9;2;3;7;4;0;0;0;0;0;0;0
"NXKJNOZDJAXASTAK6782";2025;4;1;1;1;43;"N";6;166;1;1;36;4;1;3;2;2;-9;0;0;0
"NXKJNOZDJAXASTAK6782";2025;4;1;2;1;43;"N";6;166;2;2;41;2;3;0;0;0;0;0;0;0
"NXKJNOZDJAXASTAK6782";2025;4;1;3;1;43;"N";6;166;3;1;15;2;3;0;0;0;0;0;0;0
"NXKJNOZDJAXASTAK6782";2025;4;1;4;1;43;"N";6;166;3;2;14;2;3;0;0;0;0;0;0;0
"CUQZSSMVDQRWQPDF5895";2025;4;1;1;1;43;"N";6;258;1;2;46;3;1;3;1;2;337000;337000;168500;393
"CUQZSSMVDQRWQPDF5895";2025;4;1;2;1;43;"N";6;258;2;1;50;2;3;0;0;0;0;337000;168500;0
"SMZCLCNKCFGGGQAZ8676";2025;4;1;1;1;43;"N";6;295;1;2;47;4;1;3;2;2;355000;355000;355000;449
"SAOGNFPWNEIGNBOT0540";2025;4;1;1;1;43;"N";6;154;1;1;68;4;3;0;0;0;0;0;0;0
"SAOGNFPWNEIGNBOT0540";2025;4;1;2;1;43;"N";6;154;2;2;62;4;3;0;0;0;0;0;0;0
"LMVISULABPIDYCFU2047";2025;4;1;1;1;43;"N";6;207;1;1;37;3;1;2;0;2;-9;806000;403000;0
"LMVISULABPIDYCFU2047";2025;4;1;2;1;43;"N";6;207;2;2;31;6;1;2;0;2;806000;806000;403000;315
"MGFXVJAAXQCZHOMH4432";2025;4;1;1;1;43;"N";6;359;1;2;44;5;1;3;1;1;215000;215000;71667;546
"MGFXVJAAXQCZHOMH4432";2025;4;1;2;1;43;"N";6;359;2;1;41;4;1;3;1;3;-9;215000;71667;0
"MGFXVJAAXQCZHOMH4432";2025;4;1;3;1;43;"N";6;359;3;1;21;2;2;0;0;0;0;215000;71667;0
"OYTOVQBAMSYBQMBL2716";2025;4;1;1;1;43;"N";6;282;1;1;72;3;3;0;0;0;0;0;0;0
"GFHTHMCVYZLDVXOU9013";2025;4;1;1;1;43;"N";6;144;1;2;53;7;1;2;0;2;-9;0;0;0
"GFHTHMCVYZLDVXOU9013";2025;4;1;2;1;43;"N";6;144;3;2;29;2;3;0;0;0;0;0;0;0
"GFHTHMCVYZLDVXOU9013";2025;4;2;1;1;43;"N";6;287;1;1;74;4;3;0;0;0;0;0;0;0
"GFHTHMCVYZLDVXOU9013";2025;4;2;2;1;43;"N";6;287;2;2;74;4;3;0;0;0;0;0;0;0
"MICLDXLPRMXIBRHL0390";2025;4;1;1;1;43;"N";6;223;1;1;65;6;3;0;0;0;0;0;0;0
"YLBZTLIZLONAXMVB2583";2025;4;1;1;1;43;"N";6;226;1;1;65;1;3;0;0;0;0;0;0;0
"OOECDTGYPXSBUNVX6820";2025;4;1;1;1;43;"N";6;265;1;1;35;4;1;2;0;2;-9;0;0;0
"OOECDTGYPXSBUNVX6820";2025;4;1;2;1;43;"N";6;265;2;2;41;6;1;2;0;3;-9;0;0;0
"OOECDTGYPXSBUNVX6820";2025;4;1;3;1;43;"N";6;265;5;2;8;1;4;0;0;0;0;0;0;0
"OOECDTGYPXSBUNVX6820";2025;4;1;4;1;43;"N";6;265;5;2;12;3;3;0;0;0;0;0;0;0
"AWKOZHYGVSCUUCOW7748";2025;4;1;1;1;43;"N";6;329;1;1;70;2;3;0;0;0;0;0;0;0
"HJPGAMMNDZPTRXFN9330";2025;4;1;1;1;43;"N";6;281;1;2;68;4;3;0;0;0;0;0;0;0
"IJAOASEFDMUPKZMS6447";2025;4;1;1;1;43;"N";6;215;1;2;22;3;3;0;0;0;0;0;0;0
"IJAOASEFDMUPKZMS6447";2025;4;1;2;1;43;"N";6;215;3;2;-1;7;4;0;0;0;0;0;0;0
"OBXLAWWHMOUJOMQK2253";2025;4;1;1;1;43;"N";6;343;1;2;74;5;3;0;0;0;0;0;0;0
"OBXLAWWHMOUJOMQK2253";2025;4;1;2;1;43;"N";6;343;2;1;77;6;1;3;1;3;-9;0;0;0
"MJQMYXPLYDBDZRAX1309";2025;4;1;1;1;43;"N";6;145;1;2;27;1;1;1;0;2;1348000;1348000;1348000;221
"BLZCYKXNNPGCZMRT3088";2025;4;1;1;1;43;"N";6;169;1;1;54;3;3;0;0;0;0;2025000;337500;0
"BLZCYKXNNPGCZMRT3088";2025;4;1;2;1;43;"N";6;169;2;2;50;7;1;3;1;1;135000;2025000;337500;257
"BLZCYKXNNPGCZMRT3088";2025;4;1;3;1;43;"N";6;169;3;1;26;3;1;2;0;2;531000;2025000;337500;257
"BLZCYKXNNPGCZMRT3088";2025;4;1;4;1;43;"N";6;169;3;2;23;5;3;0;0;0;0;2025000;337500;0
"BLZCYKXNNPGCZMRT3088";2025;4;1;5;1;43;"N";6;169;9;2;28;5;1;3;2;2;799000;2025000;337500;257
"BLZCYKXNNPGCZMRT3088";2025;4;1;6;1;43;"N";6;169;3;2;21;2;1;2;0;2;560000;2025000;337500;257
"BNPGGKCYYCUNSECA9246";2025;4;1;1;1;43;"N";6;206;1;1;76;4;1;3;1;2;-9;1319000;219833;0
"BNPGGKCYYCUNSECA9246";2025;4;1;2;1;43;"N";6;206;2;2;80;3;3;0;0;0;0;1319000;219833;0
"BNPGGKCYYCUNSECA9246";2025;4;1;3;1;43;"N";6;206;3;2;54;1;1;4;0;2;0;1319000;219833;313
"BNPGGKCYYCUNSECA9246";2025;4;1;4;1;43;"N";6;206;3;2;40;7;2;0;0;0;0;1319000;219833;0
"BNPGGKCYYCUNSECA9246";2025;4;1;5;1;43;"N";6;206;3;1;43;4;1;3;1;2;1077000;1319000;219833;313
"BNPGGKCYYCUNSECA9246";2025;4;1;6;1;43;"N";6;206;3;1;37;4;1;2;0;2;242000;1319000;219833;313
"BHBQWLAOPYRGOWLD4823";2025;4;1;1;1;43;"N";6;288;1;2;67;6;1;1;0;4;-9;373000;186500;0
"BHBQWLAOPYRGOWLD4823";2025;4;1;2;1;43;"N";6;288;2;1;61;3;1;2;0;2;373000;373000;186500;438
"EWNARNGIEPLUTSOX8594";2025;4;1;1;1;43;"N";6;147;1;1;80;6;3;0;0;0;0;0;0;0
"EWNARNGIEPLUTSOX8594";2025;4;1;2;1;43;"N";6;147;2;2;77;1;3;0;0;0;0;0;0;0
"VOUVTJMMXIJBOPTR9775";2025;4;1;1;1;43;"N";6;127;1;1;46;5;3;0;0;0;0;0;0;0
"VOUVTJMMXIJBOPTR9775";2025;4;1;2;1;43;"N";6;127;2;2;52;3;3;0;0;0;0;0;0;0
"ATSGBMIEIRKVVBWX7089";2025;4;1;1;1;43;"N";6;207;1;1;60;4;3;0;0;0;0;0;0;0
"ATSGBMIEIRKVVBWX7089";2025;4;1;2;1;43;"N";6;207;2;2;66;1;3;0;0;0;0;0;0;0
"BNAUXKHHPEPVAQYP1261";2025;4;1;1;1;43;"N";6;369;1;2;59;6;1;3;1;3;642000;1322000;661000;561
"BNAUXKHHPEPVAQYP1261";2025;4;1;2;1;43;"N";6;369;2;1;56;6;1;3;1;1;680000;1322000;661000;561
"PRCQJGDEMSBBKLZY2339";2025;4;1;1;1;43;"N";6;139;1;2;66;4;1;1;0;2;761000;761000;253667;211
"PRCQJGDEMSBBKLZY2339";2025;4;1;2;1;43;"N";6;139;2;1;64;4;3;0;0;0;0;761000;253667;0
"PRCQJGDEMSBBKLZY2339";2025;4;1;3;1;43;"N";6;139;3;1;44;6;1;3;1;2;-9;761000;253667;0
"NHRLAXFSOHDENVSH3306";2025;4;1;1;1;43;"N";6;201;1;2;45;6;1;3;1;3;936000;936000;468000;306
"NHRLAXFSOHDENVSH3306";2025;4;1;2;1;43;"N";6;201;3;1;13;3;3;0;0;0;0;936000;468000;0
"UDOXGKCBFRICXLDK5100";2025;4;1;1;1;43;"N";6;168;1;1;55;2;1;3;1;3;277000;1880000;313333;256
"UDOXGKCBFRICXLDK5100";2025;4;1;2;1;43;"N";6;168;2;2;58;2;1;3;2;2;1129000;1880000;313333;256
"UDOXGKCBFRICXLDK5100";2025;4;1;3;1;43;"N";6;168;3;1;33;4;1;2;0;2;474000;1880000;313333;256
"UDOXGKCBFRICXLDK5100";2025;4;1;4;1;43;"N";6;168;3;1;19;3;3;0;0;0;0;1880000;313333;0
"UDOXGKCBFRICXLDK5100";2025;4;1;5;1;43;"N";6;168;3;2;22;4;3;0;0;0;0;1880000;313333;0
"UDOXGKCBFRICXLDK5100";2025;4;1;6;1;43;"N";6;168;3;1;29;4;3;0;0;0;0;1880000;313333;0
"YRPNRJEUTWJYYDCA2990";2025;4;1;1;1;43;"N";6;140;1;1;52;4;1;1;0;2;1645000;1645000;822500;213
"YRPNRJEUTWJYYDCA2990";2025;4;1;2;1;43;"N";6;140;2;2;55;4;3;0;0;0;0;1645000;822500;0
"OWSSBXOCSPOBZXKV7705";2025;4;1;1;1;43;"N";6;160;1;2;42;1;1;3;1;4;562000;1164000;194000;243
"OWSSBXOCSPOBZXKV7705";2025;4;1;2;1;43;"N";6;160;2;1;43;3;1;2;0;2;-9;1164000;194000;0
"OWSSBXOCSPOBZXKV7705";2025;4;1;3;1;43;"N";6;160;3;2;13;3;3;0;0;0;0;1164000;194000;0
"OWSSBXOCSPOBZXKV7705";2025;4;1;4;1;43;"N";6;160;3;1;18;5;1;3;1;3;-9;1164000;194000;0
"OWSSBXOCSPOBZXKV7705";2025;4;1;5;1;43;"N";6;160;3;2;15;3;3;0;0;0;0;1164000;194000;0
"OWSSBXOCSPOBZXKV7705";2025;4;1;6;1;43;"N";6;160;9;1;19;2;1;1;0;2;602000;1164000;194000;243
"YQDWEPQVKHTOAQBA8674";2025;4;1;1;1;43;"N";6;205;1;1;23;4;3;0;0;0;0;0;0;0
"YQDWEPQVKHTOAQBA8674";2025;4;1;2;1;43;"N";6;205;3;2;2;7;4;0;0;0;0;0;0;0
"YQDWEPQVKHTOAQBA8674";2025;4;1;3;1;43;"N";6;205;3;2;2;7;4;0;0;0;0;0;0;0
"YQDWEPQVKHTOAQBA8674";2025;4;1;4;1;43;"N";6;205;3;1;2;7;4;0;0;0;0;0;0;0
"YQDWEPQVKHTOAQBA8674";2025;4;1;5;1;43;"N";6;205;3;1;2;7;4;0;0;0;0;0;0;0
"VUTCIBMAUACQSGNX6878";2025;4;1;1;1;43;"N";6;132;1;2;54;6;3;0;0;0;0;0;0;0
"NEMSJBMDBRZJOLHR1905";2025;4;1;1;1;43;"N";6;266;1;1;24;5;3;0;0;0;0;0;0;0
"NEMSJBMDBRZJOLHR1905";2025;4;1;2;1;43;"N";6;266;3;1;4;7;4;0;0;0;0;0;0;0
"NEMSJBMDBRZJOLHR1905";2025;4;1;3;1;43;"N";6;266;3;1;2;7;4;0;0;0;0;0;0;0
"NEMSJBMDBRZJOLHR1905";2025;4;1;4;1;43;"N";6;266;9;2;2;7;4;0;0;0;0;0;0;0
"TMCDLOHZGQDYUACB0920";2025;4;1;1;1;43;"N";6;321;1;2;25;4;2;0;0;0;0;0;0;0
"TMCDLOHZGQDYUACB0920";2025;4;1;2;1;43;"N";6;321;2;1;23;2;1;1;0;2;-9;0;0;0
"TMCDLOHZGQDYUACB0920";2025;4;1;3;1;43;"N";6;321;3;1;3;7;4;0;0;0;0;0;0;0
"TMCDLOHZGQDYUACB0920";2025;4;1;4;1;43;"N";6;321;3;1;4;7;4;0;0;0;0;0;0;0
"OOHYXCVJBDZCGJDQ0506";2025;4;1;1;1;43;"N";6;201;1;1;56;1;1;1;0;3;1887000;1887000;943500;306
"OOHYXCVJBDZCGJDQ0506";2025;4;1;2;1;43;"N";6;201;3;1;33;6;2;0;0;0;0;1887000;943500;0
"SQNNEJBOTMMKSUER3298";2025;4;1;1;1;43;"N";6;257;1;2;60;4;3;0;0;0;0;1087000;543500;0
"SQNNEJBOTMMKSUER3298";2025;4;1;2;1;43;"N";6;257;2;1;57;7;1;3;1;2;1087000;1087000;543500;391
"ICLTZKSLVMICOCOX7122";2025;4;1;1;1;43;"N";6;148;1;1;28;1;1;3;2;2;272000;272000;136000;225
"ICLTZKSLVMICOCOX7122";2025;4;1;2;1;43;"N";6;148;2;2;31;3;1;3;1;2;-9;272000;136000;0
"GNIEEXGCUZBRKOFJ3895";2025;4;1;1;1;43;"N";6;290;1;2;56;3;3;0;0;0;0;0;0;0
"GNIEEXGCUZBRKOFJ3895";2025;4;1;2;1;43;"N";6;290;2;1;59;3;1;3;1;2;-9;0;0;0
"GNIEEXGCUZBRKOFJ3895";2025;4;1;3;1;43;"N";6;290;3;2;22;3;2;0;0;0;0;0;0;0
"GNIEEXGCUZBRKOFJ3895";2025;4;1;4;1;43;"N";6;290;3;2;32;2;3;0;0;0;0;0;0;0
"YWKOZIDQWFXZXDCQ7864";2025;4;1;1;1;41;"N";7;413;1;1;35;3;1;3;2;2;258000;258000;129000;544
"YWKOZIDQWFXZXDCQ7864";2025;4;1;2;1;41;"N";7;413;2;2;30;2;3;0;0;0;0;258000;129000;0
"FMXLNGSHJICEAXSE9047";2025;4;1;1;1;41;"N";7;495;1;1;70;4;3;0;0;0;0;0;0;0
"GTZLSMWQUDOUJKOS6641";2025;4;1;1;1;41;"N";7;502;1;1;47;7;1;3;2;2;246000;246000;246000;661
"EUREMDZQELTQVESO8580";2025;4;1;1;1;41;"N";7;237;1;1;43;3;1;3;2;2;177000;177000;35400;312
"EUREMDZQELTQVESO8580";2025;4;1;2;1;41;"N";7;237;2;2;47;2;3;0;0;0;0;177000;35400;0
"EUREMDZQELTQVESO8580";2025;4;1;3;1;41;"N";7;237;5;2;16;3;3;0;0;0;0;177000;35400;0
"EUREMDZQELTQVESO8580";2025;4;1;4;1;41;"N";7;237;3;2;20;2;3;0;0;0;0;177000;35400;0
"EUREMDZQELTQVESO8580";2025;4;1;5;1;41;"N";7;237;3;2;21;4;3;0;0;0;0;177000;35400;0
"MBFMIPUUWKALAWAY8427";2025;4;1;1;1;41;"N";7;260;1;1;25;6;1;1;0;2;-9;0;0;0
"MBFMIPUUWKALAWAY8427";2025;4;1;2;1;41;"N";7;260;2;2;21;6;3;0;0;0;0;0;0;0
"MBFMIPUUWKALAWAY8427";2025;4;1;3;1;41;"N";7;260;3;2;3;7;4;0;0;0;0;0;0;0
"MBFMIPUUWKALAWAY8427";2025;4;1;4;1;41;"N";7;260;3;2;4;7;4;0;0;0;0;0;0;0
"MBFMIPUUWKALAWAY8427";2025;4;1;5;1;41;"N";7;260;3;1;4;7;4;0;0;0;0;0;0;0
"MBFMIPUUWKALAWAY8427";2025;4;1;6;1;41;"N";7;260;3;1;5;1;4;0;0;0;0;0;0;0
"XDYGKBFWJNOFNUQU9655";2025;4;1;1;1;41;"N";7;368;1;1;73;1;3;0;0;0;0;0;0;0
"XDYGKBFWJNOFNUQU9655";2025;4;1;2;1;41;"N";7;368;2;2;68;1;3;0;0;0;0;0;0;0
"XDYGKBFWJNOFNUQU9655";2025;4;1;3;1;41;"N";7;368;3;2;50;2;3;0;0;0;0;0;0;0
"XDYGKBFWJNOFNUQU9655";2025;4;1;4;1;41;"N";7;368;3;2;46;4;3;0;0;0;0;0;0;0
"VFHPYFACNRBLBMGA9159";2025;4;1;1;1;41;"N";7;250;1;1;66;4;3;0;0;0;0;0;0;0
"PRMFAKNRGQRGHDMT3896";2025;4;1;1;1;41;"N";7;128;1;1;41;5;1;2;0;2;0;0;0;169
"PRMFAKNRGQRGHDMT3896";2025;4;1;2;1;41;"N";7;128;3;2;19;3;3;0;0;0;0;0;0;0
"GJSZYKOQEZUHFHDB9547";2025;4;1;1;1;41;"N";7;369;1;2;78;1;3;0;0;0;0;0;0;0
"GJSZYKOQEZUHFHDB9547";2025;4;1;2;1;41;"N";7;369;3;2;57;2;3;0;0;0;0;0;0;0
"WRZGAAZTIRGBUWAB7583";2025;4;1;1;1;41;"N";7;242;1;1;79;1;3;0;0;0;0;899000;224750;0
"WRZGAAZTIRGBUWAB7583";2025;4;1;2;1;41;"N";7;242;2;2;76;3;3;0;0;0;0;899000;224750;0
"WRZGAAZTIRGBUWAB7583";2025;4;1;3;1;41;"N";7;242;3;1;55;1;1;3;1;3;299000;899000;224750;319
"WRZGAAZTIRGBUWAB7583";2025;4;1;4;1;41;"N";7;242;3;2;55;3;1;1;0;2;600000;899000;224750;319
"DHRQEHCDFXZUONIJ2695";2025;4;1;1;1;41;"N";7;301;1;2;76;5;3;0;0;0;0;0;0;0
"DHRQEHCDFXZUONIJ2695";2025;4;1;2;1;41;"N";7;301;2;1;79;6;3;0;0;0;0;0;0;0
"STHSMYZHQEMDEVNM2765";2025;4;1;1;1;41;"N";7;345;1;2;40;4;1;3;1;2;440000;1832000;366400;455
"STHSMYZHQEMDEVNM2765";2025;4;1;2;1;41;"N";7;345;2;1;37;1;1;2;0;2;836000;1832000;366400;455
"STHSMYZHQEMDEVNM2765";2025;4;1;3;1;41;"N";7;345;5;2;16;2;3;0;0;0;0;1832000;366400;0
"STHSMYZHQEMDEVNM2765";2025;4;1;4;1;41;"N";7;345;9;1;19;3;1;3;1;2;556000;1832000;366400;455
"STHSMYZHQEMDEVNM2765";2025;4;1;5;1;41;"N";7;345;3;1;17;2;3;0;0;0;0;1832000;366400;0
"YUTFTFTAOAOFKPHU8397";2025;4;1;1;1;41;"N";7;154;1;1;82;3;3;0;0;0;0;3250000;812500;0
"YUTFTFTAOAOFKPHU8397";2025;4;1;2;1;41;"N";7;154;3;2;37;5;3;0;0;0;0;3250000;812500;0
"YUTFTFTAOAOFKPHU8397";2025;4;1;3;1;41;"N";7;154;3;2;38;4;1;3;2;2;2874000;3250000;812500;203
"YUTFTFTAOAOFKPHU8397";2025;4;1;4;1;41;"N";7;154;3;1;46;4;1;3;2;1;376000;3250000;812500;203
"IURNECGDUVYBDYPV9437";2025;4;1;1;1;41;"N";7;368;1;1;79;4;3;0;0;0;0;623000;207667;0
"IURNECGDUVYBDYPV9437";2025;4;1;2;1;41;"N";7;368;3;1;55;6;1;2;0;3;623000;623000;207667;485
"IURNECGDUVYBDYPV9437";2025;4;1;3;1;41;"N";7;368;3;1;32;5;3;0;0;0;0;623000;207667;0
"RFHTYJUCSMZKGJYS3341";2025;4;1;1;1;41;"N";7;431;1;2;41;5;3;0;0;0;0;0;0;0
"FWRPKISEDHZYFZVL0108";2025;4;1;1;1;41;"N";7;248;1;1;77;3;3;0;0;0;0;233000;58250;0
"FWRPKISEDHZYFZVL0108";2025;4;1;2;1;41;"N";7;248;3;1;45;4;1;2;0;1;233000;233000;58250;327
"FWRPKISEDHZYFZVL0108";2025;4;1;3;1;41;"N";7;248;3;2;47;3;3;0;0;0;0;233000;58250;0
"FWRPKISEDHZYFZVL0108";2025;4;1;4;1;41;"N";7;248;3;2;56;1;1;3;2;2;-9;233000;58250;0
"BXTKFWYQAKVQQWZW8835";2025;4;1;1;1;41;"N";7;364;1;1;81;3;3;0;0;0;0;0;0;0
"KEKDAFETUBMQTPMJ0375";2025;4;1;1;1;41;"N";7;217;1;2;73;3;1;2;0;3;744000;2784000;464000;286
"KEKDAFETUBMQTPMJ0375";2025;4;1;2;1;41;"N";7;217;3;1;37;3;3;0;0;0;0;2784000;464000;0
"KEKDAFETUBMQTPMJ0375";2025;4;1;3;1;41;"N";7;217;3;2;32;3;1;3;1;1;1189000;2784000;464000;286
"KEKDAFETUBMQTPMJ0375";2025;4;1;4;1;41;"N";7;217;3;2;46;3;1;3;1;3;851000;2784000;464000;286
"KEKDAFETUBMQTPMJ0375";2025;4;1;5;1;41;"N";7;217;3;1;35;3;1;3;2;2;-9;2784000;464000;0
"KEKDAFETUBMQTPMJ0375";2025;4;1;6;1;41;"N";7;217;9;2;48;2;1;3;2;2;-9;2784000;464000;0
"HVMRATPOBONJJYOR2352";2025;4;1;1;1;41;"N";7;174;1;1;80;6;1;3;2;2;351000;351000;351000;229
"IBQHSLEXVBMUSQIH9805";2025;4;1;1;1;41;"N";7;896;1;2;34;1;3;0;0;0;0;3882000;1941000;0
"IBQHSLEXVBMUSQIH9805";2025;4;1;2;1;41;"N";7;896;2;1;33;6;1;3;1;2;3882000;3882000;1941000;1181
"TKHVGDYWEIBODMXP6187";2025;4;1;1;1;41;"N";7;379;1;1;40;6;2;0;0;0;0;786000;393000;0
"TKHVGDYWEIBODMXP6187";2025;4;1;2;1;41;"N";7;379;2;2;38;5;1;3;2;3;786000;786000;393000;499
"DFFSERLOKTYAMVVI9140";2025;4;1;1;1;41;"N";7;392;1;1;23;5;3;0;0;0;0;0;0;0
"DFFSERLOKTYAMVVI9140";2025;4;1;2;1;41;"N";7;392;3;2;3;7;4;0;0;0;0;0;0;0
"DFFSERLOKTYAMVVI9140";2025;4;1;3;1;41;"N";7;392;9;2;2;7;4;0;0;0;0;0;0;0
"DFFSERLOKTYAMVVI9140";2025;4;1;4;1;41;"N";7;392;3;1;2;7;4;0;0;0;0;0;0;0
"HQICKJBMNGVCKHRN7542";2025;4;1;1;1;41;"N";7;183;1;2;55;4;3;0;0;0;0;1174000;234800;0
"HQICKJBMNGVCKHRN7542";2025;4;1;2;1;41;"N";7;183;3;1;27;6;3;0;0;0;0;1174000;234800;0
"HQICKJBMNGVCKHRN7542";2025;4;1;3;1;41;"N";7;183;3;1;31;6;1;3;1;2;353000;1174000;234800;241
"HQICKJBMNGVCKHRN7542";2025;4;1;4;1;41;"N";7;183;3;2;25;3;1;3;2;2;-9;1174000;234800;0
"HQICKJBMNGVCKHRN7542";2025;4;1;5;1;41;"N";7;183;3;2;26;5;1;1;0;2;821000;1174000;234800;241
"FVKTWBSFYXUKMMYK9459";2025;4;1;1;1;41;"N";7;230;1;2;26;3;1;2;0;2;489000;756000;189000;303
"FVKTWBSFYXUKMMYK9459";2025;4;1;2;1;41;"N";7;230;2;1;20;4;1;2;0;2;267000;756000;189000;303
"FVKTWBSFYXUKMMYK9459";2025;4;1;3;1;41;"N";7;230;3;2;4;7;4;0;0;0;0;756000;189000;0
"FVKTWBSFYXUKMMYK9459";2025;4;1;4;1;41;"N";7;230;3;1;5;7;4;0;0;0;0;756000;189000;0
"EWBLPSBAVBUJRLDL4842";2025;4;1;1;1;41;"N";7;302;1;2;38;5;3;0;0;0;0;0;0;0
"PXXXBXCDPRXINQUS4451";2025;4;1;1;1;41;"N";7;487;1;1;32;5;1;2;0;1;-9;0;0;0
"PXXXBXCDPRXINQUS4451";2025;4;1;2;1;41;"N";7;487;3;1;10;1;3;0;0;0;0;0;0;0
"CZBTAFIGIJSGMNIQ5231";2025;4;1;1;1;41;"N";7;393;1;2;47;4;1;3;1;2;132000;2316000;772000;518
"CZBTAFIGIJSGMNIQ5231";2025;4;1;2;1;41;"N";7;393;2;1;50;5;1;3;1;1;1584000;2316000;772000;518
"CZBTAFIGIJSGMNIQ5231";2025;4;1;3;1;41;"N";7;393;3;1;27;3;1;2;0;1;600000;2316000;772000;518
"NLAUWDAQMOYCEINP4461";2025;4;1;1;1;41;"N";7;202;1;1;26;3;1;1;0;1;1393000;1618000;809000;266
"NLAUWDAQMOYCEINP4461";2025;4;1;2;1;41;"N";7;202;2;2;29;5;1;3;2;3;225000;1618000;809000;266
"NTMEELYTOXJZULWP9932";2025;4;1;1;1;41;"N";7;135;1;2;64;2;3;0;0;0;0;370000;123333;0
"NTMEELYTOXJZULWP9932";2025;4;1;2;1;41;"N";7;135;2;1;61;1;1;3;1;2;370000;370000;123333;178
"NTMEELYTOXJZULWP9932";2025;4;1;3;1;41;"N";7;135;3;1;32;3;1;3;1;2;-9;370000;123333;0
"NTMEELYTOXJZULWP9932";2025;4;2;1;1;41;"N";7;226;1;2;78;4;3;0;0;0;0;126000;42000;0
"NTMEELYTOXJZULWP9932";2025;4;2;2;1;41;"N";7;226;2;1;75;1;1;3;1;2;126000;126000;42000;298
"NTMEELYTOXJZULWP9932";2025;4;2;3;1;41;"N";7;226;3;1;42;5;1;3;1;3;-9;126000;42000;0
"YZUNVTTRLFAUFCLQ2024";2025;4;1;1;1;41;"N";7;547;1;2;35;4;1;1;0;1;-9;0;0;0
"YZUNVTTRLFAUFCLQ2024";2025;4;1;2;1;41;"N";7;547;3;2;9;1;4;0;0;0;0;0;0;0
"RWBGZQQIOLXGQNXM9124";2025;4;1;1;1;41;"N";7;814;1;2;45;4;1;3;1;3;891000;1133000;377667;1072
"RWBGZQQIOLXGQNXM9124";2025;4;1;2;1;41;"N";7;814;2;1;49;6;1;3;1;3;-9;1133000;377667;0
"RWBGZQQIOLXGQNXM9124";2025;4;1;3;1;41;"N";7;814;3;1;18;4;1;3;1;3;242000;1133000;377667;1072
"JWQUPOOTLLHTQYRS3263";2025;4;1;1;1;41;"N";7;599;1;1;46;3;1;3;2;1;326000;1485000;247500;789
"JWQUPOOTLLHTQYRS3263";2025;4;1;2;1;41;"N";7;599;3;1;20;6;2;0;0;0;0;1485000;247500;0
"JWQUPOOTLLHTQYRS3263";2025;4;1;3;1;41;"N";7;599;3;2;25;2;1;3;1;3;317000;1485000;247500;789
"JWQUPOOTLLHTQYRS3263";2025;4;1;4;1;41;"N";7;599;3;1;23;3;1;3;2;2;842000;1485000;247500;789
"JWQUPOOTLLHTQYRS3263";2025;4;1;5;1;41;"N";7;599;3;2;18;5;3;0;0;0;0;1485000;247500;0
"JWQUPOOTLLHTQYRS3263";2025;4;1;6;1;41;"N";7;599;3;2;24;5;3;0;0;0;0;1485000;247500;0
"GLXMSSPSMNOLZNMD0540";2025;4;1;1;1;41;"N";7;120;1;1;31;2;1;1;0;2;-9;515000;257500;0
"GLXMSSPSMNOLZNMD0540";2025;4;1;2;1;41;"N";7;120;2;2;33;5;1;2;0;1;515000;515000;257500;158
"OHPCPWEGZWCGPISB2098";2025;4;1;1;1;41;"N";7;362;1;2;61;6;1;3;2;2;-9;0;0;0
"OHPCPWEGZWCGPISB2098";2025;4;1;2;1;41;"N";7;362;2;1;59;5;1;3;1;3;-9;0;0;0
"VJUUFUQRTTNGNYIR3762";2025;4;1;1;1;41;"N";7;564;1;1;75;4;3;0;0;0;0;1556000;259333;0
"VJUUFUQRTTNGNYIR3762";2025;4;1;2;1;41;"N";7;564;2;2;78;3;3;0;0;0;0;1556000;259333;0
"VJUUFUQRTTNGNYIR3762";2025;4;1;3;1;41;"N";7;564;3;2;36;1;1;3;1;3;600000;1556000;259333;743
"VJUUFUQRTTNGNYIR3762";2025;4;1;4;1;41;"N";7;564;3;1;46;4;1;3;2;3;287000;1556000;259333;743
"VJUUFUQRTTNGNYIR3762";2025;4;1;5;1;41;"N";7;564;3;2;50;4;1;3;2;3;-9;1556000;259333;0
"VJUUFUQRTTNGNYIR3762";2025;4;1;6;1;41;"N";7;564;3;1;53;6;1;2;0;3;669000;1556000;259333;743
"EFIDKZTCSXLEAFFU4616";2025;4;1;1;1;41;"N";7;328;1;2;78;5;3;0;0;0;0;0;0;0
"EFIDKZTCSXLEAFFU4616";2025;4;1;2;1;41;"N";7;328;2;1;79;2;3;0;0;0;0;0;0;0
"EFIDKZTCSXLEAFFU4616";2025;4;1;3;1;41;"N";7;328;3;2;58;6;3;0;0;0;0;0;0;0
"DKBWEQJJECDMLHZE0942";2025;4;1;1;1;41;"N";7;301;1;2;70;2;3;0;0;0;0;0;0;0
"DKDCOCBLGTBCTLNY7631";2025;4;1;1;1;41;"N";7;289;1;1;51;2;1;2;0;3;1238000;1664000;832000;381
"DKDCOCBLGTBCTLNY7631";2025;4;1;2;1;41;"N";7;289;3;2;29;3;1;2;0;2;426000;1664000;832000;381
"TNMGTCZVISRHESTG2421";2025;4;1;1;1;41;"N";7;247;1;2;48;3;1;3;1;3;59000;1722000;344400;325
"TNMGTCZVISRHESTG2421";2025;4;1;2;1;41;"N";7;247;5;2;27;6;1;3;1;2;1663000;1722000;344400;325
"TNMGTCZVISRHESTG2421";2025;4;1;3;1;41;"N";7;247;3;1;18;3;3;0;0;0;0;1722000;344400;0
"TNMGTCZVISRHESTG2421";2025;4;1;4;1;41;"N";7;247;3;1;17;2;3;0;0;0;0;1722000;344400;0
"TNMGTCZVISRHESTG2421";2025;4;1;5;1;41;"N";7;247;3;1;21;3;3;0;0;0;0;1722000;344400;0
"ZDJZKABZIYLECVXW3475";2025;4;1;1;1;41;"N";7;498;1;2;34;1;1;3;2;1;197000;2453000;1226500;656
"ZDJZKABZIYLECVXW3475";2025;4;1;2;1;41;"N";7;498;2;1;36;4;1;3;2;2;2256000;2453000;1226500;656
"RAELWLZWFTUXQMYO5391";2025;4;1;1;1;41;"N";7;488;1;1;27;1;1;3;2;2;-9;222000;111000;0
"RAELWLZWFTUXQMYO5391";2025;4;1;2;1;41;"N";7;488;2;2;30;3;1;2;0;3;222000;222000;111000;643
"FSURWFJQKWOEAOHU7504";2025;4;1;1;1;41;"N";7;742;1;1;72;6;3;0;0;0;0;1410000;470000;0
"FSURWFJQKWOEAOHU7504";2025;4;1;2;1;41;"N";7;742;3;2;33;4;1;3;2;1;1410000;1410000;470000;978
"FSURWFJQKWOEAOHU7504";2025;4;1;3;1;41;"N";7;742;3;2;46;4;3;0;0;0;0;1410000;470000;0
"MUACAVQSIEQMEMBA9378";2025;4;1;1;1;41;"N";7;450;1;1;40;2;3;0;0;0;0;0;0;0
"MUACAVQSIEQMEMBA9378";2025;4;1;2;1;41;"N";7;450;2;2;42;7;3;0;0;0;0;0;0;0
"YPQSCTYPRPDVSLSZ1729";2025;4;1;1;1;41;"N";7;216;1;2;76;3;3;0;0;0;0;0;0;0
"EWFDMLFSDOTBSXHD6126";2025;4;1;1;1;41;"N";7;197;1;2;35;5;2;0;0;0;0;0;0;0
"EWFDMLFSDOTBSXHD6126";2025;4;1;2;1;41;"N";7;197;3;2;14;3;3;0;0;0;0;0;0;0
"EWFDMLFSDOTBSXHD6126";2025;4;1;3;1;41;"N";7;197;3;2;8;1;4;0;0;0;0;0;0;0
"EWFDMLFSDOTBSXHD6126";2025;4;1;4;1;41;"N";7;197;3;2;11;1;3;0;0;0;0;0;0;0
"EWFDMLFSDOTBSXHD6126";2025;4;1;5;1;41;"N";7;197;3;1;10;1;3;0;0;0;0;0;0;0
"TQQRCGJKCDOPWMYW9575";2025;4;1;1;1;41;"N";7;268;1;1;52;6;1;3;1;3;-9;138000;69000;0
"TQQRCGJKCDOPWMYW9575";2025;4;1;2;1;41;"N";7;268;2;2;51;7;1;3;1;3;138000;138000;69000;353
"QWWTYPVNZBRCXATK6428";2025;4;1;1;1;41;"N";7;333;1;1;56;1;1;3;1;3;781000;1874000;468500;439
"QWWTYPVNZBRCXATK6428";2025;4;1;2;1;41;"N";7;333;3;2;34;1;3;0;0;0;0;1874000;468500;0
"QWWTYPVNZBRCXATK6428";2025;4;1;3;1;41;"N";7;333;3;1;26;4;1;3;2;1;1093000;1874000;468500;439
"QWWTYPVNZBRCXATK6428";2025;4;1;4;1;41;"N";7;333;3;2;30;2;1;3;2;3;-9;1874000;468500;0
"TEKLYRABVDCQNLUH2617";2025;4;1;1;1;41;"N";7;302;1;1;30;1;1;2;0;2;1067000;1067000;266750;398
"TEKLYRABVDCQNLUH2617";2025;4;1;2;1;41;"N";7;302;3;2;7;1;4;0;0;0;0;1067000;266750;0
"TEKLYRABVDCQNLUH2617";2025;4;1;3;1;41;"N";7;302;9;1;6;1;4;0;0;0;0;1067000;266750;0
"TEKLYRABVDCQNLUH2617";2025;4;1;4;1;41;"N";7;302;3;2;6;1;4;0;0;0;0;1067000;266750;0
"EZEYLMOPBVTNMYFZ4050";2025;4;1;1;1;41;"N";8;574;1;1;32;6;1;3;1;3;1430000;1430000;286000;1214
"EZEYLMOPBVTNMYFZ4050";2025;4;1;2;1;41;"N";8;574;2;2;26;2;1;3;1;3;-9;1430000;286000;0
"EZEYLMOPBVTNMYFZ4050";2025;4;1;3;1;41;"N";8;574;5;1;8;1;4;0;0;0;0;1430000;286000;0
"EZEYLMOPBVTNMYFZ4050";2025;4;1;4;1;41;"N";8;574;3;2;12;3;3;0;0;0;0;1430000;286000;0
"EZEYLMOPBVTNMYFZ4050";2025;4;1;5;1;41;"N";8;574;3;2;9;1;4;0;0;0;0;1430000;286000;0
"KFTJUWFTTFXPDWPH0326";2025;4;1;1;1;41;"N";8;445;1;2;36;1;1;2;0;3;-9;0;0;0
"KFTJUWFTTFXPDWPH0326";2025;4;1;2;1;41;"N";8;445;3;1;11;2;3;0;0;0;0;0;0;0
"EEVCDZRZXHGRLYEB8577";2025;4;1;1;1;41;"N";8;374;1;1;28;4;1;3;1;2;840000;840000;840000;791
"FTQNVBMIZSAFFMES9006";2025;4;1;1;1;41;"N";8;217;1;1;55;5;1;3;1;2;-9;0;0;0
"WWTEHSWPMMNMTERQ0576";2025;4;1;1;1;41;"N";8;299;1;2;43;7;1;3;2;3;-9;1319000;329750;0
"WWTEHSWPMMNMTERQ0576";2025;4;1;2;1;41;"N";8;299;2;1;40;4;1;2;0;3;795000;1319000;329750;633
"WWTEHSWPMMNMTERQ0576";2025;4;1;3;1;41;"N";8;299;3;2;20;4;1;2;0;2;524000;1319000;329750;633
"WWTEHSWPMMNMTERQ0576";2025;4;1;4;1;41;"N";8;299;5;2;21;3;3;0;0;0;0;1319000;329750;0
"HREPJRNVEVKFLZKE5712";2025;4;1;1;1;41;"N";8;292;1;2;36;6;1;3;1;3;1596000;1596000;798000;618
"HREPJRNVEVKFLZKE5712";2025;4;1;2;1;41;"N";8;292;2;1;42;6;1;3;1;2;-9;1596000;798000;0
"OQXDXJVCOQRNGSRZ6229";2025;4;1;1;1;41;"N";8;164;1;1;36;6;1;3;2;1;-9;580000;116000;0
"OQXDXJVCOQRNGSRZ6229";2025;4;1;2;1;41;"N";8;164;2;2;33;2;1;3;2;2;580000;580000;116000;347
"OQXDXJVCOQRNGSRZ6229";2025;4;1;3;1;41;"N";8;164;3;2;8;1;4;0;0;0;0;580000;116000;0
"OQXDXJVCOQRNGSRZ6229";2025;4;1;4;1;41;"N";8;164;3;2;8;1;4;0;0;0;0;580000;116000;0
"OQXDXJVCOQRNGSRZ6229";2025;4;1;5;1;41;"N";8;164;3;1;9;1;4;0;0;0;0;580000;116000;0
"QDJGQBJFFDHHNONO9569";2025;4;1;1;1;41;"N";8;419;1;1;34;3;1;3;1;1;-9;0;0;0
"SZVIFVVLFUTFNVBD5492";2025;4;1;1;1;41;"N";8;361;1;1;31;1;1;3;1;3;558000;558000;139500;764
"SZVIFVVLFUTFNVBD5492";2025;4;1;2;1;41;"N";8;361;3;2;6;1;4;0;0;0;0;558000;139500;0
"SZVIFVVLFUTFNVBD5492";2025;4;1;3;1;41;"N";8;361;9;2;8;1;4;0;0;0;0;558000;139500;0
"SZVIFVVLFUTFNVBD5492";2025;4;1;4;1;41;"N";8;361;3;2;7;1;4;0;0;0;0;558000;139500;0
"RAZIAMRAEKITKIYR5518";2025;4;1;1;1;41;"N";8;399;1;1;30;2;1;3;1;3;-9;1142000;380667;0
"RAZIAMRAEKITKIYR5518";2025;4;1;2;1;41;"N";8;399;2;2;28;4;1;1;0;1;1142000;1142000;380667;844
"RAZIAMRAEKITKIYR5518";2025;4;1;3;1;41;"N";8;399;3;1;10;1;3;0;0;0;0;1142000;380667;0
"NORIMGOTOTLZTUFB8130";2025;4;1;1;1;41;"N";8;172;1;1;25;1;1;3;2;2;-9;0;0;0
"NORIMGOTOTLZTUFB8130";2025;4;1;2;1;41;"N";8;172;3;2;4;7;4;0;0;0;0;0;0;0
"NORIMGOTOTLZTUFB8130";2025;4;1;3;1;41;"N";8;172;3;1;5;1;4;0;0;0;0;0;0;0
"NORIMGOTOTLZTUFB8130";2025;4;1;4;1;41;"N";8;172;3;2;4;7;4;0;0;0;0;0;0;0
"NORIMGOTOTLZTUFB8130";2025;4;1;5;1;41;"N";8;172;3;1;4;7;4;0;0;0;0;0;0;0
"CGCJQPQSXCNBPAHG5018";2025;4;1;1;1;41;"N";8;439;1;2;46;6;3;0;0;0;0;1067000;533500;0
"CGCJQPQSXCNBPAHG5018";2025;4;1;2;1;41;"N";8;439;2;1;40;6;1;2;0;3;1067000;1067000;533500;929
"MFKXJOARDIIOTBUV3693";2025;4;1;1;1;41;"N";8;364;1;2;72;6;3;0;0;0;0;0;0;0
"MFKXJOARDIIOTBUV3693";2025;4;1;2;1;41;"N";8;364;9;1;40;6;1;2;0;1;-9;0;0;0
"CNYDXFLTYBPOTHMJ1292";2025;4;1;1;1;41;"N";8;495;1;2;27;3;1;2;0;1;-9;0;0;0
"CNYDXFLTYBPOTHMJ1292";2025;4;1;2;1;41;"N";8;495;3;1;4;7;4;0;0;0;0;0;0;0
"CNYDXFLTYBPOTHMJ1292";2025;4;1;3;1;41;"N";8;495;3;1;4;7;4;0;0;0;0;0;0;0
"CNYDXFLTYBPOTHMJ1292";2025;4;1;4;1;41;"N";8;495;3;1;7;1;4;0;0;0;0;0;0;0
"ACGSHEIXBTHANOWM5245";2025;4;1;1;1;41;"N";8;269;1;1;62;3;1;3;2;3;762000;762000;762000;569
"AFENSJEKSASJLLBF0386";2025;4;1;1;1;41;"N";8;362;1;1;76;4;3;0;0;0;0;7358000;1839500;0
"AFENSJEKSASJLLBF0386";2025;4;1;2;1;41;"N";8;362;2;2;70;6;1;3;1;2;5117000;7358000;1839500;766
"AFENSJEKSASJLLBF0386";2025;4;1;3;1;41;"N";8;362;3;1;38;5;1;3;1;3;2241000;7358000;1839500;766
"AFENSJEKSASJLLBF0386";2025;4;1;4;1;41;"N";8;362;3;2;32;3;3;0;0;0;0;7358000;1839500;0
"LZRIEDIKCYYVZCES5327";2025;4;1;1;1;41;"N";8;272;1;1;67;6;3;0;0;0;0;1166000;194333;0
"LZRIEDIKCYYVZCES5327";2025;4;1;2;1;41;"N";8;272;2;2;67;3;3;0;0;0;0;1166000;194333;0
"LZRIEDIKCYYVZCES5327";2025;4;1;3;1;41;"N";8;272;3;2;28;4;3;0;0;0;0;1166000;194333;0
"LZRIEDIKCYYVZCES5327";2025;4;1;4;1;41;"N";8;272;3;1;35;4;1;3;1;3;452000;1166000;194333;575
"LZRIEDIKCYYVZCES5327";2025;4;1;5;1;41;"N";8;272;3;1;34;4;1;2;0;2;714000;1166000;194333;575
"LZRIEDIKCYYVZCES5327";2025;4;1;6;1;41;"N";8;272;3;1;45;3;1;3;2;2;-9;1166000;194333;0
"FRIRFMEXVCUAQIYU5600";2025;4;1;1;1;41;"N";8;375;1;2;67;4;3;0;0;0;0;303000;101000;0
"FRIRFMEXVCUAQIYU5600";2025;4;1;2;1;41;"N";8;375;2;1;73;6;3;0;0;0;0;303000;101000;0
"FRIRFMEXVCUAQIYU5600";2025;4;1;3;1;41;"N";8;375;3;2;39;5;1;3;2;2;303000;303000;101000;793
"INWEGGHHQCYSAWNM6225";2025;4;1;1;1;41;"N";8;304;1;2;71;5;3;0;0;0;0;2219000;739667;0
"INWEGGHHQCYSAWNM6225";2025;4;1;2;1;41;"N";8;304;3;2;40;4;1;2;0;3;-9;2219000;739667;0
"INWEGGHHQCYSAWNM6225";2025;4;1;3;1;41;"N";8;304;3;1;31;1;1;1;0;2;2219000;2219000;739667;643
"TUVSLGBASUHXWUJJ2373";2025;4;1;1;1;41;"N";8;323;1;1;28;4;1;3;2;2;-9;0;0;0
"VJYIAGSVVKYLZMZK4816";2025;4;1;1;1;41;"N";8;195;1;1;23;4;1;3;2;3;-9;0;0;0
"VJYIAGSVVKYLZMZK4816";2025;4;1;2;1;41;"N";8;195;3;1;3;7;4;0;0;0;0;0;0;0
"DRNFXZKZIQIFNYPA4983";2025;4;1;1;1;41;"N";8;440;1;1;27;4;1;2;0;1;555000;555000;111000;931
"DRNFXZKZIQIFNYPA4983";2025;4;1;2;1;41;"N";8;440;3;1;5;1;4;0;0;0;0;555000;111000;0
"DRNFXZKZIQIFNYPA4983";2025;4;1;3;1;41;"N";8;440;3;2;6;1;4;0;0;0;0;555000;111000;0
"DRNFXZKZIQIFNYPA4983";2025;4;1;4;1;41;"N";8;440;3;1;6;1;4;0;0;0;0;555000;111000;0
"DRNFXZKZIQIFNYPA4983";2025;4;1;5;1;41;"N";8;440;3;1;6;1;4;0;0;0;0;555000;111000;0
"DJBZLTJHLJKRAHPQ8730";2025;4;1;1;1;41;"N";8;253;1;2;70;4;3;0;0;0;0;0;0;0
"DJBZLTJHLJKRAHPQ8730";2025;4;1;2;1;41;"N";8;253;2;1;67;1;3;0;0;0;0;0;0;0
"VBWHJCIBNGXRVEMG0596";2025;4;1;1;1;41;"N";8;169;1;1;42;6;1;3;1;3;952000;1613000;403250;358
"VBWHJCIBNGXRVEMG0596";2025;4;1;2;1;41;"N";8;169;2;2;47;4;1;3;1;2;661000;1613000;403250;358
"VBWHJCIBNGXRVEMG0596";2025;4;1;3;1;41;"N";8;169;3;2;13;2;3;0;0;0;0;1613000;403250;0
"VBWHJCIBNGXRVEMG0596";2025;4;1;4;1;41;"N";8;169;3;2;21;5;1;3;1;2;-9;1613000;403250;0
"JEKBOJAPLVPAFIGJ8861";2025;4;1;1;1;41;"N";8;350;1;1;68;6;3;0;0;0;0;0;0;0
"JEKBOJAPLVPAFIGJ8861";2025;4;1;2;1;41;"N";8;350;2;2;68;6;3;0;0;0;0;0;0;0
"ONZCKGWPQZHCLCBS6469";2025;4;1;1;1;41;"N";8;230;1;2;68;4;1;2;0;2;787000;2518000;419667;487
"ONZCKGWPQZHCLCBS6469";2025;4;1;2;1;41;"N";8;230;2;1;63;4;3;0;0;0;0;2518000;419667;0
"ONZCKGWPQZHCLCBS6469";2025;4;1;3;1;41;"N";8;230;9;1;29;5;1;3;2;2;-9;2518000;419667;0
"ONZCKGWPQZHCLCBS6469";2025;4;1;4;1;41;"N";8;230;3;2;26;4;1;2;0;3;436000;2518000;419667;487
"ONZCKGWPQZHCLCBS6469";2025;4;1;5;1;41;"N";8;230;3;2;44;6;1;3;1;4;-9;2518000;419667;0
"ONZCKGWPQZHCLCBS6469";2025;4;1;6;1;41;"N";8;230;3;1;37;4;1;3;1;3;1295000;2518000;419667;487
"ZOIFKENVOQCJKWBG7946";2025;4;1;1;1;41;"N";8;393;1;2;51;4;2;0;0;0;0;0;0;0
"ZOIFKENVOQCJKWBG7946";2025;4;1;2;1;41;"N";8;393;2;1;48;7;1;3;2;2;-9;0;0;0
"UJXNVGBNOURYIFJV7685";2025;4;1;1;1;41;"N";8;200;1;2;61;2;3;0;0;0;0;0;0;0
"UJXNVGBNOURYIFJV7685";2025;4;1;2;1;41;"N";8;200;3;2;36;2;2;0;0;0;0;0;0;0
"FFWDQWHBKXLAPORA2438";2025;4;1;1;1;41;"N";8;285;1;2;68;4;3;0;0;0;0;2246000;374333;0
"FFWDQWHBKXLAPORA2438";2025;4;1;2;1;41;"N";8;285;2;1;64;3;3;0;0;0;0;2246000;374333;0
"FFWDQWHBKXLAPORA2438";2025;4;1;3;1;41;"N";8;285;3;2;35;5;1;3;2;3;1364000;2246000;374333;603
"FFWDQWHBKXLAPORA2438";2025;4;1;4;1;41;"N";8;285;3;2;31;1;1;3;2;2;455000;2246000;374333;603
"FFWDQWHBKXLAPORA2438";2025;4;1;5;1;41;"N";8;285;3;1;28;7;1;3;1;2;-9;2246000;374333;0
"FFWDQWHBKXLAPORA2438";2025;4;1;6;1;41;"N";8;285;3;2;45;6;1;3;1;2;427000;2246000;374333;603
"FFWDQWHBKXLAPORA2438";2025;4;2;1;1;41;"N";8;296;1;2;40;3;1;2;0;2;-9;0;0;0
"FFWDQWHBKXLAPORA2438";2025;4;2;2;1;41;"N";8;296;2;1;41;7;3;0;0;0;0;0;0;0
"ABAPDNDFDKYYQNSB9047";2025;4;1;1;1;41;"N";8;351;1;1;30;4;1;2;0;3;-9;0;0;0
"ABAPDNDFDKYYQNSB9047";2025;4;1;2;1;41;"N";8;351;2;2;33;1;1;3;2;3;-9;0;0;0
"ABAPDNDFDKYYQNSB9047";2025;4;1;3;1;41;"N";8;351;3;2;6;1;4;0;0;0;0;0;0;0
"OHTLKJMYOCYRFCPN0720";2025;4;1;1;1;41;"N";8;305;1;2;33;3;1;3;2;1;501000;501000;100200;645
"OHTLKJMYOCYRFCPN0720";2025;4;1;2;1;41;"N";8;305;2;1;29;4;2;0;0;0;0;501000;100200;0
"OHTLKJMYOCYRFCPN0720";2025;4;1;3;1;41;"N";8;305;5;2;7;1;4;0;0;0;0;501000;100200;0
"OHTLKJMYOCYRFCPN0720";2025;4;1;4;1;41;"N";8;305;3;1;11;1;3;0;0;0;0;501000;100200;0
"OHTLKJMYOCYRFCPN0720";2025;4;1;5;1;41;"N";8;305;3;1;11;1;3;0;0;0;0;501000;100200;0
"OQUHKUZDNULVVTAD0265";2025;4;1;1;1;41;"N";8;473;1;2;62;4;3;0;0;0;0;0;0;0
"OQUHKUZDNULVVTAD0265";2025;4;1;2;1;41;"N";8;473;3;2;40;3;1;1;0;2;-9;0;0;0
"OQUHKUZDNULVVTAD0265";2025;4;1;3;1;41;"N";8;473;3;1;41;6;1;2;0;1;-9;0;0;0
"OQUHKUZDNULVVTAD0265";2025;4;1;4;1;41;"N";8;473;3;1;39;2;1;1;0;1;-9;0;0;0
"SEITYMDIACLVDRDQ2994";2025;4;1;1;1;41;"N";8;265;1;1;38;6;1;1;0;1;1901000;1901000;950500;561
"SEITYMDIACLVDRDQ2994";2025;4;1;2;1;41;"N";8;265;3;1;15;3;3;0;0;0;0;1901000;950500;0
"NNOANJBMSPREXORS6346";2025;4;1;1;1;41;"N";8;232;1;2;71;3;3;0;0;0;0;389000;77800;0
"NNOANJBMSPREXORS6346";2025;4;1;2;1;41;"N";8;232;2;1;66;4;3;0;0;0;0;389000;77800;0
"NNOANJBMSPREXORS6346";2025;4;1;3;1;41;"N";8;232;3;1;51;4;1;3;1;1;389000;389000;77800;491
"NNOANJBMSPREXORS6346";2025;4;1;4;1;41;"N";8;232;3;1;36;5;1;3;1;2;-9;389000;77800;0
"NNOANJBMSPREXORS6346";2025;4;1;5;1;41;"N";8;232;3;2;36;7;3;0;0;0;0;389000;77800;0
"SRXOJBTTKOOOMCOY4494";2025;4;1;1;1;41;"N";8;249;1;1;36;4;1;3;1;2;-9;0;0;0
"SRXOJBTTKOOOMCOY4494";2025;4;1;2;1;41;"N";8;249;2;2;42;6;1;2;0;2;-9;0;0;0
"SRXOJBTTKOOOMCOY4494";2025;4;1;3;1;41;"N";8;249;3;2;9;1;4;0;0;0;0;0;0;0
"SRXOJBTTKOOOMCOY4494";2025;4;1;4;1;41;"N";8;249;3;1;10;1;3;0;0;0;0;0;0;0
"SRXOJBTTKOOOMCOY4494";2025;4;1;5;1;41;"N";8;249;3;1;11;1;3;0;0;0;0;0;0;0
"SRXOJBTTKOOOMCOY4494";2025;4;1;6;1;41;"N";8;249;3;1;11;1;3;0;0;0;0;0;0;0
"CCPYFCVENNWTUMTG2931";2025;4;1;1;1;41;"N";8;515;1;1;74;6;3;0;0;0;0;0;0;0
"CCPYFCVENNWTUMTG2931";2025;4;1;2;1;41;"N";8;515;9;1;47;5;1;3;1;2;-9;0;0;0
"CCPYFCVENNWTUMTG2931";2025;4;1;3;1;41;"N";8;515;9;1;49;2;1;3;2;2;-9;0;0;0
"CCPYFCVENNWTUMTG2931";2025;4;1;4;1;41;"N";8;515;3;2;30;4;3;0;0;0;0;0;0;0
"CCPYFCVENNWTUMTG2931";2025;4;1;5;1;41;"N";8;515;3;1;49;4;1;2;0;2;-9;0;0;0
"CCPYFCVENNWTUMTG2931";2025;4;1;6;1;41;"N";8;515;3;2;35;6;3;0;0;0;0;0;0;0
"SJBIYFPRZHFDTBNY3936";2025;4;1;1;1;41;"N";8;668;1;2;22;5;2;0;0;0;0;0;0;0
"SJBIYFPRZHFDTBNY3936";2025;4;1;2;1;41;"N";8;668;3;2;-1;7;4;0;0;0;0;0;0;0
"SJBIYFPRZHFDTBNY3936";2025;4;1;3;1;41;"N";8;668;3;1;2;7;4;0;0;0;0;0;0;0
"SJBIYFPRZHFDTBNY3936";2025;4;1;4;1;41;"N";8;668;3;1;-1;7;4;0;0;0;0;0;0;0
"FXDDDJIVVULQJHKV3010";2025;4;1;1;1;41;"N";8;195;1;2;37;6;1;2;0;2;1981000;1981000;1981000;413
"KOJCUDUYARYDTCLT9962";2025;4;1;1;1;41;"N";8;376;1;2;40;4;3;0;0;0;0;454000;151333;0
"KOJCUDUYARYDTCLT9962";2025;4;1;2;1;41;"N";8;376;2;1;38;7;1;3;1;2;454000;454000;151333;795
"KOJCUDUYARYDTCLT9962";2025;4;1;3;1;41;"N";8;376;3;1;14;2;3;0;0;0;0;454000;151333;0
"XEZZPRKOPOAQUVDB9966";2025;4;1;1;1;41;"N";8;520;1;2;25;3;3;0;0;0;0;368000;184000;0
"XEZZPRKOPOAQUVDB9966";2025;4;1;2;1;41;"N";8;520;2;1;29;3;1;3;2;2;368000;368000;184000;1100
"FSOPONZRVHPYZQCY6145";2025;4;1;1;1;41;"N";8;356;1;1;24;3;1;3;1;2;-9;0;0;0
"FSOPONZRVHPYZQCY6145";2025;4;1;2;1;41;"N";8;356;3;1;3;7;4;0;0;0;0;0;0;0
"FSOPONZRVHPYZQCY6145";2025;4;1;3;1;41;"N";8;356;5;1;3;7;4;0;0;0;0;0;0;0
"FSOPONZRVHPYZQCY6145";2025;4;1;4;1;41;"N";8;356;3;1;4;7;4;0;0;0;0;0;0;0
"MRDMVDRFTVBOMHZN7747";2025;4;1;1;1;41;"N";8;315;1;2;56;6;1;3;1;2;-9;0;0;0
"MRDMVDRFTVBOMHZN7747";2025;4;1;2;1;41;"N";8;315;2;1;56;4;3;0;0;0;0;0;0;0
"MRDMVDRFTVBOMHZN7747";2025;4;1;3;1;41;"N";8;315;9;2;33;3;1;3;2;3;-9;0;0;0
"VZJXNPCCJIVYEPOK0098";2025;4;1;1;1;41;"N";8;253;1;1;36;3;1;3;1;2;-9;0;0;0
"VZJXNPCCJIVYEPOK0098";2025;4;1;2;1;41;"N";8;253;3;1;10;1;3;0;0;0;0;0;0;0
"VZJXNPCCJIVYEPOK0098";2025;4;1;3;1;41;"N";8;253;3;2;13;3;3;0;0;0;0;0;0;0
"VZJXNPCCJIVYEPOK0098";2025;4;1;4;1;41;"N";8;253;3;1;15;3;3;0;0;0;0;0;0;0
"TUUWQDIIQXKYFGGE1567";2025;4;1;1;1;41;"N";8;613;1;2;77;3;3;0;0;0;0;1554000;310800;0
"TUUWQDIIQXKYFGGE1567";2025;4;1;2;1;41;"N";8;613;2;1;73;2;3;0;0;0;0;1554000;310800;0
"TUUWQDIIQXKYFGGE1567";2025;4;1;3;1;41;"N";8;613;3;2;50;6;1;3;1;2;1247000;1554000;310800;1297
"TUUWQDIIQXKYFGGE1567";2025;4;1;4;1;41;"N";8;613;3;1;43;1;1;2;0;3;-9;1554000;310800;0
"TUUWQDIIQXKYFGGE1567";2025;4;1;5;1;41;"N";8;613;3;1;51;4;1;3;1;3;307000;1554000;310800;1297
"DOHQWCOONUXHMHNM0957";2025;4;1;1;1;41;"N";8;216;1;2;79;2;3;0;0;0;0;411000;137000;0
"DOHQWCOONUXHMHNM0957";2025;4;1;2;1;41;"N";8;216;2;1;75;2;3;0;0;0;0;411000;137000;0
"DOHQWCOONUXHMHNM0957";2025;4;1;3;1;41;"N";8;216;3;2;44;4;1;3;2;2;411000;411000;137000;457
"NETPHGEDISZXQAXD0792";2025;4;1;1;1;41;"N";8;387;1;1;53;6;1;3;1;1;1150000;1150000;383333;819
"NETPHGEDISZXQAXD0792";2025;4;1;2;1;41;"N";8;387;2;2;55;3;3;0;0;0;0;1150000;383333;0
"NETPHGEDISZXQAXD0792";2025;4;1;3;1;41;"N";8;387;3;2;24;2;3;0;0;0;0;1150000;383333;0
"RWPQYRTJUITSLAFN7389";2025;4;1;1;1;44;"N";9;202;1;1;26;6;1;3;2;3;449000;449000;89800;272
"RWPQYRTJUITSLAFN7389";2025;4;1;2;1;44;"N";9;202;3;2;4;7;4;0;0;0;0;449000;89800;0
"RWPQYRTJUITSLAFN7389";2025;4;1;3;1;44;"N";9;202;3;1;6;2;4;0;0;0;0;449000;89800;0
"RWPQYRTJUITSLAFN7389";2025;4;1;4;1;44;"N";9;202;3;1;5;1;4;0;0;0;0;449000;89800;0
"RWPQYRTJUITSLAFN7389";2025;4;1;5;1;44;"N";9;202;3;1;4;7;4;0;0;0;0;449000;89800;0
"XAGEQEYDWNADPCTT7303";2025;4;1;1;1;44;"N";9;301;1;2;37;4;2;0;0;0;0;213000;71000;0
"XAGEQEYDWNADPCTT7303";2025;4;1;2;1;44;"N";9;301;2;1;40;5;1;3;1;2;213000;213000;71000;406
"XAGEQEYDWNADPCTT7303";2025;4;1;3;1;44;"N";9;301;3;1;13;3;3;0;0;0;0;213000;71000;0
"HRIIPELWSQCRVDXB2931";2025;4;1;1;1;44;"N";9;194;1;2;70;7;3;0;0;0;0;0;0;0
"HRIIPELWSQCRVDXB2931";2025;4;1;2;1;44;"N";9;194;3;2;44;2;1;3;2;1;-9;0;0;0
"HRIIPELWSQCRVDXB2931";2025;4;1;3;1;44;"N";9;194;3;1;31;3;1;2;0;2;-9;0;0;0
"HRIIPELWSQCRVDXB2931";2025;4;1;4;1;44;"N";9;194;5;1;30;6;2;0;0;0;0;0;0;0
"HRIIPELWSQCRVDXB2931";2025;4;1;5;1;44;"N";9;194;3;2;49;3;1;3;2;2;-9;0;0;0
"CLHTTEBEEFLARRJY1398";2025;4;1;1;1;44;"N";9;391;1;1;36;4;1;3;1;2;-9;0;0;0
"CLHTTEBEEFLARRJY1398";2025;4;1;2;1;44;"N";9;391;2;2;30;7;3;0;0;0;0;0;0;0
"NIACVDAOYWEAUJHY6571";2025;4;1;1;1;44;"N";9;518;1;1;25;6;1;2;0;3;1274000;1274000;637000;699
"NIACVDAOYWEAUJHY6571";2025;4;1;2;1;44;"N";9;518;2;2;22;5;2;0;0;0;0;1274000;637000;0
"KOUISBIFTYGHSVCJ2128";2025;4;1;1;1;44;"N";9;422;1;2;27;2;3;0;0;0;0;0;0;0
"KOUISBIFTYGHSVCJ2128";2025;4;1;2;1;44;"N";9;422;3;1;6;1;4;0;0;0;0;0;0;0
"QTHGBFGNECVJWRIQ3128";2025;4;1;1;1;44;"N";9;525;1;2;72;4;2;0;0;0;0;0;0;0
"AMEAQIAWELADITSB9295";2025;4;1;1;1;44;"N";9;380;1;1;48;6;1;3;2;1;1615000;1615000;1615000;513
"MQTJFNGPQLSEZXPN2285";2025;4;1;1;1;44;"N";9;381;1;2;72;3;3;0;0;0;0;2748000;458000;0
"MQTJFNGPQLSEZXPN2285";2025;4;1;2;1;44;"N";9;381;2;1;67;6;3;0;0;0;0;2748000;458000;0
"MQTJFNGPQLSEZXPN2285";2025;4;1;3;1;44;"N";9;381;3;2;38;7;1;3;1;2;495000;2748000;458000;514
"MQTJFNGPQLSEZXPN2285";2025;4;1;4;1;44;"N";9;381;3;1;36;5;1;2;0;3;1483000;2748000;458000;514
"MQTJFNGPQLSEZXPN2285";2025;4;1;5;1;44;"N";9;381;5;2;35;5;1;3;1;1;770000;2748000;458000;514
"MQTJFNGPQLSEZXPN2285";2025;4;1;6;1;44;"N";9;381;5;2;32;4;3;0;0;0;0;2748000;458000;0
"PUHLBDYRQSHOFNJQ0318";2025;4;1;1;1;44;"N";9;266;1;2;71;6;3;0;0;0;0;639000;213000;0
"PUHLBDYRQSHOFNJQ0318";2025;4;1;2;1;44;"N";9;266;3;2;47;3;1;3;1;2;199000;639000;213000;359
"PUHLBDYRQSHOFNJQ0318";2025;4;1;3;1;44;"N";9;266;3;2;34;2;1;3;1;2;440000;639000;213000;359
"LFCAPHCXNJRKZAFK9165";2025;4;1;1;1;44;"N";9;222;1;2;60;3;1;3;1;2;968000;968000;484000;299
"LFCAPHCXNJRKZAFK9165";2025;4;1;2;1;44;"N";9;222;3;1;23;6;3;0;0;0;0;968000;484000;0
"ZFARXJGRYCKAGVXH0725";2025;4;1;1;1;44;"N";9;314;1;1;28;4;1;3;1;2;0;420000;105000;424
"ZFARXJGRYCKAGVXH0725";2025;4;1;2;1;44;"N";9;314;2;2;26;5;1;3;1;2;420000;420000;105000;424
"ZFARXJGRYCKAGVXH0725";2025;4;1;3;1;44;"N";9;314;3;2;5;1;4;0;0;0;0;420000;105000;0
"ZFARXJGRYCKAGVXH0725";2025;4;1;4;1;44;"N";9;314;9;2;5;1;4;0;0;0;0;420000;105000;0
"PJPHVGKJVJYWJVVI0352";2025;4;1;1;1;44;"N";9;256;1;1;42;5;3;0;0;0;0;0;0;0
"PJPHVGKJVJYWJVVI0352";2025;4;1;2;1;44;"N";9;256;2;2;43;6;3;0;0;0;0;0;0;0
"PJPHVGKJVJYWJVVI0352";2025;4;1;3;1;44;"N";9;256;3;1;12;3;3;0;0;0;0;0;0;0
"MPYPVNVSJZMOIVCA3873";2025;4;1;1;1;44;"N";9;323;1;2;75;6;3;0;0;0;0;1023000;204600;0
"MPYPVNVSJZMOIVCA3873";2025;4;1;2;1;44;"N";9;323;2;1;80;6;3;0;0;0;0;1023000;204600;0
"MPYPVNVSJZMOIVCA3873";2025;4;1;3;1;44;"N";9;323;3;1;51;3;1;3;1;2;195000;1023000;204600;436
"MPYPVNVSJZMOIVCA3873";2025;4;1;4;1;44;"N";9;323;3;1;36;6;3;0;0;0;0;1023000;204600;0
"MPYPVNVSJZMOIVCA3873";2025;4;1;5;1;44;"N";9;323;3;1;45;6;1;2;0;2;828000;1023000;204600;436
"BIFRJJGQOAFYVEJT7668";2025;4;1;1;1;44;"N";9;208;1;2;28;2;1;3;1;2;-9;0;0;0
"ZWKROAVPDOJCOGZD2107";2025;4;1;1;1;44;"N";9;402;1;1;74;6;3;0;0;0;0;0;0;0
"YQEDQUSGHJCNWDCQ5139";2025;4;1;1;1;44;"N";9;389;1;1;80;6;3;0;0;0;0;0;0;0
"JKVLAHEYSSHGOYZA8332";2025;4;1;1;1;44;"N";9;318;1;1;66;6;3;0;0;0;0;0;0;0
"JKVLAHEYSSHGOYZA8332";2025;4;1;2;1;44;"N";9;318;2;2;67;3;3;0;0;0;0;0;0;0
"JKVLAHEYSSHGOYZA8332";2025;4;1;3;1;44;"N";9;318;3;1;31;3;0;0;0;0;0;0;0;0
"KBCQVPMYVWYKDWGF6847";2025;4;1;1;1;44;"N";9;739;1;2;43;1;1;3;2;2;1169000;1169000;233800;997
"KBCQVPMYVWYKDWGF6847";2025;4;1;2;1;44;"N";9;739;2;1;38;4;1;3;1;2;-9;1169000;233800;0
"KBCQVPMYVWYKDWGF6847";2025;4;1;3;1;44;"N";9;739;3;1;21;4;3;0;0;0;0;1169000;233800;0
"KBCQVPMYVWYKDWGF6847";2025;4;1;4;1;44;"N";9;739;3;1;13;3;3;0;0;0;0;1169000;233800;0
"KBCQVPMYVWYKDWGF6847";2025;4;1;5;1;44;"N";9;739;3;2;14;3;3;0;0;0;0;1169000;233800;0
"OSMGVPMAVNYIDLLT0049";2025;4;1;1;1;44;"N";9;285;1;1;50;5;1;3;1;1;235000;235000;78333;384
"OSMGVPMAVNYIDLLT0049";2025;4;1;2;1;44;"N";9;285;3;1;29;1;1;2;0;2;-9;235000;78333;0
"OSMGVPMAVNYIDLLT0049";2025;4;1;3;1;44;"N";9;285;3;1;26;2;3;0;0;0;0;235000;78333;0
"BPWKUEQOSUMTEANR6286";2025;4;1;1;1;44;"N";9;581;1;2;31;4;1;3;1;3;633000;633000;316500;784
"BPWKUEQOSUMTEANR6286";2025;4;1;2;1;44;"N";9;581;3;1;10;2;3;0;0;0;0;633000;316500;0
"LYPCZEIEEZHGXTTS0981";2025;4;1;1;1;44;"N";9;310;1;1;62;1;3;0;0;0;0;247000;82333;0
"LYPCZEIEEZHGXTTS0981";2025;4;1;2;1;44;"N";9;310;3;1;28;2;1;2;0;1;247000;247000;82333;418
"LYPCZEIEEZHGXTTS0981";2025;4;1;3;1;44;"N";9;310;3;1;25;1;3;0;0;0;0;247000;82333;0
"OXMJOASLAWSQQVYK3993";2025;4;1;1;1;44;"N";9;485;1;2;63;5;1;2;0;2;0;1302000;325500;654
"OXMJOASLAWSQQVYK3993";2025;4;1;2;1;44;"N";9;485;2;1;57;5;1;3;1;1;1302000;1302000;325500;654
"OXMJOASLAWSQQVYK3993";2025;4;1;3;1;44;"N";9;485;3;1;23;5;2;0;0;0;0;1302000;325500;0
"OXMJOASLAWSQQVYK3993";2025;4;1;4;1;44;"N";9;485;3;1;25;2;1;2;0;3;-9;1302000;325500;0
"TTZFGHYTZSWCXGUZ3449";2025;4;1;1;1;44;"N";9;459;1;1;37;4;1;3;1;1;-9;0;0;0
"ZYFUDRDRTTTPBCGW6845";2025;4;1;1;1;44;"N";9;261;1;2;42;3;1;3;1;2;-9;1181000;236200;0
"ZYFUDRDRTTTPBCGW6845";2025;4;1;2;1;44;"N";9;261;2;1;48;1;1;3;1;1;1181000;1181000;236200;352
"ZYFUDRDRTTTPBCGW6845";2025;4;1;3;1;44;"N";9;261;3;1;14;3;3;0;0;0;0;1181000;236200;0
"ZYFUDRDRTTTPBCGW6845";2025;4;1;4;1;44;"N";9;261;3;1;13;3;3;0;0;0;0;1181000;236200;0
"ZYFUDRDRTTTPBCGW6845";2025;4;1;5;1;44;"N";9;261;3;2;13;3;3;0;0;0;0;1181000;236200;0
"UKSRYBABEESJMQRQ8861";2025;4;1;1;1;44;"N";9;209;1;2;63;3;3;0;0;0;0;391000;130333;0
"UKSRYBABEESJMQRQ8861";2025;4;1;2;1;44;"N";9;209;2;1;60;5;3;0;0;0;0;391000;130333;0
"UKSRYBABEESJMQRQ8861";2025;4;1;3;1;44;"N";9;209;3;1;24;6;1;2;0;2;391000;391000;130333;282
"DZKYUMQQGDDXVNVO5119";2025;4;1;1;1;44;"N";9;799;1;1;67;4;3;0;0;0;0;0;0;0
"DZKYUMQQGDDXVNVO5119";2025;4;1;2;1;44;"N";9;799;3;1;41;3;3;0;0;0;0;0;0;0
"DZKYUMQQGDDXVNVO5119";2025;4;1;3;1;44;"N";9;799;9;1;45;3;3;0;0;0;0;0;0;0
"YXIWFBCTXLSUQTJL3001";2025;4;1;1;1;44;"N";9;463;1;2;78;4;3;0;0;0;0;315000;63000;0
"YXIWFBCTXLSUQTJL3001";2025;4;1;2;1;44;"N";9;463;3;2;54;7;1;3;1;3;64000;315000;63000;625
"YXIWFBCTXLSUQTJL3001";2025;4;1;3;1;44;"N";9;463;3;2;45;6;3;0;0;0;0;315000;63000;0
"YXIWFBCTXLSUQTJL3001";2025;4;1;4;1;44;"N";9;463;3;1;54;1;1;3;1;2;251000;315000;63000;625
"YXIWFBCTXLSUQTJL3001";2025;4;1;5;1;44;"N";9;463;3;2;31;4;3;0;0;0;0;315000;63000;0
"AXLTEFHHOFIGOXST1753";2025;4;1;1;1;44;"N";9;166;1;1;38;7;1;2;0;2;1075000;1075000;1075000;224
"AXLTEFHHOFIGOXST1753";2025;4;2;1;1;44;"N";9;377;1;1;64;4;1;3;2;2;502000;647000;215667;509
"AXLTEFHHOFIGOXST1753";2025;4;2;2;1;44;"N";9;377;2;2;69;4;3;0;0;0;0;647000;215667;0
"AXLTEFHHOFIGOXST1753";2025;4;2;3;1;44;"N";9;377;9;2;29;2;1;3;2;3;145000;647000;215667;509
"IXHQNNVXWLYDCEHK5635";2025;4;1;1;1;42;"S";10;408;1;2;29;1;1;3;2;2;420000;420000;140000;447
"IXHQNNVXWLYDCEHK5635";2025;4;1;2;1;42;"S";10;408;3;2;6;1;4;0;0;0;0;420000;140000;0
"IXHQNNVXWLYDCEHK5635";2025;4;1;3;1;42;"S";10;408;3;2;6;1;4;0;0;0;0;420000;140000;0
"AIHDZQBWVEACEZGJ6827";2025;4;1;1;1;42;"S";10;284;1;1;25;3;1;3;2;2;1230000;1230000;1230000;311
"EQHBUBLPDIQLWXJE5729";2025;4;1;1;1;42;"S";10;735;1;1;23;4;3;0;0;0;0;0;0;0
"EQHBUBLPDIQLWXJE5729";2025;4;1;2;1;42;"S";10;735;3;1;2;7;4;0;0;0;0;0;0;0
"NTKJFOCARITIQMJI1764";2025;4;1;1;1;42;"S";10;579;1;2;23;4;2;0;0;0;0;0;0;0
"NTKJFOCARITIQMJI1764";2025;4;1;2;1;42;"S";10;579;3;2;3;7;4;0;0;0;0;0;0;0
"NTKJFOCARITIQMJI1764";2025;4;1;3;1;42;"S";10;579;3;2;2;7;4;0;0;0;0;0;0;0
"NTKJFOCARITIQMJI1764";2025;4;1;4;1;42;"S";10;579;3;1;2;7;4;0;0;0;0;0;0;0
"NTKJFOCARITIQMJI1764";2025;4;1;5;1;42;"S";10;579;3;1;2;7;4;0;0;0;0;0;0;0
"NTKJFOCARITIQMJI1764";2025;4;1;6;1;42;"S";10;579;3;1;3;7;4;0;0;0;0;0;0;0
"HUVCYBGORRZUDHXR7136";2025;4;1;1;1;42;"S";10;641;1;1;61;2;3;0;0;0;0;1378000;459333;0
"HUVCYBGORRZUDHXR7136";2025;4;1;2;1;42;"S";10;641;2;2;59;7;3;0;0;0;0;1378000;459333;0
"HUVCYBGORRZUDHXR7136";2025;4;1;3;1;42;"S";10;641;9;1;34;2;1;3;2;2;1378000;1378000;459333;702
"DTRNACWXFCBUVAVG1373";2025;4;1;1;1;42;"S";10;303;1;2;43;6;1;3;1;3;544000;956000;318667;332
"DTRNACWXFCBUVAVG1373";2025;4;1;2;1;42;"S";10;303;2;1;39;2;1;3;2;3;412000;956000;318667;332
"DTRNACWXFCBUVAVG1373";2025;4;1;3;1;42;"S";10;303;3;1;21;4;2;0;0;0;0;956000;318667;0
"IBGODNWXVRHMFLSS1862";2025;4;1;1;1;42;"S";10;556;1;1;34;7;1;3;1;2;204000;204000;68000;609
"IBGODNWXVRHMFLSS1862";2025;4;1;2;1;42;"S";10;556;2;2;35;3;3;0;0;0;0;204000;68000;0
"IBGODNWXVRHMFLSS1862";2025;4;1;3;1;42;"S";10;556;9;2;9;1;4;0;0;0;0;204000;68000;0
"GDUTYJFSCKGJNADT5651";2025;4;1;1;1;42;"S";10;659;1;1;66;6;3;0;0;0;0;119000;39667;0
"GDUTYJFSCKGJNADT5651";2025;4;1;2;1;42;"S";10;659;2;2;61;3;3;0;0;0;0;119000;39667;0
"GDUTYJFSCKGJNADT5651";2025;4;1;3;1;42;"S";10;659;3;2;43;3;1;3;2;2;119000;119000;39667;721
"OEPCCITWCNGHOTGH8576";2025;4;1;1;1;42;"S";10;172;1;2;49;4;3;0;0;0;0;1573000;786500;0
"OEPCCITWCNGHOTGH8576";2025;4;1;2;1;42;"S";10;172;2;1;52;3;1;3;1;2;1573000;1573000;786500;188
"QPGZVXGZLDSCOHLS3522";2025;4;1;1;1;42;"S";10;346;1;2;62;3;1;2;0;2;209000;484000;242000;379
"QPGZVXGZLDSCOHLS3522";2025;4;1;2;1;42;"S";10;346;2;1;62;4;1;3;1;1;275000;484000;242000;379
"PUYCBZXMJPRLNOFA4998";2025;4;1;1;1;42;"S";10;399;1;1;34;1;2;0;0;0;0;0;0;0
"PUYCBZXMJPRLNOFA4998";2025;4;1;2;1;42;"S";10;399;3;2;13;2;3;0;0;0;0;0;0;0
"CKXBAPGMFOETBPEC9201";2025;4;1;1;1;42;"S";10;724;1;1;58;6;3;0;0;0;0;0;0;0
"CKXBAPGMFOETBPEC9201";2025;4;1;2;1;42;"S";10;724;2;2;60;2;3;0;0;0;0;0;0;0
"CKXBAPGMFOETBPEC9201";2025;4;1;3;1;42;"S";10;724;3;2;31;2;3;0;0;0;0;0;0;0
"HFNFPLSCMOVWFPHT1096";2025;4;1;1;1;42;"S";10;647;1;2;65;3;3;0;0;0;0;0;0;0
"HFNFPLSCMOVWFPHT1096";2025;4;1;2;1;42;"S";10;647;2;1;60;2;3;0;0;0;0;0;0;0
"LDVQWNLBEIRRLIRM0716";2025;4;1;1;1;42;"S";10;1683;1;1;53;5;1;3;1;2;1000000;6543000;1308600;1843
"LDVQWNLBEIRRLIRM0716";2025;4;1;2;1;42;"S";10;1683;3;2;30;5;1;2;0;3;80000;6543000;1308600;1843
"LDVQWNLBEIRRLIRM0716";2025;4;1;3;1;42;"S";10;1683;3;2;26;6;1;2;0;3;5185000;6543000;1308600;1843
"LDVQWNLBEIRRLIRM0716";2025;4;1;4;1;42;"S";10;1683;3;1;26;3;1;3;1;2;278000;6543000;1308600;1843
"LDVQWNLBEIRRLIRM0716";2025;4;1;5;1;42;"S";10;1683;3;1;24;5;3;0;0;0;0;6543000;1308600;0
"ICNVGKKMMFGDAMWR9588";2025;4;1;1;1;42;"S";10;444;1;2;52;7;1;3;2;2;1110000;3236000;1078667;486
"ICNVGKKMMFGDAMWR9588";2025;4;1;2;1;42;"S";10;444;2;1;48;5;1;3;1;2;-9;3236000;1078667;0
"ICNVGKKMMFGDAMWR9588";2025;4;1;3;1;42;"S";10;444;3;2;25;6;1;3;1;3;2126000;3236000;1078667;486
"TTTUPQJUSQDZGUHW1796";2025;4;1;1;1;42;"S";10;1013;1;2;46;6;3;0;0;0;0;735000;122500;0
"TTTUPQJUSQDZGUHW1796";2025;4;1;2;1;42;"S";10;1013;2;1;50;4;1;3;1;3;467000;735000;122500;1109
"TTTUPQJUSQDZGUHW1796";2025;4;1;3;1;42;"S";10;1013;3;1;23;4;1;3;2;3;268000;735000;122500;1109
"TTTUPQJUSQDZGUHW1796";2025;4;1;4;1;42;"S";10;1013;3;2;17;2;3;0;0;0;0;735000;122500;0
"TTTUPQJUSQDZGUHW1796";2025;4;1;5;1;42;"S";10;1013;9;2;19;6;2;0;0;0;0;735000;122500;0
"TTTUPQJUSQDZGUHW1796";2025;4;1;6;1;42;"S";10;1013;3;2;14;2;3;0;0;0;0;735000;122500;0
"JKECSDACQMXBEEXZ2470";2025;4;1;1;1;42;"S";10;535;1;1;64;6;3;0;0;0;0;690000;138000;0
"JKECSDACQMXBEEXZ2470";2025;4;1;2;1;42;"S";10;535;2;2;68;2;3;0;0;0;0;690000;138000;0
"JKECSDACQMXBEEXZ2470";2025;4;1;3;1;42;"S";10;535;3;1;23;5;1;3;1;2;432000;690000;138000;586
"JKECSDACQMXBEEXZ2470";2025;4;1;4;1;42;"S";10;535;3;2;39;6;3;0;0;0;0;690000;138000;0
"JKECSDACQMXBEEXZ2470";2025;4;1;5;1;42;"S";10;535;5;2;33;4;1;3;1;2;258000;690000;138000;586
"OAANQUIIQJLDMMEH7565";2025;4;1;1;1;42;"S";10;978;1;2;36;3;3;0;0;0;0;0;0;0
"OAANQUIIQJLDMMEH7565";2025;4;1;2;1;42;"S";10;978;3;2;10;1;3;0;0;0;0;0;0;0
"OAANQUIIQJLDMMEH7565";2025;4;1;3;1;42;"S";10;978;9;2;13;3;3;0;0;0;0;0;0;0
"ZXZKDWXRHDICAEGT2415";2025;4;1;1;1;42;"S";10;656;1;1;50;6;1;3;2;2;-9;592000;197333;0
"ZXZKDWXRHDICAEGT2415";2025;4;1;2;1;42;"S";10;656;3;2;29;7;1;3;1;2;293000;592000;197333;718
"ZXZKDWXRHDICAEGT2415";2025;4;1;3;1;42;"S";10;656;5;2;29;1;1;2;0;2;299000;592000;197333;718
"DDADRCSKVDRVJHUI4105";2025;4;1;1;1;42;"S";10;1115;1;2;40;3;1;3;2;3;623000;623000;155750;1221
"DDADRCSKVDRVJHUI4105";2025;4;1;2;1;42;"S";10;1115;2;1;45;1;2;0;0;0;0;623000;155750;0
"DDADRCSKVDRVJHUI4105";2025;4;1;3;1;42;"S";10;1115;3;2;14;3;3;0;0;0;0;623000;155750;0
"DDADRCSKVDRVJHUI4105";2025;4;1;4;1;42;"S";10;1115;5;2;13;3;3;0;0;0;0;623000;155750;0
"WGJQCPZTGZOURIIY2186";2025;4;1;1;1;42;"S";10;441;1;1;49;6;3;0;0;0;0;0;0;0
"WGJQCPZTGZOURIIY2186";2025;4;1;2;1;42;"S";10;441;3;2;16;2;3;0;0;0;0;0;0;0
"WGJQCPZTGZOURIIY2186";2025;4;1;3;1;42;"S";10;441;3;2;18;4;3;0;0;0;0;0;0;0
"WGJQCPZTGZOURIIY2186";2025;4;1;4;1;42;"S";10;441;3;1;28;3;3;0;0;0;0;0;0;0
"MXINETVTXYHUUYQO9705";2025;4;1;1;1;42;"S";10;231;1;1;81;3;3;0;0;0;0;0;0;0
"PNARKPJCCABQXIZG7618";2025;4;1;1;1;42;"S";10;475;1;1;79;4;3;0;0;0;0;747000;186750;0
"PNARKPJCCABQXIZG7618";2025;4;1;2;1;42;"S";10;475;2;2;76;1;1;3;2;2;129000;747000;186750;520
"PNARKPJCCABQXIZG7618";2025;4;1;3;1;42;"S";10;475;3;1;38;3;1;3;2;2;468000;747000;186750;520
"PNARKPJCCABQXIZG7618";2025;4;1;4;1;42;"S";10;475;9;2;36;4;1;2;0;4;150000;747000;186750;520
"DNNONEMLILLZBXUK1024";2025;4;1;1;1;42;"S";10;279;1;2;41;6;1;3;2;3;1782000;1782000;356400;305
"DNNONEMLILLZBXUK1024";2025;4;1;2;1;42;"S";10;279;3;2;12;1;3;0;0;0;0;1782000;356400;0
"DNNONEMLILLZBXUK1024";2025;4;1;3;1;42;"S";10;279;3;2;15;3;3;0;0;0;0;1782000;356400;0
"DNNONEMLILLZBXUK1024";2025;4;1;4;1;42;"S";10;279;9;1;18;4;3;0;0;0;0;1782000;356400;0
"DNNONEMLILLZBXUK1024";2025;4;1;5;1;42;"S";10;279;3;1;17;3;3;0;0;0;0;1782000;356400;0
"SKMURFIUUIPFKWSV5987";2025;4;1;1;1;42;"S";10;443;1;2;33;1;3;0;0;0;0;125000;20833;0
"SKMURFIUUIPFKWSV5987";2025;4;1;2;1;42;"S";10;443;2;1;38;1;1;3;1;2;125000;125000;20833;485
"SKMURFIUUIPFKWSV5987";2025;4;1;3;1;42;"S";10;443;3;1;12;3;3;0;0;0;0;125000;20833;0
"SKMURFIUUIPFKWSV5987";2025;4;1;4;1;42;"S";10;443;3;2;10;1;3;0;0;0;0;125000;20833;0
"SKMURFIUUIPFKWSV5987";2025;4;1;5;1;42;"S";10;443;3;1;9;1;4;0;0;0;0;125000;20833;0
"SKMURFIUUIPFKWSV5987";2025;4;1;6;1;42;"S";10;443;3;1;10;1;3;0;0;0;0;125000;20833;0
"UTTBVPPJRAWJGTQH9173";2025;4;1;1;1;42;"S";10;883;1;2;29;5;1;3;1;2;721000;721000;721000;967
"IBDSMQRBXBDKWRQZ8746";2025;4;1;1;1;42;"S";10;510;1;2;64;6;3;0;0;0;0;0;0;0
"IBDSMQRBXBDKWRQZ8746";2025;4;1;2;1;42;"S";10;510;2;1;67;2;3;0;0;0;0;0;0;0
"LZZQPGPYMIHMTXES2121";2025;4;1;1;1;42;"S";10;824;1;2;34;6;3;0;0;0;0;192000;32000;0
"LZZQPGPYMIHMTXES2121";2025;4;1;2;1;42;"S";10;824;2;1;34;6;1;3;2;3;192000;192000;32000;902
"LZZQPGPYMIHMTXES2121";2025;4;1;3;1;42;"S";10;824;3;2;11;1;3;0;0;0;0;192000;32000;0
"LZZQPGPYMIHMTXES2121";2025;4;1;4;1;42;"S";10;824;3;2;11;1;3;0;0;0;0;192000;32000;0
"LZZQPGPYMIHMTXES2121";2025;4;1;5;1;42;"S";10;824;5;2;10;1;3;0;0;0;0;192000;32000;0
"LZZQPGPYMIHMTXES2121";2025;4;1;6;1;42;"S";10;824;3;2;11;1;3;0;0;0;0;192000;32000;0
"HQVFSDEKCRLXFECB4707";2025;4;1;1;1;42;"S";10;537;1;1;75;6;3;0;0;0;0;0;0;0
"HQVFSDEKCRLXFECB4707";2025;4;1;2;1;42;"S";10;537;2;2;79;5;3;0;0;0;0;0;0;0
"HQVFSDEKCRLXFECB4707";2025;4;1;3;1;42;"S";10;537;3;2;31;2;3;0;0;0;0;0;0;0
"HQVFSDEKCRLXFECB4707";2025;4;2;1;1;42;"S";10;278;1;1;50;5;3;0;0;0;0;0;0;0
"HQVFSDEKCRLXFECB4707";2025;4;2;2;1;42;"S";10;278;2;2;50;3;1;2;0;2;-9;0;0;0
"JPOUWJWHHQHSMBIZ5730";2025;4;1;1;1;42;"S";10;548;1;1;35;3;1;3;2;3;223000;223000;74333;600
"JPOUWJWHHQHSMBIZ5730";2025;4;1;2;1;42;"S";10;548;3;2;9;1;4;0;0;0;0;223000;74333;0
"JPOUWJWHHQHSMBIZ5730";2025;4;1;3;1;42;"S";10;548;3;1;13;2;3;0;0;0;0;223000;74333;0
"TAMSGLGUFNTSXVAG8472";2025;4;1;1;1;42;"S";10;632;1;1;56;4;1;3;1;2;309000;1583000;527667;692
"TAMSGLGUFNTSXVAG8472";2025;4;1;2;1;42;"S";10;632;2;2;51;5;1;3;1;3;198000;1583000;527667;692
"TAMSGLGUFNTSXVAG8472";2025;4;1;3;1;42;"S";10;632;5;1;33;1;1;3;2;3;1076000;1583000;527667;692
"ZUDBXYBDEPOHNVBD6564";2025;4;1;1;1;42;"S";10;549;1;1;28;6;1;3;1;3;317000;317000;317000;601
"VDUDJNMFWFTJZCCM9989";2025;4;1;1;1;42;"S";10;425;1;1;77;4;3;0;0;0;0;681000;227000;0
"VDUDJNMFWFTJZCCM9989";2025;4;1;2;1;42;"S";10;425;3;1;48;3;1;3;2;2;546000;681000;227000;465
"VDUDJNMFWFTJZCCM9989";2025;4;1;3;1;42;"S";10;425;3;1;39;2;1;3;1;2;135000;681000;227000;465
"GPCVEMECNKTHNVKK3998";2025;4;1;1;1;42;"S";10;528;1;2;68;5;3;0;0;0;0;0;0;0
"GPCVEMECNKTHNVKK3998";2025;4;1;2;1;42;"S";10;528;2;1;69;6;3;0;0;0;0;0;0;0
"DSGRQCQIRDEEORCR7780";2025;4;1;1;1;42;"S";10;540;1;2;67;1;3;0;0;0;0;439000;219500;0
"DSGRQCQIRDEEORCR7780";2025;4;1;2;1;42;"S";10;540;3;1;41;5;1;3;1;2;439000;439000;219500;591
"DMTUPTSRBVWPVMKO8724";2025;4;1;1;1;42;"S";10;717;1;1;64;6;1;3;1;2;277000;3732000;1244000;785
"DMTUPTSRBVWPVMKO8724";2025;4;1;2;1;42;"S";10;717;5;2;36;2;1;3;1;3;899000;3732000;1244000;785
"DMTUPTSRBVWPVMKO8724";2025;4;1;3;1;42;"S";10;717;3;2;42;6;1;3;1;3;2556000;3732000;1244000;785
"YMDQQNHSWXRWPNJJ3528";2025;4;1;1;1;42;"S";10;638;1;1;80;4;3;0;0;0;0;852000;213000;0
"YMDQQNHSWXRWPNJJ3528";2025;4;1;2;1;42;"S";10;638;5;1;52;3;1;3;1;3;334000;852000;213000;698
"YMDQQNHSWXRWPNJJ3528";2025;4;1;3;1;42;"S";10;638;3;2;58;3;1;3;1;3;518000;852000;213000;698
"YMDQQNHSWXRWPNJJ3528";2025;4;1;4;1;42;"S";10;638;3;2;38;5;3;0;0;0;0;852000;213000;0
"TLSXYAHJQCWSPNDN2118";2025;4;1;1;1;42;"S";10;457;1;1;77;2;1;3;2;2;111000;111000;55500;500
"TLSXYAHJQCWSPNDN2118";2025;4;1;2;1;42;"S";10;457;2;2;72;2;3;0;0;0;0;111000;55500;0
"JUXIVJIQVCZNGOXC5719";2025;4;1;1;1;42;"S";10;549;1;1;65;4;3;0;0;0;0;0;0;0
"JUXIVJIQVCZNGOXC5719";2025;4;1;2;1;42;"S";10;549;2;2;63;7;3;0;0;0;0;0;0;0
"NCGVNEKROXENRIHB4766";2025;4;1;1;1;42;"S";10;801;1;1;54;3;1;3;2;2;329000;329000;164500;877
"NCGVNEKROXENRIHB4766";2025;4;1;2;1;42;"S";10;801;2;2;48;6;1;2;0;2;-9;329000;164500;0
"BYUTXYIBKRHMUXKP8572";2025;4;1;1;1;42;"S";10;358;1;1;45;4;1;3;2;2;307000;307000;76750;392
"BYUTXYIBKRHMUXKP8572";2025;4;1;2;1;42;"S";10;358;3;2;18;5;3;0;0;0;0;307000;76750;0
"BYUTXYIBKRHMUXKP8572";2025;4;1;3;1;42;"S";10;358;3;1;18;4;3;0;0;0;0;307000;76750;0
"BYUTXYIBKRHMUXKP8572";2025;4;1;4;1;42;"S";10;358;3;1;17;2;3;0;0;0;0;307000;76750;0
"BAPKKBNLJLRLFEHU9624";2025;4;1;1;1;42;"S";10;678;1;1;62;3;1;3;2;2;828000;828000;828000;742
"LQNVYZWXDHYELIFF5566";2025;4;1;1;1;42;"S";10;459;1;2;47;2;1;3;1;1;506000;506000;506000;503
"CHKDCQWGQBWORLSO0678";2025;4;1;1;1;42;"S";10;394;1;2;42;4;1;3;2;2;500000;500000;500000;431
"IDRTOFKDTCRLCFGV9190";2025;4;1;1;1;42;"S";10;628;1;1;45;2;1;2;0;2;427000;427000;427000;688
"PNQVAWIDKVAZPLVC2145";2025;4;1;1;1;42;"S";10;515;1;1;54;1;3;0;0;0;0;288000;144000;0
"PNQVAWIDKVAZPLVC2145";2025;4;1;2;1;42;"S";10;515;2;2;50;3;1;2;0;2;288000;288000;144000;564
"UTMWQEMVSXNHHACD4758";2025;4;1;1;1;42;"S";10;1341;1;2;33;3;1;3;1;2;891000;990000;247500;1468
"UTMWQEMVSXNHHACD4758";2025;4;1;2;1;42;"S";10;1341;2;1;32;6;1;3;1;2;99000;990000;247500;1468
"UTMWQEMVSXNHHACD4758";2025;4;1;3;1;42;"S";10;1341;9;1;7;1;4;0;0;0;0;990000;247500;0
"UTMWQEMVSXNHHACD4758";2025;4;1;4;1;42;"S";10;1341;5;1;12;3;3;0;0;0;0;990000;247500;0
"SVJSNAOWGBSALYPX5172";2025;4;1;1;1;42;"S";10;481;1;1;80;2;3;0;0;0;0;1191000;595500;0
"SVJSNAOWGBSALYPX5172";2025;4;1;2;1;42;"S";10;481;3;1;51;6;1;2;0;2;1191000;1191000;595500;527
"POCYYHZBVTGHOABM2203";2025;4;1;1;1;42;"S";10;657;1;1;45;6;1;3;1;2;465000;822000;205500;719
"POCYYHZBVTGHOABM2203";2025;4;1;2;1;42;"S";10;657;3;2;15;3;3;0;0;0;0;822000;205500;0
"POCYYHZBVTGHOABM2203";2025;4;1;3;1;42;"S";10;657;3;1;15;3;3;0;0;0;0;822000;205500;0
"POCYYHZBVTGHOABM2203";2025;4;1;4;1;42;"S";10;657;3;1;21;3;1;3;1;3;357000;822000;205500;719
"FCWQCSYWLBUTFBYR5874";2025;4;1;1;1;42;"S";10;516;1;2;37;4;1;3;2;3;677000;1340000;670000;565
"FCWQCSYWLBUTFBYR5874";2025;4;1;2;1;42;"S";10;516;2;1;43;4;1;3;2;2;663000;1340000;670000;565
"VBNDCJTHDHUJHWBU2907";2025;4;1;1;1;42;"S";10;405;1;1;23;6;3;0;0;0;0;0;0;0
"VBNDCJTHDHUJHWBU2907";2025;4;1;2;1;42;"S";10;405;3;1;2;7;4;0;0;0;0;0;0;0
"VBNDCJTHDHUJHWBU2907";2025;4;1;3;1;42;"S";10;405;3;1;3;7;4;0;0;0;0;0;0;0
"VBNDCJTHDHUJHWBU2907";2025;4;1;4;1;42;"S";10;405;3;2;2;7;4;0;0;0;0;0;0;0
"VBNDCJTHDHUJHWBU2907";2025;4;1;5;1;42;"S";10;405;3;1;2;7;4;0;0;0;0;0;0;0
"VBNDCJTHDHUJHWBU2907";2025;4;1;6;1;42;"S";10;405;5;1;3;7;4;0;0;0;0;0;0;0
"REVZTZFJLXVEUKNT1563";2025;4;1;1;1;42;"S";10;556;1;2;73;5;3;0;0;0;0;0;0;0
"REVZTZFJLXVEUKNT1563";2025;4;1;2;1;42;"S";10;556;2;1;77;1;3;0;0;0;0;0;0;0
"BXOOZQFKWNXFCDBN2377";2025;4;1;1;1;42;"S";10;357;1;1;40;3;1;3;1;3;-9;443000;73833;0
"BXOOZQFKWNXFCDBN2377";2025;4;1;2;1;42;"S";10;357;2;2;44;2;1;3;1;2;443000;443000;73833;391
"BXOOZQFKWNXFCDBN2377";2025;4;1;3;1;42;"S";10;357;3;1;16;3;3;0;0;0;0;443000;73833;0
"BXOOZQFKWNXFCDBN2377";2025;4;1;4;1;42;"S";10;357;3;1;17;3;3;0;0;0;0;443000;73833;0
"BXOOZQFKWNXFCDBN2377";2025;4;1;5;1;42;"S";10;357;3;1;15;3;3;0;0;0;0;443000;73833;0
"BXOOZQFKWNXFCDBN2377";2025;4;1;6;1;42;"S";10;357;9;1;11;1;3;0;0;0;0;443000;73833;0
"DHNVESNGTKOZDHDD3611";2025;4;1;1;1;42;"S";10;372;1;2;30;3;1;3;1;2;-9;0;0;0
"VTNZNHSMQJBMPAPB3813";2025;4;1;1;1;42;"S";10;589;1;2;45;2;1;3;1;3;491000;8085000;4042500;645
"VTNZNHSMQJBMPAPB3813";2025;4;1;2;1;42;"S";10;589;2;1;44;6;1;1;0;2;7594000;8085000;4042500;645
"LXAQTXKUXAJLTXLJ9058";2025;4;1;1;1;42;"S";10;323;1;1;40;4;1;2;0;2;366000;366000;366000;354
"VJWFBTTEKBCWBHFG2973";2025;4;1;1;1;42;"S";10;552;1;1;73;6;3;0;0;0;0;0;0;0
"VJWFBTTEKBCWBHFG2973";2025;4;2;1;1;42;"S";10;514;1;1;59;4;1;3;1;3;135000;1458000;243000;563
"VJWFBTTEKBCWBHFG2973";2025;4;2;2;1;42;"S";10;514;3;1;32;4;1;3;1;1;425000;1458000;243000;563
"VJWFBTTEKBCWBHFG2973";2025;4;2;3;1;42;"S";10;514;3;1;32;3;1;3;1;2;-9;1458000;243000;0
"VJWFBTTEKBCWBHFG2973";2025;4;2;4;1;42;"S";10;514;3;1;29;2;3;0;0;0;0;1458000;243000;0
"VJWFBTTEKBCWBHFG2973";2025;4;2;5;1;42;"S";10;514;3;2;30;4;1;3;1;2;674000;1458000;243000;563
"VJWFBTTEKBCWBHFG2973";2025;4;2;6;1;42;"S";10;514;3;2;28;3;1;3;2;2;224000;1458000;243000;563
"NZVBUAULXPHHYHNW9866";2025;4;1;1;1;42;"S";10;372;1;1;28;4;1;3;2;2;626000;626000;313000;407
"NZVBUAULXPHHYHNW9866";2025;4;1;2;1;42;"S";10;372;3;1;5;2;4;0;0;0;0;626000;313000;0
"YEWXJBLJZRIYGDKU4497";2025;4;1;1;1;42;"S";10;1341;1;2;56;4;1;1;0;2;331000;331000;331000;1468
"NUPUJHEAUFQJITDK0743";2025;4;1;1;1;42;"S";10;733;1;1;29;3;3;0;0;0;0;0;0;0
"NUPUJHEAUFQJITDK0743";2025;4;1;2;1;42;"S";10;733;2;2;31;6;3;0;0;0;0;0;0;0
"NUPUJHEAUFQJITDK0743";2025;4;1;3;1;42;"S";10;733;3;2;8;1;4;0;0;0;0;0;0;0
"ITMSGYDMESWCPQPJ4367";2025;4;1;1;1;42;"S";10;455;1;1;56;2;1;3;1;2;942000;942000;942000;498
"WTLFFTEPLYGDGJIX9322";2025;4;1;1;1;42;"S";10;465;1;2;53;2;1;3;1;2;368000;368000;368000;509
"FPPLDQWFPKJJEYPD7001";2025;4;1;1;1;42;"S";10;778;1;1;62;2;3;0;0;0;0;10445000;3481667;0
"FPPLDQWFPKJJEYPD7001";2025;4;1;2;1;42;"S";10;778;3;1;26;2;1;1;0;3;10445000;10445000;3481667;852
"FPPLDQWFPKJJEYPD7001";2025;4;1;3;1;42;"S";10;778;3;1;35;1;2;0;0;0;0;10445000;3481667;0
"LCMLQRGXWKGFANPQ0893";2025;4;1;1;1;42;"S";10;310;1;1;71;2;2;0;0;0;0;1714000;285667;0
"LCMLQRGXWKGFANPQ0893";2025;4;1;2;1;42;"S";10;310;2;2;65;3;3;0;0;0;0;1714000;285667;0
"LCMLQRGXWKGFANPQ0893";2025;4;1;3;1;42;"S";10;310;3;2;32;6;2;0;0;0;0;1714000;285667;0
"LCMLQRGXWKGFANPQ0893";2025;4;1;4;1;42;"S";10;310;3;2;44;3;1;3;1;2;-9;1714000;285667;0
"LCMLQRGXWKGFANPQ0893";2025;4;1;5;1;42;"S";10;310;9;1;42;1;1;3;2;3;350000;1714000;285667;339
"LCMLQRGXWKGFANPQ0893";2025;4;1;6;1;42;"S";10;310;3;1;46;6;1;3;1;2;1364000;1714000;285667;339
"HCYVGAPLIWJNPVUY5960";2025;4;1;1;1;42;"S";10;493;1;1;33;6;1;3;1;2;-9;434000;144667;0
"HCYVGAPLIWJNPVUY5960";2025;4;1;2;1;42;"S";10;493;2;2;30;3;1;3;1;3;434000;434000;144667;540
"HCYVGAPLIWJNPVUY5960";2025;4;1;3;1;42;"S";10;493;3;2;10;1;3;0;0;0;0;434000;144667;0
"NPVDNWFNHZXLIXVB5727";2025;4;1;1;1;42;"S";10;461;1;2;69;3;3;0;0;0;0;539000;269500;0
"NPVDNWFNHZXLIXVB5727";2025;4;1;2;1;42;"S";10;461;9;1;43;5;1;3;1;2;539000;539000;269500;505
"ELBUFGIDBEVHSHIH2376";2025;4;1;1;1;42;"S";10;438;1;2;37;2;1;2;0;2;163000;530000;88333;480
"ELBUFGIDBEVHSHIH2376";2025;4;1;2;1;42;"S";10;438;2;1;35;2;1;3;2;2;367000;530000;88333;480
"ELBUFGIDBEVHSHIH2376";2025;4;1;3;1;42;"S";10;438;5;2;14;3;3;0;0;0;0;530000;88333;0
"ELBUFGIDBEVHSHIH2376";2025;4;1;4;1;42;"S";10;438;3;1;15;2;3;0;0;0;0;530000;88333;0
"ELBUFGIDBEVHSHIH2376";2025;4;1;5;1;42;"S";10;438;3;2;11;1;3;0;0;0;0;530000;88333;0
"ELBUFGIDBEVHSHIH2376";2025;4;1;6;1;42;"S";10;438;3;2;10;2;3;0;0;0;0;530000;88333;0
"GHNFKKOWLXCRSGYZ8414";2025;4;1;1;1;42;"S";10;807;1;1;58;3;3;0;0;0;0;0;0;0
"NOQPNPJUFDCIHFDI3477";2025;4;1;1;1;42;"S";10;429;1;1;45;3;1;3;1;2;411000;411000;68500;470
"NOQPNPJUFDCIHFDI3477";2025;4;1;2;1;42;"S";10;429;2;2;49;4;3;0;0;0;0;411000;68500;0
"NOQPNPJUFDCIHFDI3477";2025;4;1;3;1;42;"S";10;429;3;1;20;3;3;0;0;0;0;411000;68500;0
"NOQPNPJUFDCIHFDI3477";2025;4;1;4;1;42;"S";10;429;3;2;16;2;3;0;0;0;0;411000;68500;0
"NOQPNPJUFDCIHFDI3477";2025;4;1;5;1;42;"S";10;429;3;2;18;4;3;0;0;0;0;411000;68500;0
"NOQPNPJUFDCIHFDI3477";2025;4;1;6;1;42;"S";10;429;3;2;18;4;3;0;0;0;0;411000;68500;0
"KRFKTXZVMODHXLXU9633";2025;4;1;1;1;42;"S";10;336;1;1;28;1;1;1;0;2;606000;606000;606000;368
"UCNOSRPQKKNBSLPD5931";2025;4;1;1;1;42;"S";10;481;1;1;58;1;3;0;0;0;0;2596000;649000;0
"UCNOSRPQKKNBSLPD5931";2025;4;1;2;1;42;"S";10;481;3;2;32;6;1;2;0;2;886000;2596000;649000;527
"UCNOSRPQKKNBSLPD5931";2025;4;1;3;1;42;"S";10;481;3;1;27;6;1;2;0;2;931000;2596000;649000;527
"UCNOSRPQKKNBSLPD5931";2025;4;1;4;1;42;"S";10;481;5;2;30;4;1;3;1;2;779000;2596000;649000;527
"WUVHDPGYHMEPNTSJ8739";2025;4;1;1;1;42;"S";10;408;1;2;61;3;1;3;1;2;-9;326000;163000;0
"WUVHDPGYHMEPNTSJ8739";2025;4;1;2;1;42;"S";10;408;2;1;61;2;1;3;1;2;326000;326000;163000;447
"QORJCWKJXEKOLMQV8670";2025;4;1;1;1;42;"S";10;291;1;2;54;1;1;2;0;3;113000;113000;113000;319
"YKZWWHKPXMHYNPGU3812";2025;4;1;1;1;42;"S";10;504;1;1;33;6;1;3;2;4;929000;929000;929000;552
"AHTHLCLTRRGUTTWG2661";2025;4;1;1;1;42;"S";10;582;1;2;55;3;1;3;1;2;274000;1030000;515000;637
"AHTHLCLTRRGUTTWG2661";2025;4;1;2;1;42;"S";10;582;2;1;52;1;1;3;2;2;756000;1030000;515000;637
"MWAMSNSAJUUZOVCQ8176";2025;4;1;1;1;42;"S";10;1028;1;2;59;4;3;0;0;0;0;2966000;741500;0
"MWAMSNSAJUUZOVCQ8176";2025;4;1;2;1;42;"S";10;1028;3;1;36;3;1;3;1;2;267000;2966000;741500;1125
"MWAMSNSAJUUZOVCQ8176";2025;4;1;3;1;42;"S";10;1028;3;1;35;5;1;3;1;2;2699000;2966000;741500;1125
"MWAMSNSAJUUZOVCQ8176";2025;4;1;4;1;42;"S";10;1028;3;2;37;2;3;0;0;0;0;2966000;741500;0
"OJWQVMNNLGEFAUIL2813";2025;4;1;1;1;42;"S";10;584;1;2;30;5;1;2;0;2;-9;0;0;0
"OJWQVMNNLGEFAUIL2813";2025;4;1;2;1;42;"S";10;584;2;1;25;4;3;0;0;0;0;0;0;0
"OJWQVMNNLGEFAUIL2813";2025;4;1;3;1;42;"S";10;584;9;1;8;1;4;0;0;0;0;0;0;0
"ECZDRRAKTHAMUEYW1111";2025;4;1;1;1;41;"N";12;290;1;2;51;2;1;3;1;1;181000;181000;90500;325
"ECZDRRAKTHAMUEYW1111";2025;4;1;2;1;41;"N";12;290;2;1;56;3;3;0;0;0;0;181000;90500;0
"FSSCEPHQDRFCHDLT3017";2025;4;1;1;1;41;"N";12;322;1;2;76;5;3;0;0;0;0;0;0;0
"FSSCEPHQDRFCHDLT3017";2025;4;1;2;1;41;"N";12;322;3;2;51;2;3;0;0;0;0;0;0;0
"FSSCEPHQDRFCHDLT3017";2025;4;1;3;1;41;"N";12;322;3;2;33;5;3;0;0;0;0;0;0;0
"FSSCEPHQDRFCHDLT3017";2025;4;1;4;1;41;"N";12;322;3;1;52;3;3;0;0;0;0;0;0;0
"MRMONZSDBYEOOSUP3302";2025;4;1;1;1;41;"N";12;452;1;1;53;6;1;3;1;2;433000;990000;198000;507
"MRMONZSDBYEOOSUP3302";2025;4;1;2;1;41;"N";12;452;2;2;51;4;3;0;0;0;0;990000;198000;0
"MRMONZSDBYEOOSUP3302";2025;4;1;3;1;41;"N";12;452;3;2;21;5;1;3;1;2;-9;990000;198000;0
"MRMONZSDBYEOOSUP3302";2025;4;1;4;1;41;"N";12;452;3;2;27;2;1;3;2;2;557000;990000;198000;507
"MRMONZSDBYEOOSUP3302";2025;4;1;5;1;41;"N";12;452;3;2;28;1;3;0;0;0;0;990000;198000;0
"TZKDJDCLPKZFGPFK6440";2025;4;1;1;1;41;"N";12;270;1;2;51;7;1;3;1;2;-9;1162000;193667;0
"TZKDJDCLPKZFGPFK6440";2025;4;1;2;1;41;"N";12;270;2;1;49;4;1;3;1;3;220000;1162000;193667;303
"TZKDJDCLPKZFGPFK6440";2025;4;1;3;1;41;"N";12;270;5;1;24;3;2;0;0;0;0;1162000;193667;0
"TZKDJDCLPKZFGPFK6440";2025;4;1;4;1;41;"N";12;270;3;2;30;4;1;3;2;2;662000;1162000;193667;303
"TZKDJDCLPKZFGPFK6440";2025;4;1;5;1;41;"N";12;270;3;2;29;3;1;3;1;2;95000;1162000;193667;303
"TZKDJDCLPKZFGPFK6440";2025;4;1;6;1;41;"N";12;270;3;2;27;1;1;3;1;3;185000;1162000;193667;303
"VBMKWMKCQDVHDVNI1754";2025;4;1;1;1;41;"N";12;283;1;2;75;3;3;0;0;0;0;874000;145667;0
"VBMKWMKCQDVHDVNI1754";2025;4;1;2;1;41;"N";12;283;5;2;43;6;3;0;0;0;0;874000;145667;0
"VBMKWMKCQDVHDVNI1754";2025;4;1;3;1;41;"N";12;283;3;2;49;2;3;0;0;0;0;874000;145667;0
"VBMKWMKCQDVHDVNI1754";2025;4;1;4;1;41;"N";12;283;5;2;53;3;1;3;2;2;370000;874000;145667;318
"VBMKWMKCQDVHDVNI1754";2025;4;1;5;1;41;"N";12;283;5;1;51;6;1;2;0;3;504000;874000;145667;318
"VBMKWMKCQDVHDVNI1754";2025;4;1;6;1;41;"N";12;283;3;1;50;3;3;0;0;0;0;874000;145667;0
"HFIVGBZFLMJJGWIS5029";2025;4;1;1;1;41;"N";12;257;1;1;34;4;1;2;0;2;234000;234000;46800;288
"HFIVGBZFLMJJGWIS5029";2025;4;1;2;1;41;"N";12;257;2;2;32;4;3;0;0;0;0;234000;46800;0
"HFIVGBZFLMJJGWIS5029";2025;4;1;3;1;41;"N";12;257;3;2;8;1;4;0;0;0;0;234000;46800;0
"HFIVGBZFLMJJGWIS5029";2025;4;1;4;1;41;"N";12;257;3;1;12;3;3;0;0;0;0;234000;46800;0
"HFIVGBZFLMJJGWIS5029";2025;4;1;5;1;41;"N";12;257;5;1;11;1;3;0;0;0;0;234000;46800;0
"VNLSCOYXBVMTQZWV0225";2025;4;1;1;1;41;"N";12;574;1;1;28;4;1;3;1;2;189000;189000;31500;644
"VNLSCOYXBVMTQZWV0225";2025;4;1;2;1;41;"N";12;574;2;2;33;1;3;0;0;0;0;189000;31500;0
"VNLSCOYXBVMTQZWV0225";2025;4;1;3;1;41;"N";12;574;3;1;5;1;4;0;0;0;0;189000;31500;0
"VNLSCOYXBVMTQZWV0225";2025;4;1;4;1;41;"N";12;574;3;1;8;1;4;0;0;0;0;189000;31500;0
"VNLSCOYXBVMTQZWV0225";2025;4;1;5;1;41;"N";12;574;3;2;6;2;4;0;0;0;0;189000;31500;0
"VNLSCOYXBVMTQZWV0225";2025;4;1;6;1;41;"N";12;574;3;1;7;1;4;0;0;0;0;189000;31500;0
"QCZTVZTCUKWGNJRP4748";2025;4;1;1;1;41;"N";12;473;1;1;33;2;1;3;2;2;110000;110000;18333;531
"QCZTVZTCUKWGNJRP4748";2025;4;1;2;1;41;"N";12;473;2;2;30;3;3;0;0;0;0;110000;18333;0
"QCZTVZTCUKWGNJRP4748";2025;4;1;3;1;41;"N";12;473;5;2;11;1;3;0;0;0;0;110000;18333;0
"QCZTVZTCUKWGNJRP4748";2025;4;1;4;1;41;"N";12;473;3;1;7;1;4;0;0;0;0;110000;18333;0
"QCZTVZTCUKWGNJRP4748";2025;4;1;5;1;41;"N";12;473;3;1;8;1;4;0;0;0;0;110000;18333;0
"QCZTVZTCUKWGNJRP4748";2025;4;1;6;1;41;"N";12;473;3;2;7;2;4;0;0;0;0;110000;18333;0
"XHETUJONHNSYHSZS1289";2025;4;1;1;1;41;"N";12;443;1;1;25;5;1;2;0;3;930000;930000;930000;497
"BFXULFQJQHQBAXOR6920";2025;4;1;1;1;41;"N";12;218;1;2;68;6;3;0;0;0;0;0;0;0
"BFXULFQJQHQBAXOR6920";2025;4;1;2;1;41;"N";12;218;2;1;71;1;3;0;0;0;0;0;0;0
"BFXULFQJQHQBAXOR6920";2025;4;1;3;1;41;"N";12;218;3;1;36;4;3;0;0;0;0;0;0;0
"JCFKCZFDLKZRXEAA2145";2025;4;1;1;1;41;"N";12;170;1;1;74;1;3;0;0;0;0;1451000;362750;0
"JCFKCZFDLKZRXEAA2145";2025;4;1;2;1;41;"N";12;170;2;2;75;2;3;0;0;0;0;1451000;362750;0
"JCFKCZFDLKZRXEAA2145";2025;4;1;3;1;41;"N";12;170;3;1;42;4;1;3;2;2;1451000;1451000;362750;191
"JCFKCZFDLKZRXEAA2145";2025;4;1;4;1;41;"N";12;170;3;2;45;3;1;3;1;2;-9;1451000;362750;0
"DFXNGTJVFWBFXSHQ8304";2025;4;1;1;1;41;"N";12;385;1;1;49;2;1;3;1;3;170000;170000;42500;432
"DFXNGTJVFWBFXSHQ8304";2025;4;1;2;1;41;"N";12;385;2;2;52;3;3;0;0;0;0;170000;42500;0
"DFXNGTJVFWBFXSHQ8304";2025;4;1;3;1;41;"N";12;385;9;2;28;4;2;0;0;0;0;170000;42500;0
"DFXNGTJVFWBFXSHQ8304";2025;4;1;4;1;41;"N";12;385;3;1;16;3;3;0;0;0;0;170000;42500;0
"KRJCRSGGKOQVUAXK3146";2025;4;1;1;1;41;"N";12;382;1;1;24;5;1;3;1;3;1559000;1559000;519667;429
"KRJCRSGGKOQVUAXK3146";2025;4;1;2;1;41;"N";12;382;3;1;3;7;4;0;0;0;0;1559000;519667;0
"KRJCRSGGKOQVUAXK3146";2025;4;1;3;1;41;"N";12;382;3;2;3;7;4;0;0;0;0;1559000;519667;0
"JULNTQXIYBWNFAPQ7024";2025;4;1;1;1;41;"N";12;131;1;2;68;2;3;0;0;0;0;1937000;484250;0
"JULNTQXIYBWNFAPQ7024";2025;4;1;2;1;41;"N";12;131;2;1;73;5;1;3;2;2;-9;1937000;484250;0
"JULNTQXIYBWNFAPQ7024";2025;4;1;3;1;41;"N";12;131;3;2;43;6;3;0;0;0;0;1937000;484250;0
"JULNTQXIYBWNFAPQ7024";2025;4;1;4;1;41;"N";12;131;3;1;40;5;1;3;1;1;1937000;1937000;484250;147
"LHJNQSCORSZGTHCZ6460";2025;4;1;1;1;41;"N";12;664;1;2;69;3;3;0;0;0;0;521000;260500;0
"LHJNQSCORSZGTHCZ6460";2025;4;1;2;1;41;"N";12;664;3;1;37;5;1;3;1;2;521000;521000;260500;745
"XFHWDRVQWJMHSESK0561";2025;4;1;1;1;41;"N";12;220;1;2;25;4;1;2;0;3;662000;662000;220667;247
"XFHWDRVQWJMHSESK0561";2025;4;1;2;1;41;"N";12;220;3;1;5;1;4;0;0;0;0;662000;220667;0
"XFHWDRVQWJMHSESK0561";2025;4;1;3;1;41;"N";12;220;3;2;4;7;4;0;0;0;0;662000;220667;0
"ACLKDWEAZYREIJSA8869";2025;4;1;1;1;41;"N";12;305;1;1;75;2;3;0;0;0;0;0;0;0
"ACLKDWEAZYREIJSA8869";2025;4;1;2;1;41;"N";12;305;3;2;40;6;3;0;0;0;0;0;0;0
"EUIAPHVKFEBALKRO4458";2025;4;1;1;1;41;"N";12;222;1;1;54;3;3;0;0;0;0;0;0;0
"LQKYJLFRABFIKJLI8846";2025;4;1;1;1;41;"N";12;640;1;1;25;6;1;3;1;2;1517000;1913000;956500;718
"LQKYJLFRABFIKJLI8846";2025;4;1;2;1;41;"N";12;640;2;2;29;1;1;2;0;2;396000;1913000;956500;718
"FNAEMEGWRJJSJZFI9355";2025;4;1;1;1;41;"N";12;320;1;1;34;4;1;2;0;2;385000;385000;77000;359
"FNAEMEGWRJJSJZFI9355";2025;4;1;2;1;41;"N";12;320;2;2;31;4;3;0;0;0;0;385000;77000;0
"FNAEMEGWRJJSJZFI9355";2025;4;1;3;1;41;"N";12;320;3;2;13;1;3;0;0;0;0;385000;77000;0
"FNAEMEGWRJJSJZFI9355";2025;4;1;4;1;41;"N";12;320;3;1;8;1;4;0;0;0;0;385000;77000;0
"FNAEMEGWRJJSJZFI9355";2025;4;1;5;1;41;"N";12;320;9;2;10;1;3;0;0;0;0;385000;77000;0
"PBIBWYBJEHNADOOF6405";2025;4;1;1;1;41;"N";12;351;1;2;59;3;1;3;2;3;489000;489000;489000;394
"TJXYZDTNPRRCUMDY6727";2025;4;1;1;1;41;"N";12;754;1;2;29;6;2;0;0;0;0;700000;175000;0
"TJXYZDTNPRRCUMDY6727";2025;4;1;2;1;41;"N";12;754;2;1;28;4;1;3;1;3;700000;700000;175000;846
"TJXYZDTNPRRCUMDY6727";2025;4;1;3;1;41;"N";12;754;5;1;5;1;4;0;0;0;0;700000;175000;0
"TJXYZDTNPRRCUMDY6727";2025;4;1;4;1;41;"N";12;754;3;1;6;2;4;0;0;0;0;700000;175000;0
"FBVXVULRFPBHNLUM5172";2025;4;1;1;1;41;"N";12;415;1;2;28;3;3;0;0;0;0;0;0;0
"FBVXVULRFPBHNLUM5172";2025;4;1;2;1;41;"N";12;415;3;2;5;1;4;0;0;0;0;0;0;0
"FBVXVULRFPBHNLUM5172";2025;4;1;3;1;41;"N";12;415;3;2;8;2;4;0;0;0;0;0;0;0
"LQENWBSXQIOALXIJ3158";2025;4;1;1;1;41;"N";12;885;1;2;52;1;1;3;1;2;212000;212000;212000;993
"QTPAQRNFLMNBKYOW4584";2025;4;1;1;1;41;"N";12;489;1;2;82;6;3;0;0;0;0;0;0;0
"QTPAQRNFLMNBKYOW4584";2025;4;1;2;1;41;"N";12;489;2;1;83;3;1;3;1;3;-9;0;0;0
"QTPAQRNFLMNBKYOW4584";2025;4;1;3;1;41;"N";12;489;5;2;60;4;3;0;0;0;0;0;0;0
"HWRCJOTUEKQZHSIL5915";2025;4;1;1;1;41;"N";12;144;1;1;45;3;1;3;1;3;378000;1025000;341667;162
"HWRCJOTUEKQZHSIL5915";2025;4;1;2;1;41;"N";12;144;3;2;14;3;3;0;0;0;0;1025000;341667;0
"HWRCJOTUEKQZHSIL5915";2025;4;1;3;1;41;"N";12;144;3;1;21;3;1;3;2;3;647000;1025000;341667;162
"UBWVBVRAPUJAJMOA0698";2025;4;1;1;1;41;"N";12;472;1;1;37;3;1;3;2;2;467000;467000;233500;530
"UBWVBVRAPUJAJMOA0698";2025;4;1;2;1;41;"N";12;472;3;2;12;3;3;0;0;0;0;467000;233500;0
"ZSEDHFWSZONLCHPE9463";2025;4;1;1;1;41;"N";12;601;1;2;80;2;3;0;0;0;0;0;0;0
"NZVAXIKBPSFHRYWI1968";2025;4;1;1;1;41;"N";12;833;1;1;40;6;1;2;0;2;1581000;3233000;538833;935
"NZVAXIKBPSFHRYWI1968";2025;4;1;2;1;41;"N";12;833;2;2;45;4;1;3;1;2;785000;3233000;538833;935
"NZVAXIKBPSFHRYWI1968";2025;4;1;3;1;41;"N";12;833;3;2;17;2;3;0;0;0;0;3233000;538833;0
"NZVAXIKBPSFHRYWI1968";2025;4;1;4;1;41;"N";12;833;3;1;17;7;3;0;0;0;0;3233000;538833;0
"NZVAXIKBPSFHRYWI1968";2025;4;1;5;1;41;"N";12;833;3;2;12;2;3;0;0;0;0;3233000;538833;0
"NZVAXIKBPSFHRYWI1968";2025;4;1;6;1;41;"N";12;833;3;1;19;5;1;2;0;2;867000;3233000;538833;935
"NZVAXIKBPSFHRYWI1968";2025;4;2;1;1;41;"N";12;378;1;1;28;4;1;3;1;3;-9;0;0;0
"EAGJXOGKFKIJWWMI2940";2025;4;1;1;1;41;"N";12;446;1;1;44;6;1;2;0;3;1890000;1890000;630000;501
"EAGJXOGKFKIJWWMI2940";2025;4;1;2;1;41;"N";12;446;2;2;50;6;3;0;0;0;0;1890000;630000;0
"EAGJXOGKFKIJWWMI2940";2025;4;1;3;1;41;"N";12;446;3;2;20;3;3;0;0;0;0;1890000;630000;0
"JDTIMUDFJNQJDVWI4611";2025;4;1;1;1;41;"N";12;393;1;1;71;5;3;0;0;0;0;0;0;0
"JDTIMUDFJNQJDVWI4611";2025;4;1;2;1;41;"N";12;393;3;2;32;4;3;0;0;0;0;0;0;0
"QDZQLNEQWFZUBOHL8673";2025;4;1;1;1;41;"N";12;267;1;2;74;3;3;0;0;0;0;0;0;0
"ZWAGNOQHHYDGEEJJ9080";2025;4;1;1;1;41;"N";12;319;1;1;52;4;1;3;1;3;2632000;3516000;1758000;358
"ZWAGNOQHHYDGEEJJ9080";2025;4;1;2;1;41;"N";12;319;2;2;50;4;1;3;1;2;884000;3516000;1758000;358
"HWHUJOAMYBRMLXUB2515";2025;4;1;1;1;41;"N";12;839;1;1;79;2;3;0;0;0;0;0;0;0
"HWHUJOAMYBRMLXUB2515";2025;4;1;2;1;41;"N";12;839;2;2;82;4;3;0;0;0;0;0;0;0
"VHDMZHTTGQBBUHYZ5063";2025;4;1;1;1;41;"N";12;368;1;2;73;5;1;3;1;2;481000;481000;240500;413
"VHDMZHTTGQBBUHYZ5063";2025;4;1;2;1;41;"N";12;368;2;1;70;3;3;0;0;0;0;481000;240500;0
"QZPUXKHXLERVYEEG7822";2025;4;1;1;1;41;"N";12;323;1;2;40;4;3;0;0;0;0;1087000;217400;0
"QZPUXKHXLERVYEEG7822";2025;4;1;2;1;41;"N";12;323;2;1;39;1;1;3;1;3;1087000;1087000;217400;363
"QZPUXKHXLERVYEEG7822";2025;4;1;3;1;41;"N";12;323;3;1;11;1;3;0;0;0;0;1087000;217400;0
"QZPUXKHXLERVYEEG7822";2025;4;1;4;1;41;"N";12;323;3;1;14;3;3;0;0;0;0;1087000;217400;0
"QZPUXKHXLERVYEEG7822";2025;4;1;5;1;41;"N";12;323;3;1;12;3;3;0;0;0;0;1087000;217400;0
"RIGWAWGVWDTWSAWB3083";2025;4;1;1;1;41;"N";12;313;1;1;72;6;3;0;0;0;0;0;0;0
"RIGWAWGVWDTWSAWB3083";2025;4;1;2;1;41;"N";12;313;3;2;49;5;3;0;0;0;0;0;0;0
"HQCSQIATTDJNZCTJ0724";2025;4;1;1;1;41;"N";12;288;1;1;80;6;3;0;0;0;0;113000;18833;0
"HQCSQIATTDJNZCTJ0724";2025;4;1;2;1;41;"N";12;288;2;2;76;4;3;0;0;0;0;113000;18833;0
"HQCSQIATTDJNZCTJ0724";2025;4;1;3;1;41;"N";12;288;3;2;35;1;1;2;0;1;113000;113000;18833;323
"HQCSQIATTDJNZCTJ0724";2025;4;1;4;1;41;"N";12;288;3;2;32;2;3;0;0;0;0;113000;18833;0
"HQCSQIATTDJNZCTJ0724";2025;4;1;5;1;41;"N";12;288;3;1;34;2;3;0;0;0;0;113000;18833;0
"HQCSQIATTDJNZCTJ0724";2025;4;1;6;1;41;"N";12;288;3;1;55;5;2;0;0;0;0;113000;18833;0
"EDGFFLTOHTZYKRVS8165";2025;4;1;1;1;43;"S";13;959;1;2;28;6;1;3;2;3;-9;0;0;0
"EDGFFLTOHTZYKRVS8165";2025;4;1;2;1;43;"S";13;959;3;1;5;1;4;0;0;0;0;0;0;0
"BPCFAJKPXXTEZCZG1153";2025;4;1;1;1;43;"S";13;452;1;2;40;3;3;0;0;0;0;0;0;0
"BPCFAJKPXXTEZCZG1153";2025;4;1;2;1;43;"S";13;452;2;1;37;4;3;0;0;0;0;0;0;0
"OPRVQTPFHZONXBYS5804";2025;4;1;1;1;43;"S";13;836;1;1;80;6;3;0;0;0;0;1418000;472667;0
"OPRVQTPFHZONXBYS5804";2025;4;1;2;1;43;"S";13;836;2;2;81;6;3;0;0;0;0;1418000;472667;0
"OPRVQTPFHZONXBYS5804";2025;4;1;3;1;43;"S";13;836;9;2;39;3;1;3;2;2;1418000;1418000;472667;1637
"AMQGPKFOSUAYJBZU4728";2025;4;1;1;1;43;"S";13;559;1;2;50;4;3;0;0;0;0;0;0;0
"QVXYZHFORSUFCMQU1752";2025;4;1;1;1;43;"S";13;627;1;1;66;4;3;0;0;0;0;0;0;0
"DFTYDYOBAVLBUKUI2340";2025;4;1;1;1;43;"S";13;864;1;2;26;4;3;0;0;0;0;771000;257000;0
"DFTYDYOBAVLBUKUI2340";2025;4;1;2;1;43;"S";13;864;2;1;27;1;1;3;1;2;771000;771000;257000;1692
"DFTYDYOBAVLBUKUI2340";2025;4;1;3;1;43;"S";13;864;9;2;5;1;4;0;0;0;0;771000;257000;0
"ZKTDCAQVZVVYJKIX3402";2025;4;1;1;1;43;"S";13;918;1;2;55;6;1;2;0;2;597000;2260000;376667;1798
"ZKTDCAQVZVVYJKIX3402";2025;4;1;2;1;43;"S";13;918;2;1;59;1;3;0;0;0;0;2260000;376667;0
"ZKTDCAQVZVVYJKIX3402";2025;4;1;3;1;43;"S";13;918;3;2;24;4;1;3;2;1;1253000;2260000;376667;1798
"ZKTDCAQVZVVYJKIX3402";2025;4;1;4;1;43;"S";13;918;9;1;34;6;1;2;0;2;410000;2260000;376667;1798
"ZKTDCAQVZVVYJKIX3402";2025;4;1;5;1;43;"S";13;918;3;2;23;5;1;3;2;3;-9;2260000;376667;0
"ZKTDCAQVZVVYJKIX3402";2025;4;1;6;1;43;"S";13;918;5;1;25;1;3;0;0;0;0;2260000;376667;0
"EEYWNGXQMOOPGBXX4289";2025;4;1;1;1;43;"S";13;667;1;1;80;1;3;0;0;0;0;0;0;0
"EEYWNGXQMOOPGBXX4289";2025;4;1;2;1;43;"S";13;667;2;2;81;4;3;0;0;0;0;0;0;0
"EEYWNGXQMOOPGBXX4289";2025;4;1;3;1;43;"S";13;667;3;1;54;4;1;3;1;2;-9;0;0;0
"EEYWNGXQMOOPGBXX4289";2025;4;1;4;1;43;"S";13;667;3;1;40;3;1;3;2;3;-9;0;0;0
"EEYWNGXQMOOPGBXX4289";2025;4;1;5;1;43;"S";13;667;3;2;55;4;1;3;1;2;-9;0;0;0
"JUPNRWVVIPBAPAOZ0664";2025;4;1;1;1;43;"S";13;729;1;2;34;3;1;3;1;3;440000;440000;440000;1428
"CTJMHCOYFNAHWYNS9671";2025;4;1;1;1;43;"S";13;341;1;1;45;6;1;3;1;2;-9;0;0;0
"CTJMHCOYFNAHWYNS9671";2025;4;1;2;1;43;"S";13;341;5;2;23;1;3;0;0;0;0;0;0;0
"CTJMHCOYFNAHWYNS9671";2025;4;1;3;1;43;"S";13;341;3;2;16;1;3;0;0;0;0;0;0;0
"CTJMHCOYFNAHWYNS9671";2025;4;1;4;1;43;"S";13;341;3;2;25;6;3;0;0;0;0;0;0;0
"CTJMHCOYFNAHWYNS9671";2025;4;1;5;1;43;"S";13;341;3;1;20;6;1;1;0;2;-9;0;0;0
"CTJMHCOYFNAHWYNS9671";2025;4;1;6;1;43;"S";13;341;3;1;21;4;3;0;0;0;0;0;0;0
"CIYVBJRMNOWMTMCY5945";2025;4;1;1;1;43;"S";13;1047;1;1;33;1;1;3;1;2;401000;401000;401000;2051
"FJJDLCDWHWYBQDEW2823";2025;4;1;1;1;43;"S";13;837;1;1;27;2;3;0;0;0;0;0;0;0
"WUACXBDIZHMKPSFE7685";2025;4;1;1;1;43;"S";13;1247;1;1;46;3;1;2;0;2;-9;0;0;0
"APCDQWMNXDXFJGNA2983";2025;4;1;1;1;43;"S";13;839;1;2;50;5;1;3;1;2;1407000;1407000;351750;1643
"APCDQWMNXDXFJGNA2983";2025;4;1;2;1;43;"S";13;839;3;2;18;3;3;0;0;0;0;1407000;351750;0
"APCDQWMNXDXFJGNA2983";2025;4;1;3;1;43;"S";13;839;3;1;19;5;3;0;0;0;0;1407000;351750;0
"APCDQWMNXDXFJGNA2983";2025;4;1;4;1;43;"S";13;839;3;1;26;3;1;3;1;2;-9;1407000;351750;0
"EXYZQMZPTHZRMDGG0714";2025;4;1;1;1;43;"S";13;393;1;2;54;3;1;4;0;2;0;521000;260500;770
"EXYZQMZPTHZRMDGG0714";2025;4;1;2;1;43;"S";13;393;2;1;56;6;1;3;1;2;521000;521000;260500;770
"GSJFGBUHLVYZISEW7654";2025;4;1;1;1;43;"S";13;816;1;2;49;4;1;3;2;2;284000;284000;284000;1598
"BFCHPRQJKUITARDF7003";2025;4;1;1;1;43;"S";13;893;1;1;82;6;3;0;0;0;0;0;0;0
"BFCHPRQJKUITARDF7003";2025;4;1;2;1;43;"S";13;893;2;2;85;4;3;0;0;0;0;0;0;0
"BFCHPRQJKUITARDF7003";2025;4;1;3;1;43;"S";13;893;3;2;35;2;1;3;2;1;-9;0;0;0
"BFCHPRQJKUITARDF7003";2025;4;1;4;1;43;"S";13;893;3;2;34;3;1;2;0;3;-9;0;0;0
"BFCHPRQJKUITARDF7003";2025;4;1;5;1;43;"S";13;893;3;2;50;5;3;0;0;0;0;0;0;0
"BFCHPRQJKUITARDF7003";2025;4;1;6;1;43;"S";13;893;3;2;62;4;3;0;0;0;0;0;0;0
"QABQOPCXFFXICEES4478";2025;4;1;1;1;43;"S";13;355;1;2;63;5;3;0;0;0;0;0;0;0
"SWZNIQYOOVGMZSYZ9834";2025;4;1;1;1;43;"S";13;780;1;2;50;4;1;3;1;2;-9;0;0;0
"SWZNIQYOOVGMZSYZ9834";2025;4;1;2;1;43;"S";13;780;2;1;55;2;1;2;0;2;-9;0;0;0
"SWZNIQYOOVGMZSYZ9834";2025;4;1;3;1;43;"S";13;780;3;1;30;5;1;3;1;2;-9;0;0;0
"GTONMNFAEGDRGHYF5491";2025;4;1;1;1;43;"S";13;690;1;2;78;3;1;3;1;2;2089000;3926000;981500;1351
"GTONMNFAEGDRGHYF5491";2025;4;1;2;1;43;"S";13;690;2;1;78;5;3;0;0;0;0;3926000;981500;0
"GTONMNFAEGDRGHYF5491";2025;4;1;3;1;43;"S";13;690;3;1;31;6;3;0;0;0;0;3926000;981500;0
"GTONMNFAEGDRGHYF5491";2025;4;1;4;1;43;"S";13;690;3;1;42;6;1;3;1;2;1837000;3926000;981500;1351
"JVZBVCHNSPFLMHQL2143";2025;4;1;1;1;43;"S";13;1332;1;2;27;4;3;0;0;0;0;0;0;0
"JVZBVCHNSPFLMHQL2143";2025;4;1;2;1;43;"S";13;1332;2;1;26;6;1;3;1;2;-9;0;0;0
"JVZBVCHNSPFLMHQL2143";2025;4;1;3;1;43;"S";13;1332;3;2;7;1;4;0;0;0;0;0;0;0
"JVZBVCHNSPFLMHQL2143";2025;4;1;4;1;43;"S";13;1332;3;1;4;7;4;0;0;0;0;0;0;0
"JVZBVCHNSPFLMHQL2143";2025;4;1;5;1;43;"S";13;1332;3;2;4;7;4;0;0;0;0;0;0;0
"JVZBVCHNSPFLMHQL2143";2025;4;1;6;1;43;"S";13;1332;3;2;6;1;4;0;0;0;0;0;0;0
"TJJMCVELLWYDXZMS9134";2025;4;1;1;1;43;"S";13;1347;1;1;46;3;1;2;0;2;-9;0;0;0
"TJJMCVELLWYDXZMS9134";2025;4;1;2;1;43;"S";13;1347;3;2;17;3;1;3;2;2;-9;0;0;0
"SBICZRHVJWDITGEB4637";2025;4;1;1;1;43;"S";13;1383;1;1;57;2;1;3;1;2;-9;0;0;0
"SBICZRHVJWDITGEB4637";2025;4;1;2;1;43;"S";13;1383;3;2;37;2;3;0;0;0;0;0;0;0
"SBICZRHVJWDITGEB4637";2025;4;1;3;1;43;"S";13;1383;3;2;30;4;1;3;1;2;-9;0;0;0
"IKMXFWYNEQGAFJDE5247";2025;4;1;1;1;43;"S";13;813;1;2;23;2;1;3;2;3;740000;740000;370000;1592
"IKMXFWYNEQGAFJDE5247";2025;4;1;2;1;43;"S";13;813;3;1;2;7;4;0;0;0;0;740000;370000;0
"UJWJDFNSFJZXUYCE0841";2025;4;1;1;1;43;"S";13;1102;1;1;22;2;3;0;0;0;0;0;0;0
"UJWJDFNSFJZXUYCE0841";2025;4;1;2;1;43;"S";13;1102;3;2;2;7;4;0;0;0;0;0;0;0
"UJWJDFNSFJZXUYCE0841";2025;4;1;3;1;43;"S";13;1102;3;1;-1;7;4;0;0;0;0;0;0;0
"UJWJDFNSFJZXUYCE0841";2025;4;1;4;1;43;"S";13;1102;3;2;2;7;4;0;0;0;0;0;0;0
"UJWJDFNSFJZXUYCE0841";2025;4;1;5;1;43;"S";13;1102;3;1;-1;7;4;0;0;0;0;0;0;0
"UJWJDFNSFJZXUYCE0841";2025;4;1;6;1;43;"S";13;1102;3;1;2;7;4;0;0;0;0;0;0;0
"FYSKYXEOSYZEJDLV7006";2025;4;1;1;1;43;"S";13;990;1;2;42;4;1;3;1;4;863000;1413000;353250;1939
"FYSKYXEOSYZEJDLV7006";2025;4;1;2;1;43;"S";13;990;2;1;47;2;1;3;1;2;550000;1413000;353250;1939
"FYSKYXEOSYZEJDLV7006";2025;4;1;3;1;43;"S";13;990;3;1;15;3;3;0;0;0;0;1413000;353250;0
"FYSKYXEOSYZEJDLV7006";2025;4;1;4;1;43;"S";13;990;3;1;16;2;3;0;0;0;0;1413000;353250;0
"GIFONBHXBKHLDPWO5284";2025;4;1;1;1;43;"S";13;370;1;1;48;6;2;0;0;0;0;0;0;0
"GIFONBHXBKHLDPWO5284";2025;4;1;2;1;43;"S";13;370;3;1;15;2;3;0;0;0;0;0;0;0
"ORWFTFMMWRFVJOSH9913";2025;4;1;1;1;43;"S";13;989;1;1;73;3;1;3;2;2;458000;1076000;179333;1937
"ORWFTFMMWRFVJOSH9913";2025;4;1;2;1;43;"S";13;989;2;2;69;4;3;0;0;0;0;1076000;179333;0
"ORWFTFMMWRFVJOSH9913";2025;4;1;3;1;43;"S";13;989;3;2;30;6;3;0;0;0;0;1076000;179333;0
"ORWFTFMMWRFVJOSH9913";2025;4;1;4;1;43;"S";13;989;5;1;46;2;1;3;1;2;-9;1076000;179333;0
"ORWFTFMMWRFVJOSH9913";2025;4;1;5;1;43;"S";13;989;5;2;47;6;1;3;1;2;618000;1076000;179333;1937
"ORWFTFMMWRFVJOSH9913";2025;4;1;6;1;43;"S";13;989;5;1;30;6;1;3;1;2;-9;1076000;179333;0
"ZTZDBCUOHTVWKFBP9195";2025;4;1;1;1;43;"S";13;679;1;1;33;5;1;2;0;2;658000;658000;658000;1330
"ZTZDBCUOHTVWKFBP9195";2025;4;2;1;1;43;"S";13;1406;1;1;81;2;3;0;0;0;0;0;0;0
"GOGURPHBAIJAQYBA3788";2025;4;1;1;1;43;"S";13;1309;1;1;30;2;1;3;1;2;545000;545000;90833;2564
"GOGURPHBAIJAQYBA3788";2025;4;1;2;1;43;"S";13;1309;2;2;30;5;1;3;1;2;-9;545000;90833;0
"GOGURPHBAIJAQYBA3788";2025;4;1;3;1;43;"S";13;1309;3;2;9;2;4;0;0;0;0;545000;90833;0
"GOGURPHBAIJAQYBA3788";2025;4;1;4;1;43;"S";13;1309;3;1;7;1;4;0;0;0;0;545000;90833;0
"GOGURPHBAIJAQYBA3788";2025;4;1;5;1;43;"S";13;1309;3;1;6;1;4;0;0;0;0;545000;90833;0
"GOGURPHBAIJAQYBA3788";2025;4;1;6;1;43;"S";13;1309;3;2;7;1;4;0;0;0;0;545000;90833;0
"AQNPFMXVKCQEIYBU6931";2025;4;1;1;1;43;"S";13;502;1;2;44;6;1;2;0;2;-9;722000;120333;0
"AQNPFMXVKCQEIYBU6931";2025;4;1;2;1;43;"S";13;502;3;1;16;2;3;0;0;0;0;722000;120333;0
"AQNPFMXVKCQEIYBU6931";2025;4;1;3;1;43;"S";13;502;3;2;19;6;1;3;1;2;-9;722000;120333;0
"AQNPFMXVKCQEIYBU6931";2025;4;1;4;1;43;"S";13;502;3;2;15;2;3;0;0;0;0;722000;120333;0
"AQNPFMXVKCQEIYBU6931";2025;4;1;5;1;43;"S";13;502;3;1;18;3;1;3;1;2;722000;722000;120333;983
"AQNPFMXVKCQEIYBU6931";2025;4;1;6;1;43;"S";13;502;3;2;22;3;3;0;0;0;0;722000;120333;0
"TKRQXRHMBKIHQWAD4015";2025;4;1;1;1;43;"S";13;1081;1;1;81;6;3;0;0;0;0;1950000;650000;0
"TKRQXRHMBKIHQWAD4015";2025;4;1;2;1;43;"S";13;1081;3;2;59;2;1;2;0;1;1950000;1950000;650000;2117
"TKRQXRHMBKIHQWAD4015";2025;4;1;3;1;43;"S";13;1081;3;1;52;3;1;3;1;2;-9;1950000;650000;0
"TWZMTYDWOGSKFCSI8640";2025;4;1;1;1;43;"S";13;606;1;1;42;4;1;3;1;2;1096000;1920000;640000;1187
"TWZMTYDWOGSKFCSI8640";2025;4;1;2;1;43;"S";13;606;2;2;44;2;1;3;1;2;824000;1920000;640000;1187
"TWZMTYDWOGSKFCSI8640";2025;4;1;3;1;43;"S";13;606;3;1;17;3;3;0;0;0;0;1920000;640000;0
"VKMOSOBTVGANHAXZ9648";2025;4;1;1;1;43;"S";13;766;1;2;47;4;1;3;1;2;1266000;1266000;633000;1500
"VKMOSOBTVGANHAXZ9648";2025;4;1;2;1;43;"S";13;766;3;2;15;3;3;0;0;0;0;1266000;633000;0
"BXAQVSJYQRZJJRXV4635";2025;4;1;1;1;43;"S";13;662;1;2;54;4;3;0;0;0;0;0;0;0
"BXAQVSJYQRZJJRXV4635";2025;4;1;2;1;43;"S";13;662;2;1;50;1;3;0;0;0;0;0;0;0
"BXAQVSJYQRZJJRXV4635";2025;4;1;3;1;43;"S";13;662;3;1;25;2;3;0;0;0;0;0;0;0
"EBOQJZWJPAIUSARY3500";2025;4;1;1;1;43;"S";13;711;1;2;66;3;3;0;0;0;0;0;0;0
"EBOQJZWJPAIUSARY3500";2025;4;1;2;1;43;"S";13;711;3;2;40;6;3;0;0;0;0;0;0;0
"EBOQJZWJPAIUSARY3500";2025;4;1;3;1;43;"S";13;711;3;2;25;6;1;2;0;3;-9;0;0;0
"GCKYAHAJLMUMCISL2517";2025;4;1;1;1;43;"S";13;806;1;1;29;6;1;3;1;1;-9;0;0;0
"GCKYAHAJLMUMCISL2517";2025;4;1;2;1;43;"S";13;806;2;2;26;4;3;0;0;0;0;0;0;0
"BYKJIPGLNFUWOYZJ5603";2025;4;1;1;1;43;"S";13;818;1;1;52;4;1;3;2;3;294000;925000;231250;1602
"BYKJIPGLNFUWOYZJ5603";2025;4;1;2;1;43;"S";13;818;3;1;18;2;1;3;2;2;631000;925000;231250;1602
"BYKJIPGLNFUWOYZJ5603";2025;4;1;3;1;43;"S";13;818;9;1;19;3;2;0;0;0;0;925000;231250;0
"BYKJIPGLNFUWOYZJ5603";2025;4;1;4;1;43;"S";13;818;3;1;23;5;2;0;0;0;0;925000;231250;0
"BJLCCGYTADNVSYFK3433";2025;4;1;1;1;43;"S";13;448;1;2;65;4;3;0;0;0;0;0;0;0
"BJLCCGYTADNVSYFK3433";2025;4;1;2;1;43;"S";13;448;5;2;32;3;3;0;0;0;0;0;0;0
"NUZMYWIPAVNPSRVY9697";2025;4;1;1;1;43;"S";13;783;1;2;71;5;3;0;0;0;0;0;0;0
"ORDCRHHDEJCEQDXB4870";2025;4;1;1;1;43;"S";13;571;1;1;65;4;3;0;0;0;0;0;0;0
"ORDCRHHDEJCEQDXB4870";2025;4;1;2;1;43;"S";13;571;2;2;71;1;3;0;0;0;0;0;0;0
"TYUHBILIIQDYYGUG4782";2025;4;1;1;1;43;"S";13;1598;1;1;35;5;1;3;2;2;-9;1350000;450000;0
"TYUHBILIIQDYYGUG4782";2025;4;1;2;1;43;"S";13;1598;2;2;40;6;1;3;1;2;1350000;1350000;450000;3130
"TYUHBILIIQDYYGUG4782";2025;4;1;3;1;43;"S";13;1598;3;2;14;3;3;0;0;0;0;1350000;450000;0
"IUGHZLLIDXKUPRBM8967";2025;4;1;1;1;43;"S";13;507;1;2;31;3;3;0;0;0;0;0;0;0
"IUGHZLLIDXKUPRBM8967";2025;4;1;2;1;43;"S";13;507;3;1;11;1;3;0;0;0;0;0;0;0
"IUGHZLLIDXKUPRBM8967";2025;4;1;3;1;43;"S";13;507;3;2;7;1;4;0;0;0;0;0;0;0
"RYVUUYZNUGVDTCVT8572";2025;4;1;1;1;43;"S";13;529;1;1;47;4;1;3;1;3;-9;0;0;0
"RYVUUYZNUGVDTCVT8572";2025;4;1;2;1;43;"S";13;529;3;2;16;2;3;0;0;0;0;0;0;0
"ZKKGVFWSWHZWXAAI3088";2025;4;1;1;1;43;"S";13;493;1;2;45;3;1;2;0;2;288000;597000;119400;966
"ZKKGVFWSWHZWXAAI3088";2025;4;1;2;1;43;"S";13;493;2;1;48;4;3;0;0;0;0;597000;119400;0
"ZKKGVFWSWHZWXAAI3088";2025;4;1;3;1;43;"S";13;493;3;1;20;3;3;0;0;0;0;597000;119400;0
"ZKKGVFWSWHZWXAAI3088";2025;4;1;4;1;43;"S";13;493;5;1;21;4;1;3;1;2;309000;597000;119400;966
"ZKKGVFWSWHZWXAAI3088";2025;4;1;5;1;43;"S";13;493;3;2;17;7;3;0;0;0;0;597000;119400;0
"JMKBFEOVAFOGLRYK6414";2025;4;1;1;1;43;"S";13;976;1;1;33;4;1;2;0;4;301000;301000;75250;1911
"JMKBFEOVAFOGLRYK6414";2025;4;1;2;1;43;"S";13;976;2;2;34;4;1;3;1;3;-9;301000;75250;0
"JMKBFEOVAFOGLRYK6414";2025;4;1;3;1;43;"S";13;976;3;1;11;1;3;0;0;0;0;301000;75250;0
"JMKBFEOVAFOGLRYK6414";2025;4;1;4;1;43;"S";13;976;3;2;9;1;4;0;0;0;0;301000;75250;0
"LLHRBGFPHFMFIAQU0745";2025;4;1;1;1;43;"S";13;723;1;1;70;3;3;0;0;0;0;1948000;649333;0
"LLHRBGFPHFMFIAQU0745";2025;4;1;2;1;43;"S";13;723;3;1;46;4;1;3;1;3;1948000;1948000;649333;1416
"LLHRBGFPHFMFIAQU0745";2025;4;1;3;1;43;"S";13;723;3;2;28;6;1;3;2;2;-9;1948000;649333;0
"FGJZXUWHLGDIVISY7803";2025;4;1;1;1;43;"S";13;1924;1;1;54;5;3;0;0;0;0;0;0;0
"FGJZXUWHLGDIVISY7803";2025;4;1;2;1;43;"S";13;1924;2;2;52;3;3;0;0;0;0;0;0;0
"FPQCDUEAQFIBKMGO4800";2025;4;1;1;1;43;"S";13;760;1;1;61;1;3;0;0;0;0;1640000;410000;0
"FPQCDUEAQFIBKMGO4800";2025;4;1;2;1;43;"S";13;760;9;1;29;4;1;3;1;2;1513000;1640000;410000;1488
"FPQCDUEAQFIBKMGO4800";2025;4;1;3;1;43;"S";13;760;5;2;29;5;3;0;0;0;0;1640000;410000;0
"FPQCDUEAQFIBKMGO4800";2025;4;1;4;1;43;"S";13;760;3;1;32;3;1;3;1;2;127000;1640000;410000;1488
"TNILCXSBKXMAABQX9158";2025;4;1;1;1;43;"S";13;1109;1;1;33;3;1;3;1;1;-9;935000;187000;0
"TNILCXSBKXMAABQX9158";2025;4;1;2;1;43;"S";13;1109;2;2;29;5;1;3;1;3;935000;935000;187000;2172
"TNILCXSBKXMAABQX9158";2025;4;1;3;1;43;"S";13;1109;3;1;10;1;3;0;0;0;0;935000;187000;0
"TNILCXSBKXMAABQX9158";2025;4;1;4;1;43;"S";13;1109;3;1;12;3;3;0;0;0;0;935000;187000;0
"TNILCXSBKXMAABQX9158";2025;4;1;5;1;43;"S";13;1109;3;2;10;1;3;0;0;0;0;935000;187000;0
"JDSFOCEJMTCWDTZY5255";2025;4;1;1;1;43;"S";13;1120;1;1;28;1;1;3;2;2;-9;0;0;0
"JDSFOCEJMTCWDTZY5255";2025;4;1;2;1;43;"S";13;1120;2;2;24;2;1;3;2;2;-9;0;0;0
"JFMODIGGLWUUYSQS6993";2025;4;1;1;1;43;"S";13;1463;1;1;29;6;1;2;0;2;-9;0;0;0
"JFMODIGGLWUUYSQS6993";2025;4;1;2;1;43;"S";13;1463;3;1;6;1;4;0;0;0;0;0;0;0
"JFMODIGGLWUUYSQS6993";2025;4;1;3;1;43;"S";13;1463;5;2;7;1;4;0;0;0;0;0;0;0
"LGXGKLVRZWBHSDHA1504";2025;4;1;1;1;43;"S";13;336;1;2;76;5;3;0;0;0;0;0;0;0
"LGXGKLVRZWBHSDHA1504";2025;4;1;2;1;43;"S";13;336;2;1;72;4;3;0;0;0;0;0;0;0
"LGXGKLVRZWBHSDHA1504";2025;4;1;3;1;43;"S";13;336;3;1;39;6;1;3;1;2;-9;0;0;0
"LGXGKLVRZWBHSDHA1504";2025;4;1;4;1;43;"S";13;336;3;2;55;5;3;0;0;0;0;0;0;0
"NZELRBXBNUXVMPBO6213";2025;4;1;1;1;43;"S";13;772;1;2;71;3;3;0;0;0;0;0;0;0
"NZELRBXBNUXVMPBO6213";2025;4;1;2;1;43;"S";13;772;2;1;73;3;3;0;0;0;0;0;0;0
"FQSXGGNHSLSQYRQC5777";2025;4;1;1;1;43;"S";13;1518;1;2;62;2;3;0;0;0;0;0;0;0
"ESNRUSNGUEIKPBDV4529";2025;4;1;1;1;43;"S";13;897;1;2;60;2;1;2;0;3;-9;0;0;0
"ESNRUSNGUEIKPBDV4529";2025;4;1;2;1;43;"S";13;897;2;1;56;4;1;3;2;1;-9;0;0;0
"EUJMVIHANXMZQSAX9911";2025;4;1;1;1;43;"S";13;491;1;1;51;1;1;3;1;2;-9;1419000;283800;0
"EUJMVIHANXMZQSAX9911";2025;4;1;2;1;43;"S";13;491;3;1;20;4;1;3;1;2;859000;1419000;283800;962
"EUJMVIHANXMZQSAX9911";2025;4;1;3;1;43;"S";13;491;3;2;18;3;1;3;2;2;560000;1419000;283800;962
"EUJMVIHANXMZQSAX9911";2025;4;1;4;1;43;"S";13;491;3;2;24;5;3;0;0;0;0;1419000;283800;0
"EUJMVIHANXMZQSAX9911";2025;4;1;5;1;43;"S";13;491;3;2;24;5;1;3;1;2;-9;1419000;283800;0
"EUJMVIHANXMZQSAX9911";2025;4;2;1;1;43;"S";13;1653;1;2;72;3;3;0;0;0;0;0;0;0
"BVUXEYOVIGOPMWVN1101";2025;4;1;1;1;43;"S";13;1617;1;2;53;7;3;0;0;0;0;439000;219500;0
"BVUXEYOVIGOPMWVN1101";2025;4;1;2;1;43;"S";13;1617;2;1;53;5;1;3;1;2;439000;439000;219500;3167
"WDOGGNKXGKYOWZOX5457";2025;4;1;1;1;43;"S";13;794;1;2;44;6;3;0;0;0;0;296000;74000;0
"WDOGGNKXGKYOWZOX5457";2025;4;1;2;1;43;"S";13;794;2;1;50;1;1;3;1;2;296000;296000;74000;1555
"WDOGGNKXGKYOWZOX5457";2025;4;1;3;1;43;"S";13;794;3;1;14;3;3;0;0;0;0;296000;74000;0
"WDOGGNKXGKYOWZOX5457";2025;4;1;4;1;43;"S";13;794;3;2;22;5;3;0;0;0;0;296000;74000;0
"HFZDUSUCQZMMMBLI1164";2025;4;1;1;1;43;"S";13;607;1;1;63;5;2;0;0;0;0;365000;60833;0
"HFZDUSUCQZMMMBLI1164";2025;4;1;2;1;43;"S";13;607;2;2;59;5;2;0;0;0;0;365000;60833;0
"HFZDUSUCQZMMMBLI1164";2025;4;1;3;1;43;"S";13;607;3;2;43;5;3;0;0;0;0;365000;60833;0
"HFZDUSUCQZMMMBLI1164";2025;4;1;4;1;43;"S";13;607;9;2;37;3;1;2;0;2;365000;365000;60833;1189
"HFZDUSUCQZMMMBLI1164";2025;4;1;5;1;43;"S";13;607;3;2;29;6;1;3;1;2;-9;365000;60833;0
"HFZDUSUCQZMMMBLI1164";2025;4;1;6;1;43;"S";13;607;5;1;35;6;1;3;1;3;-9;365000;60833;0
"MUUJXEVLNBEGXNKV3605";2025;4;1;1;1;43;"S";13;1077;1;2;31;2;1;3;2;2;843000;1364000;682000;2109
"MUUJXEVLNBEGXNKV3605";2025;4;1;2;1;43;"S";13;1077;2;1;25;1;1;2;0;2;521000;1364000;682000;2109
"OCAXQLDGITRBUJSO9893";2025;4;1;1;1;43;"S";13;1037;1;1;69;4;3;0;0;0;0;0;0;0
"OCAXQLDGITRBUJSO9893";2025;4;1;2;1;43;"S";13;1037;2;2;73;1;3;0;0;0;0;0;0;0
"OCAXQLDGITRBUJSO9893";2025;4;1;3;1;43;"S";13;1037;3;2;46;7;3;0;0;0;0;0;0;0
"OCAXQLDGITRBUJSO9893";2025;4;1;4;1;43;"S";13;1037;3;2;47;5;3;0;0;0;0;0;0;0
"WUSPPMKKTNGNZWTD6108";2025;4;1;1;1;43;"S";13;679;1;1;63;3;1;3;1;3;1644000;1644000;1644000;1330
"TWQWVHPQAZURALVF3190";2025;4;1;1;1;43;"S";13;691;1;2;81;6;1;3;1;3;-9;0;0;0
"EJDQLTDKKLFKCLCF4836";2025;4;1;1;1;43;"S";13;596;1;1;37;3;1;3;2;1;357000;686000;343000;1167
"EJDQLTDKKLFKCLCF4836";2025;4;1;2;1;43;"S";13;596;2;2;35;2;1;3;1;2;329000;686000;343000;1167
"MSLBVUKXMHCEKLJZ2634";2025;4;1;1;1;43;"S";13;808;1;1;58;1;2;0;0;0;0;0;0;0
"OLVDRKZYHISKSYXO4844";2025;4;1;1;1;43;"S";13;410;1;2;43;2;3;0;0;0;0;0;0;0
"RRCABORFICSSKRMQ0961";2025;4;1;1;1;43;"S";13;1742;1;2;70;2;3;0;0;0;0;1797000;359400;0
"RRCABORFICSSKRMQ0961";2025;4;1;2;1;43;"S";13;1742;3;2;37;6;3;0;0;0;0;1797000;359400;0
"RRCABORFICSSKRMQ0961";2025;4;1;3;1;43;"S";13;1742;3;2;46;4;1;3;2;3;467000;1797000;359400;3412
"RRCABORFICSSKRMQ0961";2025;4;1;4;1;43;"S";13;1742;3;1;32;1;1;2;0;2;508000;1797000;359400;3412
"RRCABORFICSSKRMQ0961";2025;4;1;5;1;43;"S";13;1742;3;1;40;2;1;3;1;2;822000;1797000;359400;3412
"GJNGKEJOTLDLTBMI6523";2025;4;1;1;1;43;"S";13;356;1;1;41;3;1;3;2;2;406000;406000;135333;697
"GJNGKEJOTLDLTBMI6523";2025;4;1;2;1;43;"S";13;356;3;2;15;2;3;0;0;0;0;406000;135333;0
"GJNGKEJOTLDLTBMI6523";2025;4;1;3;1;43;"S";13;356;3;1;14;3;2;0;0;0;0;406000;135333;0
"SVTYVWPGCIDCXFKZ5840";2025;4;1;1;1;43;"S";13;985;1;1;76;2;3;0;0;0;0;0;0;0
"SVTYVWPGCIDCXFKZ5840";2025;4;1;2;1;43;"S";13;985;3;2;43;5;3;0;0;0;0;0;0;0
"SGTQKXTYNECKBWUY8313";2025;4;1;1;1;43;"S";13;482;1;2;24;3;3;0;0;0;0;0;0;0
"SGTQKXTYNECKBWUY8313";2025;4;1;2;1;43;"S";13;482;3;1;4;7;4;0;0;0;0;0;0;0
"IJHKYGVZBWNCZXZX6912";2025;4;1;1;1;43;"S";13;619;1;1;57;5;1;3;1;3;1072000;1072000;1072000;1212
"OOSTNPSBASGMFJTP7168";2025;4;1;1;1;43;"S";13;577;1;1;53;1;3;0;0;0;0;2664000;444000;0
"OOSTNPSBASGMFJTP7168";2025;4;1;2;1;43;"S";13;577;2;2;52;4;1;3;1;2;678000;2664000;444000;1130
"OOSTNPSBASGMFJTP7168";2025;4;1;3;1;43;"S";13;577;9;1;18;5;1;3;1;2;-9;2664000;444000;0
"OOSTNPSBASGMFJTP7168";2025;4;1;4;1;43;"S";13;577;3;1;22;4;3;0;0;0;0;2664000;444000;0
"OOSTNPSBASGMFJTP7168";2025;4;1;5;1;43;"S";13;577;3;1;29;4;1;2;0;3;1986000;2664000;444000;1130
"OOSTNPSBASGMFJTP7168";2025;4;1;6;1;43;"S";13;577;3;1;21;3;3;0;0;0;0;2664000;444000;0
"UAQZXXVJTYNSDPCG0727";2025;4;1;1;1;43;"S";13;1129;1;1;77;3;3;0;0;0;0;592000;98667;0
"UAQZXXVJTYNSDPCG0727";2025;4;1;2;1;43;"S";13;1129;3;1;34;6;1;3;1;2;-9;592000;98667;0
"UAQZXXVJTYNSDPCG0727";2025;4;1;3;1;43;"S";13;1129;3;1;40;3;1;2;0;2;592000;592000;98667;2211
"UAQZXXVJTYNSDPCG0727";2025;4;1;4;1;43;"S";13;1129;3;1;45;4;2;0;0;0;0;592000;98667;0
"UAQZXXVJTYNSDPCG0727";2025;4;1;5;1;43;"S";13;1129;3;1;31;5;1;3;2;2;-9;592000;98667;0
"UAQZXXVJTYNSDPCG0727";2025;4;1;6;1;43;"S";13;1129;3;1;36;3;1;3;1;2;-9;592000;98667;0
"ISJPKYHYJLFOVPLS5117";2025;4;1;1;1;43;"S";13;732;1;2;51;4;1;3;2;2;638000;638000;638000;1434
"JKRGDEWYCAIZGOUQ4809";2025;4;1;1;1;43;"S";13;510;1;1;58;4;1;3;1;3;-9;0;0;0
"JKRGDEWYCAIZGOUQ4809";2025;4;1;2;1;43;"S";13;510;2;2;63;5;3;0;0;0;0;0;0;0
"TKFHHEGTFVXVRYTC3804";2025;4;1;1;1;43;"S";13;611;1;2;71;3;3;0;0;0;0;0;0;0
"TKFHHEGTFVXVRYTC3804";2025;4;1;2;1;43;"S";13;611;3;1;41;5;1;1;0;3;-9;0;0;0
"QPULZVRFEARZBGTY9837";2025;4;1;1;1;43;"S";13;515;1;2;36;3;1;3;2;3;-9;0;0;0
"QPULZVRFEARZBGTY9837";2025;4;1;2;1;43;"S";13;515;3;2;12;2;3;0;0;0;0;0;0;0
"QPULZVRFEARZBGTY9837";2025;4;1;3;1;43;"S";13;515;3;1;10;1;3;0;0;0;0;0;0;0
"QPULZVRFEARZBGTY9837";2025;4;1;4;1;43;"S";13;515;3;1;10;1;3;0;0;0;0;0;0;0
"QPULZVRFEARZBGTY9837";2025;4;1;5;1;43;"S";13;515;3;1;10;1;1;2;0;3;-9;0;0;0
"SWJFYAHLAWSHMOHI8773";2025;4;1;1;1;43;"S";13;490;1;1;41;1;3;0;0;0;0;1365000;273000;0
"SWJFYAHLAWSHMOHI8773";2025;4;1;2;1;43;"S";13;490;2;2;43;5;1;2;0;2;-9;1365000;273000;0
"SWJFYAHLAWSHMOHI8773";2025;4;1;3;1;43;"S";13;490;3;1;18;4;1;3;1;3;1365000;1365000;273000;960
"SWJFYAHLAWSHMOHI8773";2025;4;1;4;1;43;"S";13;490;3;2;12;3;3;0;0;0;0;1365000;273000;0
"SWJFYAHLAWSHMOHI8773";2025;4;1;5;1;43;"S";13;490;5;2;17;3;3;0;0;0;0;1365000;273000;0
"ILGHIFEZOEIZBAGI1624";2025;4;1;1;1;43;"N";14;99;1;2;53;1;2;0;0;0;0;622000;207333;0
"ILGHIFEZOEIZBAGI1624";2025;4;1;2;1;43;"N";14;99;3;1;26;1;1;3;1;2;180000;622000;207333;134
"ILGHIFEZOEIZBAGI1624";2025;4;1;3;1;43;"N";14;99;3;2;29;3;1;3;1;2;442000;622000;207333;134
"LEYOWGHPZRBLEDEJ2388";2025;4;1;1;1;43;"N";14;143;1;2;61;4;1;3;1;2;1090000;1381000;690500;194
"LEYOWGHPZRBLEDEJ2388";2025;4;1;2;1;43;"N";14;143;2;1;56;6;1;2;0;2;291000;1381000;690500;194
"PXFGYMXVRXPJANZR7422";2025;4;1;1;1;43;"N";14;169;1;1;23;4;3;0;0;0;0;0;0;0
"PXFGYMXVRXPJANZR7422";2025;4;1;2;1;43;"N";14;169;3;2;2;7;4;0;0;0;0;0;0;0
"PXFGYMXVRXPJANZR7422";2025;4;1;3;1;43;"N";14;169;3;2;2;7;4;0;0;0;0;0;0;0
"PXFGYMXVRXPJANZR7422";2025;4;1;4;1;43;"N";14;169;3;1;3;7;4;0;0;0;0;0;0;0
"VDQONAIGJGIDXOQG7046";2025;4;1;1;1;43;"N";14;199;1;1;51;2;3;0;0;0;0;201000;40200;0
"VDQONAIGJGIDXOQG7046";2025;4;1;2;1;43;"N";14;199;3;1;19;3;3;0;0;0;0;201000;40200;0
"VDQONAIGJGIDXOQG7046";2025;4;1;3;1;43;"N";14;199;3;1;27;3;1;2;0;2;201000;201000;40200;269
"VDQONAIGJGIDXOQG7046";2025;4;1;4;1;43;"N";14;199;3;1;20;5;1;2;0;2;-9;201000;40200;0
"VDQONAIGJGIDXOQG7046";2025;4;1;5;1;43;"N";14;199;3;2;20;3;3;0;0;0;0;201000;40200;0
"JPAWUMZTQLKIEXPY0341";2025;4;1;1;1;43;"N";14;65;1;1;27;6;1;3;1;2;1460000;1460000;365000;88
"JPAWUMZTQLKIEXPY0341";2025;4;1;2;1;43;"N";14;65;2;2;31;4;2;0;0;0;0;1460000;365000;0
"JPAWUMZTQLKIEXPY0341";2025;4;1;3;1;43;"N";14;65;3;2;4;7;4;0;0;0;0;1460000;365000;0
"JPAWUMZTQLKIEXPY0341";2025;4;1;4;1;43;"N";14;65;3;2;4;7;4;0;0;0;0;1460000;365000;0
"POLUKXXRVEJXRLSP4090";2025;4;1;1;1;43;"N";14;98;1;2;58;3;1;3;1;2;-9;0;0;0
"MKIQCAACYPNHYODD0925";2025;4;1;1;1;43;"N";14;169;1;1;62;1;3;0;0;0;0;1844000;461000;0
"MKIQCAACYPNHYODD0925";2025;4;1;2;1;43;"N";14;169;3;1;30;5;1;3;2;1;507000;1844000;461000;229
"MKIQCAACYPNHYODD0925";2025;4;1;3;1;43;"N";14;169;3;1;35;4;1;2;0;2;-9;1844000;461000;0
"MKIQCAACYPNHYODD0925";2025;4;1;4;1;43;"N";14;169;3;2;26;4;1;3;2;2;1337000;1844000;461000;229
"KQXBDFRMKQDHZLJP3992";2025;4;1;1;1;43;"N";14;123;1;2;39;4;1;2;0;2;549000;1740000;348000;167
"KQXBDFRMKQDHZLJP3992";2025;4;1;2;1;43;"N";14;123;2;1;45;4;1;3;1;2;1191000;1740000;348000;167
"KQXBDFRMKQDHZLJP3992";2025;4;1;3;1;43;"N";14;123;3;2;16;3;3;0;0;0;0;1740000;348000;0
"KQXBDFRMKQDHZLJP3992";2025;4;1;4;1;43;"N";14;123;3;1;16;3;3;0;0;0;0;1740000;348000;0
"KQXBDFRMKQDHZLJP3992";2025;4;1;5;1;43;"N";14;123;3;1;14;3;3;0;0;0;0;1740000;348000;0
"BEUSLRDIHMTLQOZB6154";2025;4;1;1;1;43;"N";14;86;1;1;64;5;1;3;2;1;501000;846000;423000;116
"BEUSLRDIHMTLQOZB6154";2025;4;1;2;1;43;"N";14;86;2;2;69;5;1;3;1;2;345000;846000;423000;116
"SSVWOKJXNSXDRIYZ8462";2025;4;1;1;1;43;"N";14;156;1;2;67;2;3;0;0;0;0;1570000;523333;0
"SSVWOKJXNSXDRIYZ8462";2025;4;1;2;1;43;"N";14;156;3;2;27;7;3;0;0;0;0;1570000;523333;0
"SSVWOKJXNSXDRIYZ8462";2025;4;1;3;1;43;"N";14;156;3;1;40;6;1;3;1;1;1570000;1570000;523333;211
"HNBOESYYPGDDCORE0695";2025;4;1;1;1;43;"N";14;194;1;1;62;6;1;3;1;2;1995000;3946000;657667;263
"HNBOESYYPGDDCORE0695";2025;4;1;2;1;43;"N";14;194;2;2;61;2;3;0;0;0;0;3946000;657667;0
"HNBOESYYPGDDCORE0695";2025;4;1;3;1;43;"N";14;194;3;2;34;5;3;0;0;0;0;3946000;657667;0
"HNBOESYYPGDDCORE0695";2025;4;1;4;1;43;"N";14;194;3;1;33;6;1;3;1;2;1951000;3946000;657667;263
"HNBOESYYPGDDCORE0695";2025;4;1;5;1;43;"N";14;194;3;1;29;6;2;0;0;0;0;3946000;657667;0
"HNBOESYYPGDDCORE0695";2025;4;1;6;1;43;"N";14;194;9;1;32;6;1;3;1;2;-9;3946000;657667;0
"LNVQWOEQVTUGJKWR8355";2025;4;1;1;1;43;"N";14;41;1;2;46;4;1;3;1;3;1448000;2199000;549750;56
"LNVQWOEQVTUGJKWR8355";2025;4;1;2;1;43;"N";14;41;2;1;46;4;1;3;2;2;434000;2199000;549750;56
"LNVQWOEQVTUGJKWR8355";2025;4;1;3;1;43;"N";14;41;3;1;22;4;3;0;0;0;0;2199000;549750;0
"LNVQWOEQVTUGJKWR8355";2025;4;1;4;1;43;"N";14;41;3;1;22;4;1;2;0;2;317000;2199000;549750;56
"CRJGMCEGNMKLMRWC7012";2025;4;1;1;1;43;"N";14;86;1;1;26;4;1;2;0;3;312000;312000;156000;116
"CRJGMCEGNMKLMRWC7012";2025;4;1;2;1;43;"N";14;86;2;2;25;5;3;0;0;0;0;312000;156000;0
"ABXBIBNJKBOHFNDX7728";2025;4;1;1;1;43;"N";14;121;1;2;63;4;3;0;0;0;0;0;0;0
"ORGYYKIPLRQGMVHN8629";2025;4;1;1;1;43;"N";14;86;1;1;77;3;3;0;0;0;0;500000;250000;0
"ORGYYKIPLRQGMVHN8629";2025;4;1;2;1;43;"N";14;86;3;1;51;2;1;3;2;2;500000;500000;250000;116
"BCOJAZIWUWJWWYXE9857";2025;4;1;1;1;43;"N";14;97;1;2;23;5;3;0;0;0;0;0;0;0
"BCOJAZIWUWJWWYXE9857";2025;4;1;2;1;43;"N";14;97;3;1;2;7;4;0;0;0;0;0;0;0
"BCOJAZIWUWJWWYXE9857";2025;4;1;3;1;43;"N";14;97;5;1;2;7;4;0;0;0;0;0;0;0
"BCOJAZIWUWJWWYXE9857";2025;4;1;4;1;43;"N";14;97;3;1;2;7;4;0;0;0;0;0;0;0
"BCOJAZIWUWJWWYXE9857";2025;4;1;5;1;43;"N";14;97;3;1;2;7;4;0;0;0;0;0;0;0
"TIRODDPLWFRZNHCD3857";2025;4;1;1;1;43;"N";14;69;1;1;75;1;3;0;0;0;0;725000;241667;0
"TIRODDPLWFRZNHCD3857";2025;4;1;2;1;43;"N";14;69;3;2;44;5;3;0;0;0;0;725000;241667;0
"TIRODDPLWFRZNHCD3857";2025;4;1;3;1;43;"N";14;69;3;1;31;6;1;3;1;1;725000;725000;241667;93
"KYWZMXKLEBZNMAOI2513";2025;4;1;1;1;43;"N";14;152;1;1;67;1;3;0;0;0;0;311000;103667;0
"KYWZMXKLEBZNMAOI2513";2025;4;1;2;1;43;"N";14;152;2;2;70;4;3;0;0;0;0;311000;103667;0
"KYWZMXKLEBZNMAOI2513";2025;4;1;3;1;43;"N";14;152;9;2;32;1;1;3;2;1;311000;311000;103667;206
"FOCCNOCTJRFQHNPP9236";2025;4;1;1;1;43;"N";14;101;1;2;47;5;1;3;1;2;651000;651000;651000;137
"OPGNUKNWCMLIQGOL3806";2025;4;1;1;1;43;"N";14;110;1;1;44;2;1;3;2;4;215000;215000;215000;149
"LWSZMLADEUTFQWMS6852";2025;4;1;1;1;43;"N";14;145;1;1;78;6;3;0;0;0;0;701000;350500;0
"LWSZMLADEUTFQWMS6852";2025;4;1;2;1;43;"N";14;145;9;1;44;6;1;2;0;3;701000;701000;350500;196
"EWJAVQQGXTRULVGH8428";2025;4;1;1;1;43;"N";14;74;1;1;22;3;1;3;2;1;561000;561000;140250;100
"EWJAVQQGXTRULVGH8428";2025;4;1;2;1;43;"N";14;74;3;2;2;7;4;0;0;0;0;561000;140250;0
"EWJAVQQGXTRULVGH8428";2025;4;1;3;1;43;"N";14;74;3;2;-1;7;4;0;0;0;0;561000;140250;0
"EWJAVQQGXTRULVGH8428";2025;4;1;4;1;43;"N";14;74;3;1;2;7;4;0;0;0;0;561000;140250;0
"YMIMZZQXOSOPHIJC4401";2025;4;1;1;1;43;"N";14;88;1;2;44;1;3;0;0;0;0;1347000;269400;0
"YMIMZZQXOSOPHIJC4401";2025;4;1;2;1;43;"N";14;88;2;1;48;6;1;2;0;2;1347000;1347000;269400;119
"YMIMZZQXOSOPHIJC4401";2025;4;1;3;1;43;"N";14;88;3;1;19;5;3;0;0;0;0;1347000;269400;0
"YMIMZZQXOSOPHIJC4401";2025;4;1;4;1;43;"N";14;88;3;2;23;2;3;0;0;0;0;1347000;269400;0
"YMIMZZQXOSOPHIJC4401";2025;4;1;5;1;43;"N";14;88;3;1;19;5;3;0;0;0;0;1347000;269400;0
"PDRPMHNVUBUYPXSN6427";2025;4;1;1;1;43;"N";14;130;1;2;22;4;3;0;0;0;0;0;0;0
"PDRPMHNVUBUYPXSN6427";2025;4;1;2;1;43;"N";14;130;3;1;2;7;4;0;0;0;0;0;0;0
"PDRPMHNVUBUYPXSN6427";2025;4;1;3;1;43;"N";14;130;3;1;2;7;4;0;0;0;0;0;0;0
"PDRPMHNVUBUYPXSN6427";2025;4;1;4;1;43;"N";14;130;9;2;2;7;4;0;0;0;0;0;0;0
"RTGBHWYCWSGSUDIY8683";2025;4;1;1;1;43;"N";14;82;1;1;30;1;1;3;2;1;-9;0;0;0
"RTGBHWYCWSGSUDIY8683";2025;4;1;2;1;43;"N";14;82;2;2;32;2;3;0;0;0;0;0;0;0
"KBMJCFUFEDWCYPIN8009";2025;4;1;1;1;43;"N";14;112;1;2;69;3;1;2;0;3;169000;2891000;481833;152
"KBMJCFUFEDWCYPIN8009";2025;4;1;2;1;43;"N";14;112;2;1;72;2;3;0;0;0;0;2891000;481833;0
"KBMJCFUFEDWCYPIN8009";2025;4;1;3;1;43;"N";14;112;3;1;45;3;1;3;2;1;89000;2891000;481833;152
"KBMJCFUFEDWCYPIN8009";2025;4;1;4;1;43;"N";14;112;3;2;45;4;1;3;1;1;739000;2891000;481833;152
"KBMJCFUFEDWCYPIN8009";2025;4;1;5;1;43;"N";14;112;3;1;45;5;1;3;1;2;696000;2891000;481833;152
"KBMJCFUFEDWCYPIN8009";2025;4;1;6;1;43;"N";14;112;3;2;42;4;1;2;0;1;1198000;2891000;481833;152
"ROEEXKWWNAEDMCBN2874";2025;4;1;1;1;43;"N";14;237;1;1;60;6;3;0;0;0;0;1021000;170167;0
"ROEEXKWWNAEDMCBN2874";2025;4;1;2;1;43;"N";14;237;2;2;57;7;1;3;1;2;491000;1021000;170167;321
"ROEEXKWWNAEDMCBN2874";2025;4;1;3;1;43;"N";14;237;5;2;27;3;1;3;1;2;94000;1021000;170167;321
"ROEEXKWWNAEDMCBN2874";2025;4;1;4;1;43;"N";14;237;3;2;25;6;1;3;1;2;436000;1021000;170167;321
"ROEEXKWWNAEDMCBN2874";2025;4;1;5;1;43;"N";14;237;5;2;22;3;3;0;0;0;0;1021000;170167;0
"ROEEXKWWNAEDMCBN2874";2025;4;1;6;1;43;"N";14;237;3;2;28;4;3;0;0;0;0;1021000;170167;0
"SWCZBCENWKVKRVIZ0774";2025;4;1;1;1;43;"N";14;165;1;2;68;6;3;0;0;0;0;540000;108000;0
"SWCZBCENWKVKRVIZ0774";2025;4;1;2;1;43;"N";14;165;2;1;70;1;3;0;0;0;0;540000;108000;0
"SWCZBCENWKVKRVIZ0774";2025;4;1;3;1;43;"N";14;165;3;2;38;6;1;3;1;1;540000;540000;108000;223
"SWCZBCENWKVKRVIZ0774";2025;4;1;4;1;43;"N";14;165;5;1;46;6;1;2;0;3;-9;540000;108000;0
"SWCZBCENWKVKRVIZ0774";2025;4;1;5;1;43;"N";14;165;3;1;41;4;1;3;1;2;-9;540000;108000;0
"HOWANGXRTOXSUIOR9652";2025;4;1;1;1;43;"N";14;225;1;1;47;4;1;2;0;3;361000;361000;361000;305
"HOWANGXRTOXSUIOR9652";2025;4;2;1;1;43;"N";14;121;1;1;80;5;3;0;0;0;0;359000;119667;0
"HOWANGXRTOXSUIOR9652";2025;4;2;2;1;43;"N";14;121;2;2;75;6;3;0;0;0;0;359000;119667;0
"HOWANGXRTOXSUIOR9652";2025;4;2;3;1;43;"N";14;121;3;2;32;4;1;3;2;2;359000;359000;119667;164
"CNWYMUWUWQYABOPU6751";2025;4;1;1;1;43;"N";14;109;1;2;61;6;1;3;1;3;-9;976000;244000;0
"CNWYMUWUWQYABOPU6751";2025;4;1;2;1;43;"N";14;109;2;1;65;1;3;0;0;0;0;976000;244000;0
"CNWYMUWUWQYABOPU6751";2025;4;1;3;1;43;"N";14;109;3;1;32;3;1;2;0;2;166000;976000;244000;148
"CNWYMUWUWQYABOPU6751";2025;4;1;4;1;43;"N";14;109;9;2;25;6;1;2;0;2;810000;976000;244000;148
"MOYDMTPTVZUEGUQC4629";2025;4;1;1;1;43;"N";14;148;1;2;41;6;1;3;1;2;0;0;0;200
"KSSAIVBWDKZELHTL9112";2025;4;1;1;1;43;"N";14;129;1;1;72;4;3;0;0;0;0;0;0;0
"KSSAIVBWDKZELHTL9112";2025;4;1;2;1;43;"N";14;129;3;2;45;4;1;3;1;2;-9;0;0;0
"SMZNLFXHEUXPZUXJ6214";2025;4;1;1;1;43;"N";14;71;1;1;39;4;1;3;1;2;-9;0;0;0
"SKRUVVXIBCEGEXCB3264";2025;4;1;1;1;43;"N";14;137;1;2;67;4;3;0;0;0;0;0;0;0
"SKRUVVXIBCEGEXCB3264";2025;4;1;2;1;43;"N";14;137;2;1;66;6;3;0;0;0;0;0;0;0
"SKRUVVXIBCEGEXCB3264";2025;4;1;3;1;43;"N";14;137;3;1;35;5;1;3;1;2;-9;0;0;0
"SKRUVVXIBCEGEXCB3264";2025;4;1;4;1;43;"N";14;137;3;2;43;3;1;3;1;2;0;0;0;185
"RKVJKERRNXOZQMRE5922";2025;4;1;1;1;43;"N";14;68;1;2;68;2;3;0;0;0;0;0;0;0
"ZAIMADTKFOUJTZFJ3077";2025;4;1;1;1;43;"N";14;162;1;1;40;4;1;3;1;2;-9;0;0;0
"ZAIMADTKFOUJTZFJ3077";2025;4;1;2;1;43;"N";14;162;3;2;12;3;3;0;0;0;0;0;0;0
"ZAIMADTKFOUJTZFJ3077";2025;4;1;3;1;43;"N";14;162;3;1;11;2;3;0;0;0;0;0;0;0
"ZAIMADTKFOUJTZFJ3077";2025;4;1;4;1;43;"N";14;162;3;2;11;1;3;0;0;0;0;0;0;0
"FQSTNWNKAXSNJGDP6530";2025;4;1;1;1;43;"N";14;60;1;1;52;2;3;0;0;0;0;118000;39333;0
"FQSTNWNKAXSNJGDP6530";2025;4;1;2;1;43;"N";14;60;2;2;54;1;1;2;0;2;118000;118000;39333;81
"FQSTNWNKAXSNJGDP6530";2025;4;1;3;1;43;"N";14;60;3;1;29;6;1;3;1;2;-9;118000;39333;0
"MEDXEREYTPEWKDXS6928";2025;4;1;1;1;43;"N";14;63;1;2;53;4;1;2;0;2;440000;440000;220000;85
"MEDXEREYTPEWKDXS6928";2025;4;1;2;1;43;"N";14;63;2;1;59;4;1;3;1;1;-9;440000;220000;0
"UJJCIKGWVHTFVBCT0941";2025;4;1;1;1;43;"N";14;116;1;2;75;6;3;0;0;0;0;482000;160667;0
"UJJCIKGWVHTFVBCT0941";2025;4;1;2;1;43;"N";14;116;2;1;78;4;3;0;0;0;0;482000;160667;0
"UJJCIKGWVHTFVBCT0941";2025;4;1;3;1;43;"N";14;116;5;1;52;5;1;2;0;2;482000;482000;160667;157
"JWLESDVGMTYDQODJ9426";2025;4;1;1;1;43;"N";14;119;1;2;23;3;3;0;0;0;0;0;0;0
"JWLESDVGMTYDQODJ9426";2025;4;1;2;1;43;"N";14;119;9;2;2;7;4;0;0;0;0;0;0;0
"JWLESDVGMTYDQODJ9426";2025;4;1;3;1;43;"N";14;119;3;1;2;7;4;0;0;0;0;0;0;0
"RDRWLFBYWCEXKYTE2122";2025;4;1;1;1;43;"N";14;78;1;1;56;4;1;3;1;3;-9;2853000;951000;0
"RDRWLFBYWCEXKYTE2122";2025;4;1;2;1;43;"N";14;78;2;2;60;6;3;0;0;0;0;2853000;951000;0
"RDRWLFBYWCEXKYTE2122";2025;4;1;3;1;43;"N";14;78;3;2;28;6;1;3;1;1;2853000;2853000;951000;106
"OEOGOYKLIUFHFXIQ5326";2025;4;1;1;1;43;"N";14;175;1;1;82;5;3;0;0;0;0;0;0;0
"HZTJDDQGLPPTAEWX4151";2025;4;1;1;1;43;"N";14;85;1;1;51;4;3;0;0;0;0;588000;294000;0
"HZTJDDQGLPPTAEWX4151";2025;4;1;2;1;43;"N";14;85;2;2;57;6;1;3;1;2;588000;588000;294000;115
"TEUCRURIFDNEPXPT5571";2025;4;1;1;1;43;"N";14;108;1;1;52;2;1;2;0;2;-9;0;0;0
"LLTXEYTNYMZCFOFZ9505";2025;4;1;1;1;43;"N";14;151;1;2;26;3;3;0;0;0;0;0;0;0
"LLTXEYTNYMZCFOFZ9505";2025;4;1;2;1;43;"N";14;151;9;2;5;1;4;0;0;0;0;0;0;0
"LLTXEYTNYMZCFOFZ9505";2025;4;1;3;1;43;"N";14;151;3;1;3;7;4;0;0;0;0;0;0;0
"LLTXEYTNYMZCFOFZ9505";2025;4;1;4;1;43;"N";14;151;3;2;6;1;4;0;0;0;0;0;0;0
"LLTXEYTNYMZCFOFZ9505";2025;4;1;5;1;43;"N";14;151;3;1;4;7;4;0;0;0;0;0;0;0
"HQRXPPYVFGCWVVEF5513";2025;4;1;1;1;43;"N";14;124;1;2;62;4;1;3;1;3;-9;0;0;0
"JJJOWVBUTLLDIIMT8582";2025;4;1;1;1;43;"N";14;125;1;1;29;6;1;3;1;2;1374000;1374000;274800;169
"JJJOWVBUTLLDIIMT8582";2025;4;1;2;1;43;"N";14;125;3;2;6;2;4;0;0;0;0;1374000;274800;0
"JJJOWVBUTLLDIIMT8582";2025;4;1;3;1;43;"N";14;125;3;2;7;1;4;0;0;0;0;1374000;274800;0
"JJJOWVBUTLLDIIMT8582";2025;4;1;4;1;43;"N";14;125;3;1;6;1;4;0;0;0;0;1374000;274800;0
"JJJOWVBUTLLDIIMT8582";2025;4;1;5;1;43;"N";14;125;9;1;6;1;4;0;0;0;0;1374000;274800;0
"ZMMTIUWSIWMAEENZ1870";2025;4;1;1;1;43;"N";14;115;1;1;56;4;1;3;2;2;554000;1834000;611333;156
"ZMMTIUWSIWMAEENZ1870";2025;4;1;2;1;43;"N";14;115;2;2;51;3;1;2;0;3;1280000;1834000;611333;156
"ZMMTIUWSIWMAEENZ1870";2025;4;1;3;1;43;"N";14;115;3;2;34;6;3;0;0;0;0;1834000;611333;0
"NPWQCSTIPORGKDWC2545";2025;4;1;1;1;43;"N";14;116;1;1;82;6;3;0;0;0;0;527000;131750;0
"NPWQCSTIPORGKDWC2545";2025;4;1;2;1;43;"N";14;116;2;2;79;1;3;0;0;0;0;527000;131750;0
"NPWQCSTIPORGKDWC2545";2025;4;1;3;1;43;"N";14;116;3;1;43;3;1;3;1;3;-9;527000;131750;0
"NPWQCSTIPORGKDWC2545";2025;4;1;4;1;43;"N";14;116;3;1;36;6;1;3;1;2;527000;527000;131750;157
"EIYOZJYJLJAHNJAQ9292";2025;4;1;1;1;43;"N";14;63;1;1;56;5;1;3;2;3;2763000;3016000;1005333;85
"EIYOZJYJLJAHNJAQ9292";2025;4;1;2;1;43;"N";14;63;2;2;58;4;1;3;1;2;253000;3016000;1005333;85
"EIYOZJYJLJAHNJAQ9292";2025;4;1;3;1;43;"N";14;63;3;1;20;5;1;3;1;3;-9;3016000;1005333;0
"UIHVJYAXZTNTKAUE0581";2025;4;1;1;1;43;"N";14;94;1;1;65;5;3;0;0;0;0;0;0;0
"UIHVJYAXZTNTKAUE0581";2025;4;1;2;1;43;"N";14;94;2;2;62;1;3;0;0;0;0;0;0;0
"TUPXGTPMCJDJXDSQ0799";2025;4;1;1;1;43;"N";14;83;1;1;62;2;1;3;1;3;2018000;3266000;544333;112
"TUPXGTPMCJDJXDSQ0799";2025;4;1;2;1;43;"N";14;83;2;2;58;5;1;3;1;1;469000;3266000;544333;112
"TUPXGTPMCJDJXDSQ0799";2025;4;1;3;1;43;"N";14;83;3;2;33;4;1;2;0;2;779000;3266000;544333;112
"TUPXGTPMCJDJXDSQ0799";2025;4;1;4;1;43;"N";14;83;3;2;41;3;3;0;0;0;0;3266000;544333;0
"TUPXGTPMCJDJXDSQ0799";2025;4;1;5;1;43;"N";14;83;3;2;36;3;0;0;0;0;0;3266000;544333;0
"TUPXGTPMCJDJXDSQ0799";2025;4;1;6;1;43;"N";14;83;3;1;25;3;3;0;0;0;0;3266000;544333;0
"VSVZRJCPQLKRAPOL3490";2025;4;1;1;1;43;"N";14;138;1;1;46;4;3;0;0;0;0;0;0;0
"VSVZRJCPQLKRAPOL3490";2025;4;1;2;1;43;"N";14;138;2;2;50;5;3;0;0;0;0;0;0;0
"SUNITWHZKKDGIXLS4100";2025;4;1;1;1;43;"N";14;59;1;2;72;5;3;0;0;0;0;753000;150600;0
"SUNITWHZKKDGIXLS4100";2025;4;1;2;1;43;"N";14;59;2;1;69;7;3;0;0;0;0;753000;150600;0
"SUNITWHZKKDGIXLS4100";2025;4;1;3;1;43;"N";14;59;3;2;29;6;1;3;1;2;-9;753000;150600;0
"SUNITWHZKKDGIXLS4100";2025;4;1;4;1;43;"N";14;59;3;2;41;6;1;3;1;3;469000;753000;150600;80
"SUNITWHZKKDGIXLS4100";2025;4;1;5;1;43;"N";14;59;3;2;42;3;1;2;0;3;284000;753000;150600;80
"FZQLKAIFQXOMSOWC5681";2025;4;1;1;1;43;"N";14;48;1;1;38;6;1;3;2;1;-9;821000;136833;0
"FZQLKAIFQXOMSOWC5681";2025;4;1;2;1;43;"N";14;48;2;2;37;6;1;3;1;2;821000;821000;136833;65
"FZQLKAIFQXOMSOWC5681";2025;4;1;3;1;43;"N";14;48;3;1;13;3;3;0;0;0;0;821000;136833;0
"FZQLKAIFQXOMSOWC5681";2025;4;1;4;1;43;"N";14;48;3;1;16;1;3;0;0;0;0;821000;136833;0
"FZQLKAIFQXOMSOWC5681";2025;4;1;5;1;43;"N";14;48;3;2;10;2;3;0;0;0;0;821000;136833;0
"FZQLKAIFQXOMSOWC5681";2025;4;1;6;1;43;"N";14;48;3;2;16;2;3;0;0;0;0;821000;136833;0
"IPQIUCKLHTZQMMSG7090";2025;4;1;1;1;41;"N";15;160;1;1;34;2;1;3;1;2;537000;816000;272000;184
"IPQIUCKLHTZQMMSG7090";2025;4;1;2;1;41;"N";15;160;2;2;37;4;1;3;1;1;279000;816000;272000;184
"IPQIUCKLHTZQMMSG7090";2025;4;1;3;1;41;"N";15;160;3;1;14;1;3;0;0;0;0;816000;272000;0
"MQYKVKWEFBIRAEEQ2619";2025;4;1;1;1;41;"N";15;215;1;1;73;6;1;3;1;2;2055000;2055000;1027500;247
"MQYKVKWEFBIRAEEQ2619";2025;4;1;2;1;41;"N";15;215;3;2;39;2;3;0;0;0;0;2055000;1027500;0
"NQKPXYQEMYHGHOZW1225";2025;4;1;1;1;41;"N";15;249;1;1;52;3;1;3;1;4;-9;349000;174500;0
"NQKPXYQEMYHGHOZW1225";2025;4;1;2;1;41;"N";15;249;2;2;54;3;1;2;0;2;349000;349000;174500;286
"IVCNKUICVSMSAKUW4679";2025;4;1;1;1;41;"N";15;331;1;1;62;4;1;3;1;3;-9;688000;114667;0
"IVCNKUICVSMSAKUW4679";2025;4;1;2;1;41;"N";15;331;2;2;56;2;3;0;0;0;0;688000;114667;0
"IVCNKUICVSMSAKUW4679";2025;4;1;3;1;41;"N";15;331;3;1;22;5;3;0;0;0;0;688000;114667;0
"IVCNKUICVSMSAKUW4679";2025;4;1;4;1;41;"N";15;331;3;1;41;3;1;3;2;3;181000;688000;114667;381
"IVCNKUICVSMSAKUW4679";2025;4;1;5;1;41;"N";15;331;3;2;26;1;3;0;0;0;0;688000;114667;0
"IVCNKUICVSMSAKUW4679";2025;4;1;6;1;41;"N";15;331;3;2;26;2;1;3;1;2;507000;688000;114667;381
"TSRNWTBRVKGICYOB3681";2025;4;1;1;1;41;"N";15;351;1;2;25;3;1;2;0;2;-9;0;0;0
"SWGYQXKPMGMKDVLL4771";2025;4;1;1;1;41;"N";15;501;1;1;38;1;1;2;0;2;668000;1862000;620667;576
"SWGYQXKPMGMKDVLL4771";2025;4;1;2;1;41;"N";15;501;2;2;38;6;1;3;2;2;1194000;1862000;620667;576
"SWGYQXKPMGMKDVLL4771";2025;4;1;3;1;41;"N";15;501;3;1;15;1;3;0;0;0;0;1862000;620667;0
"CEBUYYFKUPBYCSZY9887";2025;4;1;1;1;41;"N";15;502;1;2;74;3;3;0;0;0;0;0;0;0
"CEBUYYFKUPBYCSZY9887";2025;4;1;2;1;41;"N";15;502;2;1;69;4;3;0;0;0;0;0;0;0
"CEBUYYFKUPBYCSZY9887";2025;4;1;3;1;41;"N";15;502;3;2;29;2;3;0;0;0;0;0;0;0
"QNCOYIXECQAKYGFI1092";2025;4;1;1;1;41;"N";15;234;1;2;80;4;3;0;0;0;0;3253000;542167;0
"QNCOYIXECQAKYGFI1092";2025;4;1;2;1;41;"N";15;234;2;1;79;2;3;0;0;0;0;3253000;542167;0
"QNCOYIXECQAKYGFI1092";2025;4;1;3;1;41;"N";15;234;3;2;37;3;1;3;2;3;-9;3253000;542167;0
"QNCOYIXECQAKYGFI1092";2025;4;1;4;1;41;"N";15;234;3;2;37;5;1;3;1;2;-9;3253000;542167;0
"QNCOYIXECQAKYGFI1092";2025;4;1;5;1;41;"N";15;234;3;2;50;7;1;1;0;2;690000;3253000;542167;269
"QNCOYIXECQAKYGFI1092";2025;4;1;6;1;41;"N";15;234;3;2;55;2;1;3;1;2;2563000;3253000;542167;269
"KKPKVIJDBLTLTPTW6300";2025;4;1;1;1;41;"N";15;303;1;1;74;5;3;0;0;0;0;614000;122800;0
"KKPKVIJDBLTLTPTW6300";2025;4;1;2;1;41;"N";15;303;5;1;42;3;1;3;2;3;614000;614000;122800;348
"KKPKVIJDBLTLTPTW6300";2025;4;1;3;1;41;"N";15;303;3;1;41;1;3;0;0;0;0;614000;122800;0
"KKPKVIJDBLTLTPTW6300";2025;4;1;4;1;41;"N";15;303;3;2;49;5;2;0;0;0;0;614000;122800;0
"KKPKVIJDBLTLTPTW6300";2025;4;1;5;1;41;"N";15;303;3;1;37;3;3;0;0;0;0;614000;122800;0
"UTNEAHSTLEQPWDSW2465";2025;4;1;1;1;41;"N";15;176;1;1;67;4;1;3;1;2;207000;1391000;695500;202
"UTNEAHSTLEQPWDSW2465";2025;4;1;2;1;41;"N";15;176;2;2;72;6;1;3;2;3;1184000;1391000;695500;202
"FBRPYVEVXGKNMTYW7774";2025;4;1;1;1;41;"N";15;268;1;2;54;2;3;0;0;0;0;647000;215667;0
"FBRPYVEVXGKNMTYW7774";2025;4;1;2;1;41;"N";15;268;2;1;52;3;1;3;2;1;229000;647000;215667;308
"FBRPYVEVXGKNMTYW7774";2025;4;1;3;1;41;"N";15;268;3;1;31;3;1;3;1;2;418000;647000;215667;308
"HZHPXBEUBDQVMCZB7150";2025;4;1;1;1;41;"N";15;217;1;1;31;2;1;3;1;2;518000;518000;129500;250
"HZHPXBEUBDQVMCZB7150";2025;4;1;2;1;41;"N";15;217;2;2;25;6;3;0;0;0;0;518000;129500;0
"HZHPXBEUBDQVMCZB7150";2025;4;1;3;1;41;"N";15;217;3;1;6;1;4;0;0;0;0;518000;129500;0
"HZHPXBEUBDQVMCZB7150";2025;4;1;4;1;41;"N";15;217;3;1;9;2;4;0;0;0;0;518000;129500;0
"QLHCOAXTKFSWMHSP1156";2025;4;1;1;1;41;"N";15;440;1;1;26;1;1;2;0;2;168000;168000;28000;506
"QLHCOAXTKFSWMHSP1156";2025;4;1;2;1;41;"N";15;440;2;2;30;4;3;0;0;0;0;168000;28000;0
"QLHCOAXTKFSWMHSP1156";2025;4;1;3;1;41;"N";15;440;3;1;5;1;4;0;0;0;0;168000;28000;0
"QLHCOAXTKFSWMHSP1156";2025;4;1;4;1;41;"N";15;440;3;1;5;2;4;0;0;0;0;168000;28000;0
"QLHCOAXTKFSWMHSP1156";2025;4;1;5;1;41;"N";15;440;3;1;5;1;4;0;0;0;0;168000;28000;0
"QLHCOAXTKFSWMHSP1156";2025;4;1;6;1;41;"N";15;440;3;2;3;7;4;0;0;0;0;168000;28000;0
"OULJCSMXNNUCMBDO5878";2025;4;1;1;1;41;"N";15;222;1;1;31;5;1;2;0;2;499000;827000;413500;255
"OULJCSMXNNUCMBDO5878";2025;4;1;2;1;41;"N";15;222;2;2;25;4;1;3;1;2;328000;827000;413500;255
"SUYPCQHULUOWNNTL4879";2025;4;1;1;1;41;"N";15;211;1;2;57;3;3;0;0;0;0;0;0;0
"CHVQWTRLWEIDJKTU9578";2025;4;1;1;1;41;"N";15;440;1;1;82;3;3;0;0;0;0;450000;90000;0
"CHVQWTRLWEIDJKTU9578";2025;4;1;2;1;41;"N";15;440;2;2;83;4;3;0;0;0;0;450000;90000;0
"CHVQWTRLWEIDJKTU9578";2025;4;1;3;1;41;"N";15;440;5;1;61;6;1;3;1;3;104000;450000;90000;506
"CHVQWTRLWEIDJKTU9578";2025;4;1;4;1;41;"N";15;440;3;2;61;1;3;0;0;0;0;450000;90000;0
"CHVQWTRLWEIDJKTU9578";2025;4;1;5;1;41;"N";15;440;9;1;52;4;1;2;0;1;346000;450000;90000;506
"CWGHIRJLWKPLDPUF3311";2025;4;1;1;1;41;"N";15;330;1;2;58;2;3;0;0;0;0;742000;148400;0
"CWGHIRJLWKPLDPUF3311";2025;4;1;2;1;41;"N";15;330;3;1;25;4;1;3;1;2;578000;742000;148400;380
"CWGHIRJLWKPLDPUF3311";2025;4;1;3;1;41;"N";15;330;3;2;30;6;3;0;0;0;0;742000;148400;0
"CWGHIRJLWKPLDPUF3311";2025;4;1;4;1;41;"N";15;330;3;2;25;3;1;3;2;1;164000;742000;148400;380
"CWGHIRJLWKPLDPUF3311";2025;4;1;5;1;41;"N";15;330;3;1;29;1;2;0;0;0;0;742000;148400;0
"KXNPFUJUMPIKTGRM2350";2025;4;1;1;1;41;"N";15;205;1;1;30;6;1;3;2;1;722000;722000;240667;236
"KXNPFUJUMPIKTGRM2350";2025;4;1;2;1;41;"N";15;205;9;1;7;1;4;0;0;0;0;722000;240667;0
"KXNPFUJUMPIKTGRM2350";2025;4;1;3;1;41;"N";15;205;3;2;6;1;4;0;0;0;0;722000;240667;0
"LVHPNPYGQRQEVVEX7626";2025;4;1;1;1;41;"N";15;381;1;1;39;5;1;3;2;2;577000;982000;491000;438
"LVHPNPYGQRQEVVEX7626";2025;4;1;2;1;41;"N";15;381;2;2;33;2;1;3;2;2;405000;982000;491000;438
"HIEOWWVNZTHCLFGF5424";2025;4;1;1;1;41;"N";15;178;1;1;58;5;3;0;0;0;0;1645000;329000;0
"HIEOWWVNZTHCLFGF5424";2025;4;1;2;1;41;"N";15;178;2;2;63;2;3;0;0;0;0;1645000;329000;0
"HIEOWWVNZTHCLFGF5424";2025;4;1;3;1;41;"N";15;178;3;2;36;3;3;0;0;0;0;1645000;329000;0
"HIEOWWVNZTHCLFGF5424";2025;4;1;4;1;41;"N";15;178;3;2;22;4;1;3;1;3;-9;1645000;329000;0
"HIEOWWVNZTHCLFGF5424";2025;4;1;5;1;41;"N";15;178;3;1;29;2;1;3;2;1;1645000;1645000;329000;205
"OTNGRWGXZUVMVCRX2281";2025;4;1;1;1;41;"N";15;238;1;1;61;4;3;0;0;0;0;0;0;0
"OTNGRWGXZUVMVCRX2281";2025;4;1;2;1;41;"N";15;238;2;2;65;5;3;0;0;0;0;0;0;0
"OTNGRWGXZUVMVCRX2281";2025;4;1;3;1;41;"N";15;238;3;2;24;5;3;0;0;0;0;0;0;0
"OTNGRWGXZUVMVCRX2281";2025;4;1;4;1;41;"N";15;238;3;1;38;2;3;0;0;0;0;0;0;0
"OTNGRWGXZUVMVCRX2281";2025;4;1;5;1;41;"N";15;238;5;1;38;2;2;0;0;0;0;0;0;0
"QPZOGXBYEYVBXHDN9730";2025;4;1;1;1;41;"N";15;384;1;1;58;4;1;2;0;3;382000;932000;466000;442
"QPZOGXBYEYVBXHDN9730";2025;4;1;2;1;41;"N";15;384;2;2;53;3;1;3;1;2;550000;932000;466000;442
"PYQHYLFXGNCRPBKL3041";2025;4;1;1;1;41;"N";15;183;1;2;58;6;1;2;0;2;696000;696000;696000;210
"UDRENNPKQJRDZQYB8440";2025;4;1;1;1;41;"N";15;275;1;1;42;6;1;3;1;3;460000;1429000;714500;316
"UDRENNPKQJRDZQYB8440";2025;4;1;2;1;41;"N";15;275;2;2;41;1;1;2;0;2;969000;1429000;714500;316
"RZUVUAZDWNLSNRXQ5069";2025;4;1;1;1;41;"N";15;359;1;1;32;5;1;3;1;2;412000;412000;412000;413
"UOGOCVSJNGMITHPH1034";2025;4;1;1;1;41;"N";15;367;1;2;68;1;3;0;0;0;0;0;0;0
"UOGOCVSJNGMITHPH1034";2025;4;1;2;1;41;"N";15;367;3;2;45;2;3;0;0;0;0;0;0;0
"LHQIPCOACYCYDGGL5923";2025;4;1;1;1;41;"N";15;444;1;1;34;2;2;0;0;0;0;438000;87600;0
"LHQIPCOACYCYDGGL5923";2025;4;1;2;1;41;"N";15;444;2;2;38;3;1;2;0;2;438000;438000;87600;511
"LHQIPCOACYCYDGGL5923";2025;4;1;3;1;41;"N";15;444;3;1;8;1;4;0;0;0;0;438000;87600;0
"LHQIPCOACYCYDGGL5923";2025;4;1;4;1;41;"N";15;444;3;2;10;1;3;0;0;0;0;438000;87600;0
"LHQIPCOACYCYDGGL5923";2025;4;1;5;1;41;"N";15;444;3;1;12;3;3;0;0;0;0;438000;87600;0
"NRUMCAIIBGHMQYSS0421";2025;4;1;1;1;41;"N";15;375;1;1;36;2;1;3;1;2;-9;0;0;0
"NRUMCAIIBGHMQYSS0421";2025;4;1;2;1;41;"N";15;375;2;2;30;5;3;0;0;0;0;0;0;0
"DGRONZMPCBOTHDBI8495";2025;4;1;1;1;41;"N";15;406;1;2;66;6;1;2;0;3;1321000;2462000;615500;467
"DGRONZMPCBOTHDBI8495";2025;4;1;2;1;41;"N";15;406;2;1;67;6;3;0;0;0;0;2462000;615500;0
"DGRONZMPCBOTHDBI8495";2025;4;1;3;1;41;"N";15;406;3;2;25;4;1;3;2;3;856000;2462000;615500;467
"DGRONZMPCBOTHDBI8495";2025;4;1;4;1;41;"N";15;406;3;2;32;3;1;3;2;2;285000;2462000;615500;467
"DGRONZMPCBOTHDBI8495";2025;4;2;1;1;41;"N";15;225;1;1;37;2;1;3;2;2;447000;1977000;659000;259
"DGRONZMPCBOTHDBI8495";2025;4;2;2;1;41;"N";15;225;2;2;37;5;1;2;0;2;1530000;1977000;659000;259
"DGRONZMPCBOTHDBI8495";2025;4;2;3;1;41;"N";15;225;3;2;16;3;3;0;0;0;0;1977000;659000;0
"IHBRPZVZBZIBRDJR7858";2025;4;1;1;1;41;"N";15;206;1;1;39;4;1;1;0;1;1632000;2493000;831000;237
"IHBRPZVZBZIBRDJR7858";2025;4;1;2;1;41;"N";15;206;2;2;41;6;1;2;0;2;583000;2493000;831000;237
"IHBRPZVZBZIBRDJR7858";2025;4;1;3;1;41;"N";15;206;3;1;18;6;1;3;2;2;278000;2493000;831000;237
"WDBKOSJSWTOILKFW8867";2025;4;1;1;1;41;"N";15;296;1;1;43;1;2;0;0;0;0;455000;113750;0
"WDBKOSJSWTOILKFW8867";2025;4;1;2;1;41;"N";15;296;2;2;38;6;1;2;0;2;455000;455000;113750;340
"WDBKOSJSWTOILKFW8867";2025;4;1;3;1;41;"N";15;296;3;1;14;2;3;0;0;0;0;455000;113750;0
"WDBKOSJSWTOILKFW8867";2025;4;1;4;1;41;"N";15;296;3;2;17;2;3;0;0;0;0;455000;113750;0
"ZLDHSZHQALEDKNNP6946";2025;4;1;1;1;41;"N";15;226;1;1;50;2;1;3;1;2;385000;385000;64167;260
"ZLDHSZHQALEDKNNP6946";2025;4;1;2;1;41;"N";15;226;3;2;21;5;2;0;0;0;0;385000;64167;0
"ZLDHSZHQALEDKNNP6946";2025;4;1;3;1;41;"N";15;226;3;1;22;4;3;0;0;0;0;385000;64167;0
"ZLDHSZHQALEDKNNP6946";2025;4;1;4;1;41;"N";15;226;3;1;21;5;3;0;0;0;0;385000;64167;0
"ZLDHSZHQALEDKNNP6946";2025;4;1;5;1;41;"N";15;226;3;2;21;5;2;0;0;0;0;385000;64167;0
"ZLDHSZHQALEDKNNP6946";2025;4;1;6;1;41;"N";15;226;3;2;22;5;3;0;0;0;0;385000;64167;0
"NRJSFVBBEEJQCZSP6994";2025;4;1;1;1;44;"N";17;238;1;2;72;2;3;0;0;0;0;0;0;0
"NRJSFVBBEEJQCZSP6994";2025;4;1;2;1;44;"N";17;238;2;1;71;6;3;0;0;0;0;0;0;0
"NRJSFVBBEEJQCZSP6994";2025;4;1;3;1;44;"N";17;238;3;1;51;5;1;3;1;2;-9;0;0;0
"VCUQVOJFZGPSEREA9390";2025;4;1;1;1;44;"N";17;220;1;1;78;6;1;3;2;2;2857000;3890000;1296667;257
"VCUQVOJFZGPSEREA9390";2025;4;1;2;1;44;"N";17;220;2;2;81;7;3;0;0;0;0;3890000;1296667;0
"VCUQVOJFZGPSEREA9390";2025;4;1;3;1;44;"N";17;220;3;2;39;5;1;3;1;2;1033000;3890000;1296667;257
"OJTOEZIYJOOCOOWB6238";2025;4;1;1;1;44;"N";17;204;1;1;36;3;3;0;0;0;0;657000;328500;0
"OJTOEZIYJOOCOOWB6238";2025;4;1;2;1;44;"N";17;204;2;2;36;6;1;3;1;2;657000;657000;328500;238
"WTQSFDVGFZMZAYHP5460";2025;4;1;1;1;44;"N";17;302;1;2;40;4;3;0;0;0;0;0;0;0
"FIVWLPVSXZZWTCLF2375";2025;4;1;1;1;44;"N";17;411;1;1;23;4;3;0;0;0;0;0;0;0
"FIVWLPVSXZZWTCLF2375";2025;4;1;2;1;44;"N";17;411;3;2;2;7;4;0;0;0;0;0;0;0
"FIVWLPVSXZZWTCLF2375";2025;4;1;3;1;44;"N";17;411;3;1;2;7;4;0;0;0;0;0;0;0
"FIVWLPVSXZZWTCLF2375";2025;4;1;4;1;44;"N";17;411;3;2;2;7;4;0;0;0;0;0;0;0
"FIVWLPVSXZZWTCLF2375";2025;4;1;5;1;44;"N";17;411;3;1;2;7;4;0;0;0;0;0;0;0
"FCYLDTPMYGPNHBEN9341";2025;4;1;1;1;44;"N";17;191;1;1;48;5;1;2;0;2;-9;0;0;0
"FCYLDTPMYGPNHBEN9341";2025;4;1;2;1;44;"N";17;191;2;2;43;2;3;0;0;0;0;0;0;0
"FCYLDTPMYGPNHBEN9341";2025;4;1;3;1;44;"N";17;191;3;1;23;6;3;0;0;0;0;0;0;0
"ZJLHZYYNOGUCUEYL4918";2025;4;1;1;1;44;"N";17;287;1;1;82;3;3;0;0;0;0;3360000;840000;0
"ZJLHZYYNOGUCUEYL4918";2025;4;1;2;1;44;"N";17;287;2;2;80;4;3;0;0;0;0;3360000;840000;0
"ZJLHZYYNOGUCUEYL4918";2025;4;1;3;1;44;"N";17;287;3;1;53;6;1;2;0;3;3360000;3360000;840000;335
"ZJLHZYYNOGUCUEYL4918";2025;4;1;4;1;44;"N";17;287;3;2;59;6;3;0;0;0;0;3360000;840000;0
"AJXVXEQTOURPWVJX2250";2025;4;1;1;1;44;"N";17;769;1;1;55;4;1;3;1;2;1007000;3943000;788600;898
"AJXVXEQTOURPWVJX2250";2025;4;1;2;1;44;"N";17;769;2;2;58;4;1;3;2;2;397000;3943000;788600;898
"AJXVXEQTOURPWVJX2250";2025;4;1;3;1;44;"N";17;769;5;2;24;4;1;2;0;1;604000;3943000;788600;898
"AJXVXEQTOURPWVJX2250";2025;4;1;4;1;44;"N";17;769;9;1;23;5;1;3;2;1;652000;3943000;788600;898
"AJXVXEQTOURPWVJX2250";2025;4;1;5;1;44;"N";17;769;3;2;24;5;1;3;2;1;1283000;3943000;788600;898
"BVNMXKZQTNLWKEPA2480";2025;4;1;1;1;44;"N";17;635;1;2;27;2;1;3;1;2;180000;180000;90000;741
"BVNMXKZQTNLWKEPA2480";2025;4;1;2;1;44;"N";17;635;3;1;7;1;4;0;0;0;0;180000;90000;0
"FBPTENAZSBEOKRWM4216";2025;4;1;1;1;44;"N";17;372;1;1;74;4;3;0;0;0;0;0;0;0
"JOIOUEXYUXBHOKJG8148";2025;4;1;1;1;44;"N";17;311;1;2;62;6;3;0;0;0;0;551000;275500;0
"JOIOUEXYUXBHOKJG8148";2025;4;1;2;1;44;"N";17;311;2;1;63;5;1;3;2;3;551000;551000;275500;363
"QYXZMOSBBXJVBIZR1606";2025;4;1;1;1;44;"N";17;199;1;1;80;5;3;0;0;0;0;2322000;774000;0
"QYXZMOSBBXJVBIZR1606";2025;4;1;2;1;44;"N";17;199;2;2;78;3;3;0;0;0;0;2322000;774000;0
"QYXZMOSBBXJVBIZR1606";2025;4;1;3;1;44;"N";17;199;3;1;43;6;1;2;0;2;2322000;2322000;774000;232
"BTISVLLWWHSUFPRD4351";2025;4;1;1;1;44;"N";17;417;1;1;36;4;1;2;0;2;595000;595000;595000;487
"BZGZVUPRSQCXTQQL6450";2025;4;1;1;1;44;"N";17;252;1;1;66;1;3;0;0;0;0;883000;220750;0
"BZGZVUPRSQCXTQQL6450";2025;4;1;2;1;44;"N";17;252;2;2;61;1;3;0;0;0;0;883000;220750;0
"BZGZVUPRSQCXTQQL6450";2025;4;1;3;1;44;"N";17;252;3;1;40;1;1;2;0;2;201000;883000;220750;294
"BZGZVUPRSQCXTQQL6450";2025;4;1;4;1;44;"N";17;252;3;1;31;2;1;2;0;2;682000;883000;220750;294
"TIUZFCHYUORWHMIH3560";2025;4;1;1;1;44;"N";17;229;1;1;73;2;3;0;0;0;0;3843000;960750;0
"TIUZFCHYUORWHMIH3560";2025;4;1;2;1;44;"N";17;229;9;2;42;5;2;0;0;0;0;3843000;960750;0
"TIUZFCHYUORWHMIH3560";2025;4;1;3;1;44;"N";17;229;3;1;35;4;1;3;1;1;617000;3843000;960750;267
"TIUZFCHYUORWHMIH3560";2025;4;1;4;1;44;"N";17;229;3;1;39;6;1;2;0;4;3226000;3843000;960750;267
"EYHINGDFLAUPDFIN7710";2025;4;1;1;1;44;"N";17;227;1;1;42;3;1;3;1;3;903000;2157000;719000;265
"EYHINGDFLAUPDFIN7710";2025;4;1;2;1;44;"N";17;227;2;2;46;1;1;3;2;2;-9;2157000;719000;0
"EYHINGDFLAUPDFIN7710";2025;4;1;3;1;44;"N";17;227;3;1;20;3;1;1;0;3;1254000;2157000;719000;265
"RYVTDYAUOZODMXVK1755";2025;4;1;1;1;44;"N";17;718;1;1;72;1;3;0;0;0;0;473000;118250;0
"RYVTDYAUOZODMXVK1755";2025;4;1;2;1;44;"N";17;718;2;2;71;6;3;0;0;0;0;473000;118250;0
"RYVTDYAUOZODMXVK1755";2025;4;1;3;1;44;"N";17;718;3;1;36;5;1;3;1;1;326000;473000;118250;838
"RYVTDYAUOZODMXVK1755";2025;4;1;4;1;44;"N";17;718;3;2;35;5;1;3;1;2;147000;473000;118250;838
"LLNYWEEXDSWIWKXI3947";2025;4;1;1;1;44;"N";17;210;1;2;58;1;1;3;1;3;-9;0;0;0
"DLIOPZTIIHUMCHBR7445";2025;4;1;1;1;44;"N";17;252;1;2;67;5;3;0;0;0;0;384000;192000;0
"DLIOPZTIIHUMCHBR7445";2025;4;1;2;1;44;"N";17;252;2;1;61;1;1;3;2;2;384000;384000;192000;294
"TOMUQDIKNBMLGMFF6135";2025;4;1;1;1;44;"N";17;214;1;1;35;6;1;3;1;3;1193000;1193000;1193000;250
"UGUEODJGRHWTOPWY7363";2025;4;1;1;1;44;"N";17;144;1;1;68;5;3;0;0;0;0;357000;119000;0
"UGUEODJGRHWTOPWY7363";2025;4;1;2;1;44;"N";17;144;2;2;63;2;1;3;1;2;-9;357000;119000;0
"UGUEODJGRHWTOPWY7363";2025;4;1;3;1;44;"N";17;144;3;1;37;7;1;2;0;2;357000;357000;119000;168
"XOWOYEJIYHMDNQZB2496";2025;4;1;1;1;44;"N";17;104;1;2;60;1;3;0;0;0;0;0;0;0
"PFXKCEEOLMGROGBE7036";2025;4;1;1;1;44;"N";17;250;1;2;78;1;3;0;0;0;0;2669000;444833;0
"PFXKCEEOLMGROGBE7036";2025;4;1;2;1;44;"N";17;250;2;1;84;5;3;0;0;0;0;2669000;444833;0
"PFXKCEEOLMGROGBE7036";2025;4;1;3;1;44;"N";17;250;9;1;51;5;1;3;1;3;1526000;2669000;444833;292
"PFXKCEEOLMGROGBE7036";2025;4;1;4;1;44;"N";17;250;3;2;56;1;3;0;0;0;0;2669000;444833;0
"PFXKCEEOLMGROGBE7036";2025;4;1;5;1;44;"N";17;250;3;1;31;3;1;3;1;2;343000;2669000;444833;292
"PFXKCEEOLMGROGBE7036";2025;4;1;6;1;44;"N";17;250;3;1;49;4;1;3;1;3;800000;2669000;444833;292
"LVAQGWBDCZJJOFEV8901";2025;4;1;1;1;44;"N";17;323;1;1;63;2;1;3;2;2;339000;1706000;426500;377
"LVAQGWBDCZJJOFEV8901";2025;4;1;2;1;44;"N";17;323;2;2;58;3;1;2;0;1;171000;1706000;426500;377
"LVAQGWBDCZJJOFEV8901";2025;4;1;3;1;44;"N";17;323;3;1;38;3;1;2;0;3;184000;1706000;426500;377
"LVAQGWBDCZJJOFEV8901";2025;4;1;4;1;44;"N";17;323;3;1;32;6;1;3;1;2;1012000;1706000;426500;377
"IVELPKXIBGTBSBAA6588";2025;4;1;1;1;44;"N";17;342;1;1;57;5;1;3;1;3;422000;422000;211000;399
"IVELPKXIBGTBSBAA6588";2025;4;1;2;1;44;"N";17;342;2;2;55;3;3;0;0;0;0;422000;211000;0
"KJZRFFXKVACUEGMD8124";2025;4;1;1;1;44;"N";17;286;1;1;46;4;1;3;1;1;-9;362000;181000;0
"KJZRFFXKVACUEGMD8124";2025;4;1;2;1;44;"N";17;286;2;2;43;6;1;3;1;2;362000;362000;181000;334
"XZKUZODMLPGPQTSS5251";2025;4;1;1;1;44;"N";17;371;1;1;27;6;2;0;0;0;0;0;0;0
"XZKUZODMLPGPQTSS5251";2025;4;1;2;1;44;"N";17;371;2;2;32;5;3;0;0;0;0;0;0;0
"XZKUZODMLPGPQTSS5251";2025;4;1;3;1;44;"N";17;371;3;2;5;1;4;0;0;0;0;0;0;0
"XZKUZODMLPGPQTSS5251";2025;4;1;4;1;44;"N";17;371;3;2;6;1;4;0;0;0;0;0;0;0
"XZKUZODMLPGPQTSS5251";2025;4;1;5;1;44;"N";17;371;5;1;6;1;4;0;0;0;0;0;0;0
"ZYMLWJKICCZSKZJR2074";2025;4;1;1;1;44;"N";17;106;1;1;36;3;1;1;0;1;292000;703000;351500;124
"ZYMLWJKICCZSKZJR2074";2025;4;1;2;1;44;"N";17;106;2;2;33;1;1;3;1;2;411000;703000;351500;124
"VMEXMBKJZTEQCNAL6023";2025;4;1;1;1;44;"N";17;171;1;1;30;4;1;3;1;3;1803000;2743000;685750;200
"VMEXMBKJZTEQCNAL6023";2025;4;1;2;1;44;"N";17;171;2;2;34;4;1;3;1;2;940000;2743000;685750;200
"VMEXMBKJZTEQCNAL6023";2025;4;1;3;1;44;"N";17;171;3;2;6;1;4;0;0;0;0;2743000;685750;0
"VMEXMBKJZTEQCNAL6023";2025;4;1;4;1;44;"N";17;171;3;1;9;1;4;0;0;0;0;2743000;685750;0
"VMEXMBKJZTEQCNAL6023";2025;4;2;1;1;44;"N";17;295;1;2;79;3;3;0;0;0;0;0;0;0
"VMEXMBKJZTEQCNAL6023";2025;4;2;2;1;44;"N";17;295;2;1;78;4;3;0;0;0;0;0;0;0
"PAJCDZVNHAYMIQOB9359";2025;4;1;1;1;44;"N";17;204;1;2;40;5;3;0;0;0;0;456000;91200;0
"PAJCDZVNHAYMIQOB9359";2025;4;1;2;1;44;"N";17;204;2;1;41;6;1;2;0;3;456000;456000;91200;238
"PAJCDZVNHAYMIQOB9359";2025;4;1;3;1;44;"N";17;204;3;1;13;3;3;0;0;0;0;456000;91200;0
"PAJCDZVNHAYMIQOB9359";2025;4;1;4;1;44;"N";17;204;3;2;16;3;3;0;0;0;0;456000;91200;0
"PAJCDZVNHAYMIQOB9359";2025;4;1;5;1;44;"N";17;204;3;2;12;3;3;0;0;0;0;456000;91200;0
"ZHXGSTTSDSIYUMUG7261";2025;4;1;1;1;44;"N";17;354;1;1;37;5;1;3;2;2;1193000;1193000;397667;413
"ZHXGSTTSDSIYUMUG7261";2025;4;1;2;1;44;"N";17;354;2;2;36;6;1;3;1;2;-9;1193000;397667;0
"ZHXGSTTSDSIYUMUG7261";2025;4;1;3;1;44;"N";17;354;3;1;12;3;3;0;0;0;0;1193000;397667;0
"IHYBECNIPOWOWRSC5250";2025;4;1;1;1;44;"N";17;167;1;1;24;4;1;1;0;3;3341000;3341000;3341000;195
"UBTKHMUPNONJCZNH4562";2025;4;1;1;1;44;"N";17;325;1;2;32;5;1;2;0;2;202000;743000;371500;379
"UBTKHMUPNONJCZNH4562";2025;4;1;2;1;44;"N";17;325;2;1;38;7;1;2;0;2;541000;743000;371500;379
"BVWPJGTWSKDNUGCO8002";2025;4;1;1;1;44;"N";17;332;1;1;66;5;1;3;1;4;4857000;7750000;2583333;387
"BVWPJGTWSKDNUGCO8002";2025;4;1;2;1;44;"N";17;332;2;2;71;3;3;0;0;0;0;7750000;2583333;0
"BVWPJGTWSKDNUGCO8002";2025;4;1;3;1;44;"N";17;332;3;2;25;6;1;3;1;2;2893000;7750000;2583333;387
"PEQCSDFXYYCTNXLK9143";2025;4;1;1;1;44;"N";17;199;1;2;22;2;3;0;0;0;0;0;0;0
"FCMLPMYXAAWEHEGN9004";2025;4;1;1;1;44;"N";17;203;1;2;61;3;3;0;0;0;0;2723000;680750;0
"FCMLPMYXAAWEHEGN9004";2025;4;1;2;1;44;"N";17;203;2;1;57;6;3;0;0;0;0;2723000;680750;0
"FCMLPMYXAAWEHEGN9004";2025;4;1;3;1;44;"N";17;203;3;1;31;6;1;3;2;2;2617000;2723000;680750;237
"FCMLPMYXAAWEHEGN9004";2025;4;1;4;1;44;"N";17;203;3;1;27;1;1;3;1;2;106000;2723000;680750;237
"QSWEDJBWMIDZGRNW4666";2025;4;1;1;1;44;"N";17;249;1;1;72;6;3;0;0;0;0;1589000;264833;0
"QSWEDJBWMIDZGRNW4666";2025;4;1;2;1;44;"N";17;249;2;2;68;6;1;2;0;3;-9;1589000;264833;0
"QSWEDJBWMIDZGRNW4666";2025;4;1;3;1;44;"N";17;249;3;2;32;1;1;3;1;3;615000;1589000;264833;291
"QSWEDJBWMIDZGRNW4666";2025;4;1;4;1;44;"N";17;249;9;2;51;7;1;3;1;2;272000;1589000;264833;291
"QSWEDJBWMIDZGRNW4666";2025;4;1;5;1;44;"N";17;249;3;1;30;4;1;2;0;3;702000;1589000;264833;291
"QSWEDJBWMIDZGRNW4666";2025;4;1;6;1;44;"N";17;249;3;2;33;5;3;0;0;0;0;1589000;264833;0
"MWURQSRUJXSPWRQT1260";2025;4;1;1;1;44;"N";17;704;1;2;34;5;3;0;0;0;0;214000;107000;0
"MWURQSRUJXSPWRQT1260";2025;4;1;2;1;44;"N";17;704;2;1;38;4;1;3;1;2;214000;214000;107000;822
"ZVDQBPPWNUECPYAR4774";2025;4;1;1;1;44;"N";17;225;1;1;53;3;3;0;0;0;0;0;0;0
"ZVDQBPPWNUECPYAR4774";2025;4;1;2;1;44;"N";17;225;2;2;54;6;3;0;0;0;0;0;0;0
"ZTOUOJHQYWFFRKFX9643";2025;4;1;1;1;44;"N";17;341;1;2;59;2;1;2;0;2;1320000;2784000;464000;398
"ZTOUOJHQYWFFRKFX9643";2025;4;1;2;1;44;"N";17;341;2;1;58;1;1;3;1;3;735000;2784000;464000;398
"ZTOUOJHQYWFFRKFX9643";2025;4;1;3;1;44;"N";17;341;3;1;34;2;3;0;0;0;0;2784000;464000;0
"ZTOUOJHQYWFFRKFX9643";2025;4;1;4;1;44;"N";17;341;5;1;29;4;1;3;1;2;729000;2784000;464000;398
"ZTOUOJHQYWFFRKFX9643";2025;4;1;5;1;44;"N";17;341;3;2;33;1;3;0;0;0;0;2784000;464000;0
"ZTOUOJHQYWFFRKFX9643";2025;4;1;6;1;44;"N";17;341;3;2;35;4;3;0;0;0;0;2784000;464000;0
"JQUMDLOZPBBYMVLC7246";2025;4;1;1;1;44;"N";17;223;1;1;53;5;3;0;0;0;0;190000;47500;0
"JQUMDLOZPBBYMVLC7246";2025;4;1;2;1;44;"N";17;223;3;1;23;4;3;0;0;0;0;190000;47500;0
"JQUMDLOZPBBYMVLC7246";2025;4;1;3;1;44;"N";17;223;3;2;24;4;3;0;0;0;0;190000;47500;0
"JQUMDLOZPBBYMVLC7246";2025;4;1;4;1;44;"N";17;223;3;2;29;6;1;3;2;1;190000;190000;47500;260
"PUCGKBBBARTRRADT1582";2025;4;1;1;1;44;"N";17;271;1;1;52;3;1;3;2;2;237000;237000;118500;316
"PUCGKBBBARTRRADT1582";2025;4;1;2;1;44;"N";17;271;2;2;51;4;3;0;0;0;0;237000;118500;0
"XZYACXPXTYPOSNJU8221";2025;4;1;1;1;44;"N";17;645;1;1;60;5;1;3;1;3;-9;72000;24000;0
"XZYACXPXTYPOSNJU8221";2025;4;1;2;1;44;"N";17;645;2;2;54;7;1;3;1;3;72000;72000;24000;753
"XZYACXPXTYPOSNJU8221";2025;4;1;3;1;44;"N";17;645;3;2;35;4;1;3;2;2;-9;72000;24000;0
"NZUBACQHEJVSACIU4361";2025;4;1;1;1;40;"N";18;362;1;2;38;4;1;3;1;1;1483000;1483000;494333;671
"NZUBACQHEJVSACIU4361";2025;4;1;2;1;40;"N";18;362;3;1;11;1;3;0;0;0;0;1483000;494333;0
"NZUBACQHEJVSACIU4361";2025;4;1;3;1;40;"N";18;362;3;1;10;1;3;0;0;0;0;1483000;494333;0
"NJGYDTFUFCZZIUKY6075";2025;4;1;1;1;40;"N";18;480;1;2;60;1;3;0;0;0;0;497000;82833;0
"NJGYDTFUFCZZIUKY6075";2025;4;1;2;1;40;"N";18;480;3;2;36;3;3;0;0;0;0;497000;82833;0
"NJGYDTFUFCZZIUKY6075";2025;4;1;3;1;40;"N";18;480;3;2;35;2;1;2;0;3;497000;497000;82833;889
"NJGYDTFUFCZZIUKY6075";2025;4;1;4;1;40;"N";18;480;3;1;25;2;1;3;2;2;-9;497000;82833;0
"NJGYDTFUFCZZIUKY6075";2025;4;1;5;1;40;"N";18;480;3;2;34;6;1;3;2;2;-9;497000;82833;0
"NJGYDTFUFCZZIUKY6075";2025;4;1;6;1;40;"N";18;480;3;2;32;2;1;3;1;3;-9;497000;82833;0
"XFWGRHDCLFCHIJGZ4806";2025;4;1;1;1;40;"N";18;150;1;2;58;3;3;0;0;0;0;0;0;0
"XFWGRHDCLFCHIJGZ4806";2025;4;1;2;1;40;"N";18;150;2;1;56;4;3;0;0;0;0;0;0;0
"ZBZZWDJEUUJWCUPJ8143";2025;4;1;1;1;40;"N";18;325;1;1;64;1;1;3;1;3;379000;620000;155000;602
"ZBZZWDJEUUJWCUPJ8143";2025;4;1;2;1;40;"N";18;325;2;2;63;6;3;0;0;0;0;620000;155000;0
"ZBZZWDJEUUJWCUPJ8143";2025;4;1;3;1;40;"N";18;325;3;2;43;3;1;2;0;2;241000;620000;155000;602
"ZBZZWDJEUUJWCUPJ8143";2025;4;1;4;1;40;"N";18;325;3;2;30;5;1;1;0;2;-9;620000;155000;0
"XMZAPOYCGFBQSJVX0026";2025;4;1;1;1;40;"N";18;280;1;2;46;3;1;3;2;3;844000;1074000;537000;519
"XMZAPOYCGFBQSJVX0026";2025;4;1;2;1;40;"N";18;280;3;1;19;4;1;3;1;3;230000;1074000;537000;519
"VINKVNJSWPJHVSLT6424";2025;4;1;1;1;40;"N";18;233;1;2;82;4;3;0;0;0;0;306000;153000;0
"VINKVNJSWPJHVSLT6424";2025;4;1;2;1;40;"N";18;233;3;2;40;3;1;3;2;2;306000;306000;153000;432
"QFMSPYLWQBWDXHNV7047";2025;4;1;1;1;40;"N";18;441;1;1;47;3;1;3;1;1;-9;0;0;0
"QFMSPYLWQBWDXHNV7047";2025;4;1;2;1;40;"N";18;441;2;2;50;3;3;0;0;0;0;0;0;0
"QFMSPYLWQBWDXHNV7047";2025;4;1;3;1;40;"N";18;441;9;2;19;4;3;0;0;0;0;0;0;0
"RKICAEDESPPHQODC4139";2025;4;1;1;1;40;"N";18;322;1;1;40;3;1;1;0;3;-9;0;0;0
"RKICAEDESPPHQODC4139";2025;4;1;2;1;40;"N";18;322;2;2;45;6;3;0;0;0;0;0;0;0
"CRQIDUFAXEQEFHMB5687";2025;4;1;1;1;40;"N";18;168;1;2;65;6;3;0;0;0;0;0;0;0
"IAEZTEJQRBKFRDTN1027";2025;4;1;1;1;40;"N";18;167;1;2;38;2;3;0;0;0;0;0;0;0
"MFURXJUVXOYYOWQW4025";2025;4;1;1;1;40;"N";18;323;1;2;44;4;1;2;0;2;-9;915000;183000;0
"MFURXJUVXOYYOWQW4025";2025;4;1;2;1;40;"N";18;323;2;1;38;1;1;3;2;3;528000;915000;183000;599
"MFURXJUVXOYYOWQW4025";2025;4;1;3;1;40;"N";18;323;3;2;21;5;3;0;0;0;0;915000;183000;0
"MFURXJUVXOYYOWQW4025";2025;4;1;4;1;40;"N";18;323;3;1;19;5;1;3;1;3;387000;915000;183000;599
"MFURXJUVXOYYOWQW4025";2025;4;1;5;1;40;"N";18;323;3;1;13;2;3;0;0;0;0;915000;183000;0
"QDTNDWXJEOEDUCPB5459";2025;4;1;1;1;40;"N";18;223;1;2;82;3;3;0;0;0;0;1557000;259500;0
"QDTNDWXJEOEDUCPB5459";2025;4;1;2;1;40;"N";18;223;2;1;85;5;3;0;0;0;0;1557000;259500;0
"QDTNDWXJEOEDUCPB5459";2025;4;1;3;1;40;"N";18;223;3;1;53;4;1;3;1;3;-9;1557000;259500;0
"QDTNDWXJEOEDUCPB5459";2025;4;1;4;1;40;"N";18;223;3;2;51;4;1;3;1;2;158000;1557000;259500;413
"QDTNDWXJEOEDUCPB5459";2025;4;1;5;1;40;"N";18;223;3;2;50;3;3;0;0;0;0;1557000;259500;0
"QDTNDWXJEOEDUCPB5459";2025;4;1;6;1;40;"N";18;223;3;2;58;2;1;3;1;3;1399000;1557000;259500;413
"TSEMHIQUMVXQPTVT3345";2025;4;1;1;1;40;"N";18;173;1;2;52;2;1;3;2;3;-9;672000;224000;0
"TSEMHIQUMVXQPTVT3345";2025;4;1;2;1;40;"N";18;173;3;2;23;5;3;0;0;0;0;672000;224000;0
"TSEMHIQUMVXQPTVT3345";2025;4;1;3;1;40;"N";18;173;3;2;20;5;1;3;2;2;672000;672000;224000;321
"WONLIRXFBNFCMLWQ5059";2025;4;1;1;1;40;"N";18;327;1;2;60;1;3;0;0;0;0;0;0;0
"WONLIRXFBNFCMLWQ5059";2025;4;1;2;1;40;"N";18;327;3;1;39;2;1;3;2;1;-9;0;0;0
"DUXGYJZUVDJUSELG5348";2025;4;1;1;1;40;"N";18;337;1;2;65;4;3;0;0;0;0;424000;106000;0
"DUXGYJZUVDJUSELG5348";2025;4;1;2;1;40;"N";18;337;5;1;34;1;1;2;0;1;-9;424000;106000;0
"DUXGYJZUVDJUSELG5348";2025;4;1;3;1;40;"N";18;337;3;1;39;1;1;3;2;2;-9;424000;106000;0
"DUXGYJZUVDJUSELG5348";2025;4;1;4;1;40;"N";18;337;3;2;38;3;1;3;1;2;424000;424000;106000;624
"RERAYTCCQMUFQJCV1340";2025;4;1;1;1;40;"N";18;206;1;2;54;4;1;3;2;2;459000;459000;229500;382
"RERAYTCCQMUFQJCV1340";2025;4;1;2;1;40;"N";18;206;2;1;55;1;1;3;2;2;-9;459000;229500;0
"KQNULEESJLWZUXEZ9463";2025;4;1;1;1;40;"N";18;189;1;1;48;5;3;0;0;0;0;0;0;0
"IKFMDKXEIYYGHWWE0545";2025;4;1;1;1;40;"N";18;560;1;2;33;6;1;3;2;1;677000;677000;338500;1038
"IKFMDKXEIYYGHWWE0545";2025;4;1;2;1;40;"N";18;560;2;1;30;5;1;3;1;2;-9;677000;338500;0
"SPLXPUSCCJDRTTUL2089";2025;4;1;1;1;40;"N";18;196;1;2;29;3;3;0;0;0;0;1583000;395750;0
"SPLXPUSCCJDRTTUL2089";2025;4;1;2;1;40;"N";18;196;2;1;33;2;1;3;2;2;1583000;1583000;395750;363
"SPLXPUSCCJDRTTUL2089";2025;4;1;3;1;40;"N";18;196;3;1;7;7;4;0;0;0;0;1583000;395750;0
"SPLXPUSCCJDRTTUL2089";2025;4;1;4;1;40;"N";18;196;3;1;7;1;4;0;0;0;0;1583000;395750;0
"OUKTYSWPIFXTZEML9740";2025;4;1;1;1;40;"N";18;216;1;1;53;6;3;0;0;0;0;3676000;919000;0
"OUKTYSWPIFXTZEML9740";2025;4;1;2;1;40;"N";18;216;2;2;52;4;1;1;0;2;-9;3676000;919000;0
"OUKTYSWPIFXTZEML9740";2025;4;1;3;1;40;"N";18;216;3;1;33;5;1;3;1;3;2126000;3676000;919000;400
"OUKTYSWPIFXTZEML9740";2025;4;1;4;1;40;"N";18;216;3;1;20;5;1;1;0;2;1550000;3676000;919000;400
"XPGCBAYXYJXQMYNY8071";2025;4;1;1;1;40;"N";18;266;1;2;66;6;1;3;1;2;-9;1840000;920000;0
"XPGCBAYXYJXQMYNY8071";2025;4;1;2;1;40;"N";18;266;3;2;45;3;1;1;0;3;1840000;1840000;920000;493
"CMXSERYUJMRPUYDV8081";2025;4;1;1;1;40;"N";18;248;1;1;25;6;1;3;1;2;520000;520000;86667;460
"CMXSERYUJMRPUYDV8081";2025;4;1;2;1;40;"N";18;248;2;2;22;5;3;0;0;0;0;520000;86667;0
"CMXSERYUJMRPUYDV8081";2025;4;1;3;1;40;"N";18;248;3;1;4;7;4;0;0;0;0;520000;86667;0
"CMXSERYUJMRPUYDV8081";2025;4;1;4;1;40;"N";18;248;3;2;5;1;4;0;0;0;0;520000;86667;0
"CMXSERYUJMRPUYDV8081";2025;4;1;5;1;40;"N";18;248;3;2;5;1;4;0;0;0;0;520000;86667;0
"CMXSERYUJMRPUYDV8081";2025;4;1;6;1;40;"N";18;248;5;2;3;7;4;0;0;0;0;520000;86667;0
"VOOYNVENUXFVIVTW3194";2025;4;1;1;1;40;"N";18;263;1;2;49;5;3;0;0;0;0;0;0;0
"JYCKQPTBOXPJDRCW1132";2025;4;1;1;1;40;"N";18;180;1;2;34;2;3;0;0;0;0;0;0;0
"JYCKQPTBOXPJDRCW1132";2025;4;1;2;1;40;"N";18;180;3;2;10;1;3;0;0;0;0;0;0;0
"JYCKQPTBOXPJDRCW1132";2025;4;1;3;1;40;"N";18;180;3;2;10;1;3;0;0;0;0;0;0;0
"DOMPMGXFHTUUYDXQ3876";2025;4;1;1;1;40;"N";18;215;1;1;73;2;1;3;2;2;1317000;1317000;1317000;398
"RCDPQNFAADDSXBWO4223";2025;4;1;1;1;40;"N";18;288;1;2;57;3;3;0;0;0;0;0;0;0
"OHISIOAMKLBJKGWS9369";2025;4;1;1;1;40;"N";18;286;1;2;24;4;1;3;2;1;313000;313000;156500;530
"OHISIOAMKLBJKGWS9369";2025;4;1;2;1;40;"N";18;286;9;2;4;7;4;0;0;0;0;313000;156500;0
"WVOUPNKAKWHBNLPC7656";2025;4;1;1;1;40;"N";18;359;1;2;47;6;3;0;0;0;0;1820000;455000;0
"WVOUPNKAKWHBNLPC7656";2025;4;1;2;1;40;"N";18;359;3;1;16;3;1;3;1;2;216000;1820000;455000;665
"WVOUPNKAKWHBNLPC7656";2025;4;1;3;1;40;"N";18;359;5;2;23;5;1;2;0;2;-9;1820000;455000;0
"WVOUPNKAKWHBNLPC7656";2025;4;1;4;1;40;"N";18;359;3;1;19;5;1;3;1;2;1604000;1820000;455000;665
"IXCQTQOWGWRRYSRA3566";2025;4;1;1;1;40;"N";18;301;1;1;31;6;1;2;0;2;387000;387000;193500;558
"IXCQTQOWGWRRYSRA3566";2025;4;1;2;1;40;"N";18;301;2;2;32;6;3;0;0;0;0;387000;193500;0
"IXCQTQOWGWRRYSRA3566";2025;4;2;1;1;40;"N";18;280;1;1;47;6;3;0;0;0;0;0;0;0
"ODOJSFNKTUHTKESU3627";2025;4;1;1;1;40;"N";18;202;1;2;38;6;1;1;0;2;-9;0;0;0
"ODOJSFNKTUHTKESU3627";2025;4;1;2;1;40;"N";18;202;2;1;34;6;1;2;0;2;-9;0;0;0
"EVQVQNMGQGVRRLNF1858";2025;4;1;1;1;40;"N";18;234;1;1;63;6;3;0;0;0;0;327000;109000;0
"EVQVQNMGQGVRRLNF1858";2025;4;1;2;1;40;"N";18;234;2;2;59;1;3;0;0;0;0;327000;109000;0
"EVQVQNMGQGVRRLNF1858";2025;4;1;3;1;40;"N";18;234;3;1;31;2;1;3;1;2;327000;327000;109000;434
"TPHHPTRQHXEEZXVB2406";2025;4;1;1;1;40;"N";18;409;1;2;45;6;3;0;0;0;0;0;0;0
"TPHHPTRQHXEEZXVB2406";2025;4;1;2;1;40;"N";18;409;2;1;51;2;1;3;2;2;-9;0;0;0
"RZROEWRNHUSXXIXY0755";2025;4;1;1;1;40;"N";18;559;1;2;61;3;1;3;2;2;609000;609000;203000;1036
"RZROEWRNHUSXXIXY0755";2025;4;1;2;1;40;"N";18;559;3;1;25;2;2;0;0;0;0;609000;203000;0
"RZROEWRNHUSXXIXY0755";2025;4;1;3;1;40;"N";18;559;3;2;32;5;1;3;1;2;-9;609000;203000;0
"SZGYXTQOICBJEHYU5863";2025;4;1;1;1;40;"N";18;184;1;1;60;3;1;2;0;2;-9;598000;149500;0
"SZGYXTQOICBJEHYU5863";2025;4;1;2;1;40;"N";18;184;3;1;30;3;1;2;0;2;598000;598000;149500;341
"SZGYXTQOICBJEHYU5863";2025;4;1;3;1;40;"N";18;184;3;2;27;2;2;0;0;0;0;598000;149500;0
"SZGYXTQOICBJEHYU5863";2025;4;1;4;1;40;"N";18;184;3;1;38;6;1;3;2;2;-9;598000;149500;0
"EPLIQEBUSWSISRGK3230";2025;4;1;1;1;40;"N";18;205;1;1;49;6;1;3;2;1;4158000;4158000;2079000;380
"EPLIQEBUSWSISRGK3230";2025;4;1;2;1;40;"N";18;205;3;2;20;5;3;0;0;0;0;4158000;2079000;0
"OZIRCPMKGAXNWEEO2112";2025;4;1;1;1;40;"N";18;286;1;2;76;2;3;0;0;0;0;622000;155500;0
"OZIRCPMKGAXNWEEO2112";2025;4;1;2;1;40;"N";18;286;5;1;48;4;1;2;0;2;-9;622000;155500;0
"OZIRCPMKGAXNWEEO2112";2025;4;1;3;1;40;"N";18;286;3;2;48;6;3;0;0;0;0;622000;155500;0
"OZIRCPMKGAXNWEEO2112";2025;4;1;4;1;40;"N";18;286;3;2;53;4;1;2;0;2;622000;622000;155500;530
"OUUEWTDKUHDSVWQC6867";2025;4;1;1;1;40;"N";18;594;1;2;75;3;3;0;0;0;0;0;0;0
"OUUEWTDKUHDSVWQC6867";2025;4;1;2;1;40;"N";18;594;5;1;51;5;1;3;1;2;-9;0;0;0
"OUUEWTDKUHDSVWQC6867";2025;4;1;3;1;40;"N";18;594;3;1;31;1;3;0;0;0;0;0;0;0
"OUUEWTDKUHDSVWQC6867";2025;4;1;4;1;40;"N";18;594;9;2;45;5;1;2;0;2;-9;0;0;0
"QFVIBFFISPCWGCRI2668";2025;4;1;1;1;40;"N";18;387;1;1;30;1;1;2;0;1;999000;1499000;249833;717
"QFVIBFFISPCWGCRI2668";2025;4;1;2;1;40;"N";18;387;2;2;29;3;1;1;0;3;500000;1499000;249833;717
"QFVIBFFISPCWGCRI2668";2025;4;1;3;1;40;"N";18;387;3;2;8;1;4;0;0;0;0;1499000;249833;0
"QFVIBFFISPCWGCRI2668";2025;4;1;4;1;40;"N";18;387;3;1;8;1;4;0;0;0;0;1499000;249833;0
"QFVIBFFISPCWGCRI2668";2025;4;1;5;1;40;"N";18;387;5;2;6;1;4;0;0;0;0;1499000;249833;0
"QFVIBFFISPCWGCRI2668";2025;4;1;6;1;40;"N";18;387;3;1;6;1;4;0;0;0;0;1499000;249833;0
"CBSFPSNBZKCFPGWB1412";2025;4;1;1;1;40;"N";18;346;1;1;38;1;1;3;2;1;552000;552000;138000;641
"CBSFPSNBZKCFPGWB1412";2025;4;1;2;1;40;"N";18;346;2;2;39;6;3;0;0;0;0;552000;138000;0
"CBSFPSNBZKCFPGWB1412";2025;4;1;3;1;40;"N";18;346;3;1;10;1;3;0;0;0;0;552000;138000;0
"CBSFPSNBZKCFPGWB1412";2025;4;1;4;1;40;"N";18;346;3;2;12;2;3;0;0;0;0;552000;138000;0
"KDZIKUERBRBICNFS4797";2025;4;1;1;1;40;"N";18;311;1;1;25;3;1;2;0;1;278000;1294000;323500;576
"KDZIKUERBRBICNFS4797";2025;4;1;2;1;40;"N";18;311;2;2;31;6;1;3;1;3;1016000;1294000;323500;576
"KDZIKUERBRBICNFS4797";2025;4;1;3;1;40;"N";18;311;3;1;4;7;4;0;0;0;0;1294000;323500;0
"KDZIKUERBRBICNFS4797";2025;4;1;4;1;40;"N";18;311;3;2;3;7;4;0;0;0;0;1294000;323500;0
"WHEJSCSZKKAGWBYX1144";2025;4;1;1;1;40;"N";18;345;1;2;38;4;3;0;0;0;0;0;0;0
"WHEJSCSZKKAGWBYX1144";2025;4;1;2;1;40;"N";18;345;2;1;36;3;3;0;0;0;0;0;0;0
"WHEJSCSZKKAGWBYX1144";2025;4;1;3;1;40;"N";18;345;3;1;15;3;3;0;0;0;0;0;0;0
"WHEJSCSZKKAGWBYX1144";2025;4;1;4;1;40;"N";18;345;3;1;18;5;3;0;0;0;0;0;0;0
"ODLBCAZQPVJFYJHW7991";2025;4;1;1;1;40;"N";18;344;1;1;39;4;1;2;0;3;-9;0;0;0
"ODLBCAZQPVJFYJHW7991";2025;4;1;2;1;40;"N";18;344;2;2;33;3;2;0;0;0;0;0;0;0
"JBGUNIIWXTHIWCLX1398";2025;4;1;1;1;40;"N";18;319;1;1;24;5;1;3;1;2;483000;483000;241500;591
"JBGUNIIWXTHIWCLX1398";2025;4;1;2;1;40;"N";18;319;3;1;3;7;4;0;0;0;0;483000;241500;0
"OQUBAVNNBLBGURRE8050";2025;4;1;1;1;40;"N";18;348;1;1;57;6;3;0;0;0;0;0;0;0
"OQUBAVNNBLBGURRE8050";2025;4;1;2;1;40;"N";18;348;2;2;59;4;3;0;0;0;0;0;0;0
"OQUBAVNNBLBGURRE8050";2025;4;1;3;1;40;"N";18;348;3;2;31;4;3;0;0;0;0;0;0;0
"OQUBAVNNBLBGURRE8050";2025;4;1;4;1;40;"N";18;348;3;1;31;4;1;2;0;2;-9;0;0;0
"RXJDCRFADQYMURUV6175";2025;4;1;1;1;40;"N";18;424;1;2;40;4;3;0;0;0;0;222000;111000;0
"RXJDCRFADQYMURUV6175";2025;4;1;2;1;40;"N";18;424;2;1;38;1;1;2;0;4;222000;222000;111000;786
"BCABITIBEYBUZZNP2839";2025;4;1;1;1;40;"N";18;227;1;1;22;4;2;0;0;0;0;0;0;0
"BCABITIBEYBUZZNP2839";2025;4;1;2;1;40;"N";18;227;3;1;-1;7;4;0;0;0;0;0;0;0
"BCABITIBEYBUZZNP2839";2025;4;1;3;1;40;"N";18;227;3;2;2;7;4;0;0;0;0;0;0;0
"BCABITIBEYBUZZNP2839";2025;4;1;4;1;40;"N";18;227;3;2;2;7;4;0;0;0;0;0;0;0
"OEAMCZDVXBFUZXOM6022";2025;4;1;1;1;40;"N";18;242;1;1;24;4;2;0;0;0;0;0;0;0
"OEAMCZDVXBFUZXOM6022";2025;4;1;2;1;40;"N";18;242;3;1;4;7;4;0;0;0;0;0;0;0
"OEAMCZDVXBFUZXOM6022";2025;4;1;3;1;40;"N";18;242;3;1;4;7;4;0;0;0;0;0;0;0
"ZMUSUTTKBXEJSRTJ2855";2025;4;1;1;1;40;"N";18;461;1;1;62;4;1;3;1;3;-9;0;0;0
"ZMUSUTTKBXEJSRTJ2855";2025;4;1;2;1;40;"N";18;461;2;2;64;6;3;0;0;0;0;0;0;0
"ZMUSUTTKBXEJSRTJ2855";2025;4;1;3;1;40;"N";18;461;3;2;27;7;1;3;1;2;-9;0;0;0
"XJLJUDNBDOZVCNPN8993";2025;4;1;1;1;40;"N";18;129;1;2;22;4;1;3;1;2;-9;0;0;0
"XJLJUDNBDOZVCNPN8993";2025;4;1;2;1;40;"N";18;129;3;1;2;7;4;0;0;0;0;0;0;0
"XJLJUDNBDOZVCNPN8993";2025;4;1;3;1;40;"N";18;129;3;2;2;7;4;0;0;0;0;0;0;0
"XJLJUDNBDOZVCNPN8993";2025;4;1;4;1;40;"N";18;129;3;1;2;7;4;0;0;0;0;0;0;0
"XJLJUDNBDOZVCNPN8993";2025;4;1;5;1;40;"N";18;129;3;2;2;7;4;0;0;0;0;0;0;0
"XJLJUDNBDOZVCNPN8993";2025;4;1;6;1;40;"N";18;129;3;1;-1;7;4;0;0;0;0;0;0;0
"UZOUTRMAHJFSEQJN1431";2025;4;1;1;1;40;"N";18;195;1;1;78;5;3;0;0;0;0;0;0;0
"UZOUTRMAHJFSEQJN1431";2025;4;1;2;1;40;"N";18;195;2;2;81;3;3;0;0;0;0;0;0;0
"UZOUTRMAHJFSEQJN1431";2025;4;1;3;1;40;"N";18;195;3;2;33;3;1;3;2;3;-9;0;0;0
"ASKARSHJLDPRJSJY6058";2025;4;1;1;1;40;"N";18;358;1;2;44;4;1;2;0;2;600000;600000;150000;663
"ASKARSHJLDPRJSJY6058";2025;4;1;2;1;40;"N";18;358;2;1;41;1;3;0;0;0;0;600000;150000;0
"ASKARSHJLDPRJSJY6058";2025;4;1;3;1;40;"N";18;358;3;1;13;2;3;0;0;0;0;600000;150000;0
"ASKARSHJLDPRJSJY6058";2025;4;1;4;1;40;"N";18;358;3;1;15;3;3;0;0;0;0;600000;150000;0
"SMRRRGZHZVZXDUMW8382";2025;4;1;1;1;40;"N";18;250;1;2;71;6;3;0;0;0;0;0;0;0
"MZZCAGGJNZXHIAXT8248";2025;4;1;1;1;40;"N";18;184;1;2;71;5;3;0;0;0;0;0;0;0
"JSNRMLMGERVAUUMV8657";2025;4;1;1;1;40;"N";18;202;1;1;41;6;1;3;1;3;815000;1574000;393500;374
"JSNRMLMGERVAUUMV8657";2025;4;1;2;1;40;"N";18;202;2;2;42;4;1;3;1;3;759000;1574000;393500;374
"JSNRMLMGERVAUUMV8657";2025;4;1;3;1;40;"N";18;202;3;1;21;4;3;0;0;0;0;1574000;393500;0
"JSNRMLMGERVAUUMV8657";2025;4;1;4;1;40;"N";18;202;5;2;14;3;3;0;0;0;0;1574000;393500;0
"IMHEYYTEGQZXKRPP5083";2025;4;1;1;1;40;"N";18;238;1;1;49;5;3;0;0;0;0;0;0;0
"IMHEYYTEGQZXKRPP5083";2025;4;1;2;1;40;"N";18;238;2;2;50;6;3;0;0;0;0;0;0;0
"RJAZCGZLKELAFURT8032";2025;4;1;1;1;40;"N";18;266;1;1;52;6;1;3;2;1;958000;958000;479000;493
"RJAZCGZLKELAFURT8032";2025;4;1;2;1;40;"N";18;266;2;2;53;4;0;0;0;0;0;958000;479000;0
"JCHUWKPJUFYBCMFQ4592";2025;4;1;1;1;40;"N";18;450;1;1;24;3;3;0;0;0;0;0;0;0
"JCHUWKPJUFYBCMFQ4592";2025;4;2;1;1;40;"N";18;108;1;2;49;3;1;3;1;2;494000;3153000;1051000;200
"JCHUWKPJUFYBCMFQ4592";2025;4;2;2;1;40;"N";18;108;2;1;48;2;1;1;0;1;2659000;3153000;1051000;200
"JCHUWKPJUFYBCMFQ4592";2025;4;2;3;1;40;"N";18;108;9;2;15;1;3;0;0;0;0;3153000;1051000;0
"LCRMXLUWYOTJMRKR4527";2025;4;1;1;1;40;"N";18;213;1;2;28;2;1;2;0;2;233000;1569000;523000;395
"LCRMXLUWYOTJMRKR4527";2025;4;1;2;1;40;"N";18;213;2;1;34;6;1;3;1;2;1336000;1569000;523000;395
"LCRMXLUWYOTJMRKR4527";2025;4;1;3;1;40;"N";18;213;3;2;7;1;4;0;0;0;0;1569000;523000;0
"PTTSFYUFZNTIDVZO1751";2025;4;1;1;1;40;"N";18;205;1;2;34;3;1;3;2;1;310000;310000;62000;380
"PTTSFYUFZNTIDVZO1751";2025;4;1;2;1;40;"N";18;205;2;1;34;4;1;3;1;2;-9;310000;62000;0
"PTTSFYUFZNTIDVZO1751";2025;4;1;3;1;40;"N";18;205;3;1;14;3;3;0;0;0;0;310000;62000;0
"PTTSFYUFZNTIDVZO1751";2025;4;1;4;1;40;"N";18;205;3;2;8;1;4;0;0;0;0;310000;62000;0
"PTTSFYUFZNTIDVZO1751";2025;4;1;5;1;40;"N";18;205;3;2;9;1;4;0;0;0;0;310000;62000;0
"LCRYGWVDLWDXRSIV6754";2025;4;1;1;1;40;"N";19;158;1;1;42;4;1;3;1;2;263000;263000;263000;217
"CPOFSKIJGVRMCPLO3409";2025;4;1;1;1;40;"N";19;303;1;1;32;6;1;3;1;2;-9;343000;171500;0
"CPOFSKIJGVRMCPLO3409";2025;4;1;2;1;40;"N";19;303;2;2;27;2;1;3;2;2;343000;343000;171500;416
"XYYFMUOJGVOMZVMH2992";2025;4;1;1;1;40;"N";19;172;1;1;35;3;1;3;2;3;466000;466000;233000;236
"XYYFMUOJGVOMZVMH2992";2025;4;1;2;1;40;"N";19;172;3;2;10;1;3;0;0;0;0;466000;233000;0
"BOYLEBPJRHIXJULD2580";2025;4;1;1;1;40;"N";19;303;1;1;45;1;1;2;0;2;724000;975000;325000;416
"BOYLEBPJRHIXJULD2580";2025;4;1;2;1;40;"N";19;303;2;2;44;6;1;2;0;3;251000;975000;325000;416
"BOYLEBPJRHIXJULD2580";2025;4;1;3;1;40;"N";19;303;3;1;17;3;3;0;0;0;0;975000;325000;0
"BYDZHFWOSWHKCPNE0679";2025;4;1;1;1;40;"N";19;385;1;2;29;4;3;0;0;0;0;838000;419000;0
"BYDZHFWOSWHKCPNE0679";2025;4;1;2;1;40;"N";19;385;2;1;34;3;1;3;1;3;838000;838000;419000;529
"ALEFETPKLDCRGHZX4155";2025;4;1;1;1;40;"N";19;186;1;2;82;1;3;0;0;0;0;740000;185000;0
"ALEFETPKLDCRGHZX4155";2025;4;1;2;1;40;"N";19;186;3;2;43;3;1;3;1;2;-9;740000;185000;0
"ALEFETPKLDCRGHZX4155";2025;4;1;3;1;40;"N";19;186;3;2;39;6;3;0;0;0;0;740000;185000;0
"ALEFETPKLDCRGHZX4155";2025;4;1;4;1;40;"N";19;186;9;2;32;5;1;2;0;3;740000;740000;185000;256
"FPUMRCGURVZQEBAB4814";2025;4;1;1;1;40;"N";19;104;1;2;33;4;3;0;0;0;0;0;0;0
"VUKHOLSGXAOLTLUP6307";2025;4;1;1;1;40;"N";19;346;1;1;53;4;1;3;1;3;1443000;1443000;1443000;475
"CZMLWWCIAKANBANQ4590";2025;4;1;1;1;40;"N";19;433;1;2;63;2;3;0;0;0;0;0;0;0
"CZMLWWCIAKANBANQ4590";2025;4;1;2;1;40;"N";19;433;2;1;60;1;3;0;0;0;0;0;0;0
"XGIOTNTXMCCOXGZW3747";2025;4;1;1;1;40;"N";19;148;1;1;53;5;1;2;0;3;-9;454000;151333;0
"XGIOTNTXMCCOXGZW3747";2025;4;1;2;1;40;"N";19;148;3;1;29;6;3;0;0;0;0;454000;151333;0
"XGIOTNTXMCCOXGZW3747";2025;4;1;3;1;40;"N";19;148;3;2;30;1;1;2;0;1;454000;454000;151333;203
"WYBWYFTDBSJITWQK3216";2025;4;1;1;1;40;"N";19;284;1;1;57;4;1;2;0;3;-9;0;0;0
"WYBWYFTDBSJITWQK3216";2025;4;1;2;1;40;"N";19;284;2;2;63;6;3;0;0;0;0;0;0;0
"HXPLJMHWGARKKHPK2124";2025;4;1;1;1;40;"N";19;122;1;2;54;5;3;0;0;0;0;0;0;0
"HXPLJMHWGARKKHPK2124";2025;4;1;2;1;40;"N";19;122;2;1;50;5;3;0;0;0;0;0;0;0
"LTRRHRCONGUXSCDF6993";2025;4;1;1;1;40;"N";19;294;1;1;31;7;3;0;0;0;0;0;0;0
"LTRRHRCONGUXSCDF6993";2025;4;1;2;1;40;"N";19;294;2;2;32;2;3;0;0;0;0;0;0;0
"ZBFVCJAMFOETUWKO3498";2025;4;1;1;1;40;"N";19;251;1;1;65;1;3;0;0;0;0;813000;135500;0
"ZBFVCJAMFOETUWKO3498";2025;4;1;2;1;40;"N";19;251;2;2;69;5;3;0;0;0;0;813000;135500;0
"ZBFVCJAMFOETUWKO3498";2025;4;1;3;1;40;"N";19;251;3;1;26;2;2;0;0;0;0;813000;135500;0
"ZBFVCJAMFOETUWKO3498";2025;4;1;4;1;40;"N";19;251;3;1;28;6;1;3;1;2;813000;813000;135500;345
"ZBFVCJAMFOETUWKO3498";2025;4;1;5;1;40;"N";19;251;9;2;36;4;3;0;0;0;0;813000;135500;0
"ZBFVCJAMFOETUWKO3498";2025;4;1;6;1;40;"N";19;251;3;2;36;4;3;0;0;0;0;813000;135500;0
"GHCDSKYTBPORPQWZ8632";2025;4;1;1;1;40;"N";19;211;1;2;22;5;2;0;0;0;0;0;0;0
"GHCDSKYTBPORPQWZ8632";2025;4;1;2;1;40;"N";19;211;3;2;-1;7;4;0;0;0;0;0;0;0
"GHCDSKYTBPORPQWZ8632";2025;4;1;3;1;40;"N";19;211;3;1;2;7;4;0;0;0;0;0;0;0
"GHCDSKYTBPORPQWZ8632";2025;4;1;4;1;40;"N";19;211;5;1;2;7;4;0;0;0;0;0;0;0
"UVRHUGRMQXZCKKZL4083";2025;4;1;1;1;40;"N";19;181;1;2;67;5;3;0;0;0;0;1288000;257600;0
"UVRHUGRMQXZCKKZL4083";2025;4;1;2;1;40;"N";19;181;3;1;30;4;1;3;1;2;589000;1288000;257600;249
"UVRHUGRMQXZCKKZL4083";2025;4;1;3;1;40;"N";19;181;3;2;45;4;1;3;1;3;298000;1288000;257600;249
"UVRHUGRMQXZCKKZL4083";2025;4;1;4;1;40;"N";19;181;5;2;44;6;3;0;0;0;0;1288000;257600;0
"UVRHUGRMQXZCKKZL4083";2025;4;1;5;1;40;"N";19;181;3;1;25;4;1;3;1;3;401000;1288000;257600;249
"QOMCFHSZPBFSJAMA9766";2025;4;1;1;1;40;"N";19;202;1;1;49;4;1;1;0;3;1043000;1590000;397500;277
"QOMCFHSZPBFSJAMA9766";2025;4;1;2;1;40;"N";19;202;9;2;17;3;1;3;2;2;547000;1590000;397500;277
"QOMCFHSZPBFSJAMA9766";2025;4;1;3;1;40;"N";19;202;5;2;18;5;2;0;0;0;0;1590000;397500;0
"QOMCFHSZPBFSJAMA9766";2025;4;1;4;1;40;"N";19;202;3;2;18;5;3;0;0;0;0;1590000;397500;0
"BPOAOEPPXVWRRRFX0528";2025;4;1;1;1;40;"N";19;300;1;2;48;1;3;0;0;0;0;0;0;0
"BPOAOEPPXVWRRRFX0528";2025;4;1;2;1;40;"N";19;300;2;1;53;1;3;0;0;0;0;0;0;0
"VYJMKHJYDTHSHEQL3461";2025;4;1;1;1;40;"N";19;191;1;2;66;4;3;0;0;0;0;0;0;0
"VYJMKHJYDTHSHEQL3461";2025;4;1;2;1;40;"N";19;191;5;2;43;1;1;3;2;1;-9;0;0;0
"VYJMKHJYDTHSHEQL3461";2025;4;1;3;1;40;"N";19;191;3;1;35;1;1;3;2;2;-9;0;0;0
"ALJNNQQOIJNTCGLZ2857";2025;4;1;1;1;40;"N";19;365;1;1;43;3;1;3;1;2;915000;915000;305000;501
"ALJNNQQOIJNTCGLZ2857";2025;4;1;2;1;40;"N";19;365;3;2;15;3;3;0;0;0;0;915000;305000;0
"ALJNNQQOIJNTCGLZ2857";2025;4;1;3;1;40;"N";19;365;3;1;16;2;3;0;0;0;0;915000;305000;0
"TNVCYRPYCBELPZZH9534";2025;4;1;1;1;40;"N";19;297;1;2;34;5;3;0;0;0;0;967000;322333;0
"TNVCYRPYCBELPZZH9534";2025;4;1;2;1;40;"N";19;297;2;1;28;1;1;3;1;2;967000;967000;322333;408
"TNVCYRPYCBELPZZH9534";2025;4;1;3;1;40;"N";19;297;3;2;9;1;4;0;0;0;0;967000;322333;0
"QXYDPHRZWBFGIEOG2117";2025;4;1;1;1;40;"N";19;273;1;2;76;3;3;0;0;0;0;354000;118000;0
"QXYDPHRZWBFGIEOG2117";2025;4;1;2;1;40;"N";19;273;3;1;38;6;1;2;0;2;354000;354000;118000;375
"QXYDPHRZWBFGIEOG2117";2025;4;1;3;1;40;"N";19;273;3;2;55;4;3;0;0;0;0;354000;118000;0
"RFZMYHSUNTVTJPOW3776";2025;4;1;1;1;40;"N";19;281;1;1;24;5;1;3;2;2;350000;350000;58333;386
"RFZMYHSUNTVTJPOW3776";2025;4;1;2;1;40;"N";19;281;3;1;4;7;4;0;0;0;0;350000;58333;0
"RFZMYHSUNTVTJPOW3776";2025;4;1;3;1;40;"N";19;281;3;2;3;7;4;0;0;0;0;350000;58333;0
"RFZMYHSUNTVTJPOW3776";2025;4;1;4;1;40;"N";19;281;3;1;3;7;4;0;0;0;0;350000;58333;0
"RFZMYHSUNTVTJPOW3776";2025;4;1;5;1;40;"N";19;281;9;2;3;7;4;0;0;0;0;350000;58333;0
"RFZMYHSUNTVTJPOW3776";2025;4;1;6;1;40;"N";19;281;3;2;2;7;4;0;0;0;0;350000;58333;0
"EIYJKUJRPOIWWKKL4087";2025;4;1;1;1;40;"N";19;107;1;1;55;3;1;3;2;2;-9;107000;26750;0
"EIYJKUJRPOIWWKKL4087";2025;4;1;2;1;40;"N";19;107;2;2;55;3;1;3;2;2;107000;107000;26750;147
"EIYJKUJRPOIWWKKL4087";2025;4;1;3;1;40;"N";19;107;3;1;33;3;1;2;0;1;-9;107000;26750;0
"EIYJKUJRPOIWWKKL4087";2025;4;1;4;1;40;"N";19;107;3;1;22;4;3;0;0;0;0;107000;26750;0
"NXWFAHHWAKOPXIBZ5343";2025;4;1;1;1;40;"N";19;379;1;2;78;6;3;0;0;0;0;0;0;0
"NXWFAHHWAKOPXIBZ5343";2025;4;1;2;1;40;"N";19;379;3;2;30;5;3;0;0;0;0;0;0;0
"CHCNBUSMVGDFCBCF4968";2025;4;1;1;1;40;"N";19;283;1;1;75;3;1;3;1;2;1670000;1670000;835000;389
"CHCNBUSMVGDFCBCF4968";2025;4;1;2;1;40;"N";19;283;2;2;69;5;3;0;0;0;0;1670000;835000;0
"VVKXGVQTVFEDSYYD4697";2025;4;1;1;1;40;"N";19;411;1;1;45;2;1;2;0;2;46000;46000;23000;565
"VVKXGVQTVFEDSYYD4697";2025;4;1;2;1;40;"N";19;411;5;2;19;5;3;0;0;0;0;46000;23000;0
"GBONSIBFVLNISMHI5092";2025;4;1;1;1;40;"N";19;317;1;1;61;4;1;2;0;2;-9;0;0;0
"GBONSIBFVLNISMHI5092";2025;4;1;2;1;40;"N";19;317;2;2;66;4;3;0;0;0;0;0;0;0
"GBONSIBFVLNISMHI5092";2025;4;1;3;1;40;"N";19;317;3;2;31;4;1;3;1;2;-9;0;0;0
"NPJQOBAULRWMJVYA1868";2025;4;1;1;1;40;"N";19;249;1;1;68;4;3;0;0;0;0;0;0;0
"NPJQOBAULRWMJVYA1868";2025;4;1;2;1;40;"N";19;249;2;2;67;1;2;0;0;0;0;0;0;0
"NPJQOBAULRWMJVYA1868";2025;4;1;3;1;40;"N";19;249;3;2;29;3;1;3;2;2;-9;0;0;0
"NPJQOBAULRWMJVYA1868";2025;4;2;1;1;40;"N";19;228;1;1;25;6;1;3;1;3;1207000;1207000;603500;313
"NPJQOBAULRWMJVYA1868";2025;4;2;2;1;40;"N";19;228;3;1;3;7;4;0;0;0;0;1207000;603500;0
"QUQWQREZXJQBKHPX2479";2025;4;1;1;1;40;"N";19;319;1;1;37;5;1;3;1;2;575000;737000;184250;438
"QUQWQREZXJQBKHPX2479";2025;4;1;2;1;40;"N";19;319;2;2;41;1;1;3;2;3;162000;737000;184250;438
"QUQWQREZXJQBKHPX2479";2025;4;1;3;1;40;"N";19;319;3;1;16;3;3;0;0;0;0;737000;184250;0
"QUQWQREZXJQBKHPX2479";2025;4;1;4;1;40;"N";19;319;3;2;15;3;3;0;0;0;0;737000;184250;0
"PCHOWZJMGMVZWOXW4834";2025;4;1;1;1;40;"N";19;290;1;1;29;2;1;3;1;1;422000;422000;422000;398
"WZPUCPEKJVIDIWDA4765";2025;4;1;1;1;40;"N";19;233;1;1;31;4;3;0;0;0;0;0;0;0
"WZPUCPEKJVIDIWDA4765";2025;4;1;2;1;40;"N";19;233;2;2;37;3;3;0;0;0;0;0;0;0
"WZPUCPEKJVIDIWDA4765";2025;4;1;3;1;40;"N";19;233;3;2;8;1;4;0;0;0;0;0;0;0
"WZPUCPEKJVIDIWDA4765";2025;4;1;4;1;40;"N";19;233;3;1;8;1;4;0;0;0;0;0;0;0
"WZPUCPEKJVIDIWDA4765";2025;4;1;5;1;40;"N";19;233;3;2;8;1;4;0;0;0;0;0;0;0
"AZWJLPGJCHAYBOKI0051";2025;4;1;1;1;40;"N";19;187;1;1;43;6;3;0;0;0;0;0;0;0
"AZWJLPGJCHAYBOKI0051";2025;4;1;2;1;40;"N";19;187;2;2;46;1;3;0;0;0;0;0;0;0
"AZWJLPGJCHAYBOKI0051";2025;4;1;3;1;40;"N";19;187;3;1;22;4;3;0;0;0;0;0;0;0
"AZWJLPGJCHAYBOKI0051";2025;4;1;4;1;40;"N";19;187;3;2;22;4;3;0;0;0;0;0;0;0
"AZWJLPGJCHAYBOKI0051";2025;4;1;5;1;40;"N";19;187;3;2;17;3;3;0;0;0;0;0;0;0
"AZWJLPGJCHAYBOKI0051";2025;4;1;6;1;40;"N";19;187;3;1;20;5;2;0;0;0;0;0;0;0
"NGIQIQRGZYSHYUSZ6168";2025;4;1;1;1;40;"N";19;442;1;2;50;2;1;3;2;2;337000;337000;337000;607
"YNWAIIHIOZTVQVZZ8464";2025;4;1;1;1;40;"N";19;207;1;1;58;6;3;0;0;0;0;237000;59250;0
"YNWAIIHIOZTVQVZZ8464";2025;4;1;2;1;40;"N";19;207;3;1;27;7;2;0;0;0;0;237000;59250;0
"YNWAIIHIOZTVQVZZ8464";2025;4;1;3;1;40;"N";19;207;3;2;35;3;3;0;0;0;0;237000;59250;0
"YNWAIIHIOZTVQVZZ8464";2025;4;1;4;1;40;"N";19;207;3;2;36;2;1;2;0;2;237000;237000;59250;284
"QNWTSITRFQTYAPCZ8795";2025;4;1;1;1;40;"N";19;326;1;2;26;5;1;2;0;2;-9;482000;120500;0
"QNWTSITRFQTYAPCZ8795";2025;4;1;2;1;40;"N";19;326;2;1;29;4;1;3;2;3;482000;482000;120500;448
"QNWTSITRFQTYAPCZ8795";2025;4;1;3;1;40;"N";19;326;5;1;4;7;4;0;0;0;0;482000;120500;0
"QNWTSITRFQTYAPCZ8795";2025;4;1;4;1;40;"N";19;326;9;1;6;1;4;0;0;0;0;482000;120500;0
"PEXLLXQGLINVJVLM6793";2025;4;1;1;1;40;"N";19;271;1;1;56;1;1;2;0;2;1041000;1041000;347000;372
"PEXLLXQGLINVJVLM6793";2025;4;1;2;1;40;"N";19;271;3;1;24;5;3;0;0;0;0;1041000;347000;0
"PEXLLXQGLINVJVLM6793";2025;4;1;3;1;40;"N";19;271;3;1;21;4;3;0;0;0;0;1041000;347000;0
"ZMYRZPBFDTLDOEZB4351";2025;4;1;1;1;40;"N";19;174;1;2;26;5;1;2;0;2;-9;108000;18000;0
"ZMYRZPBFDTLDOEZB4351";2025;4;1;2;1;40;"N";19;174;2;1;28;2;1;3;1;2;108000;108000;18000;239
"ZMYRZPBFDTLDOEZB4351";2025;4;1;3;1;40;"N";19;174;3;1;5;1;4;0;0;0;0;108000;18000;0
"ZMYRZPBFDTLDOEZB4351";2025;4;1;4;1;40;"N";19;174;3;1;6;1;4;0;0;0;0;108000;18000;0
"ZMYRZPBFDTLDOEZB4351";2025;4;1;5;1;40;"N";19;174;3;1;5;1;4;0;0;0;0;108000;18000;0
"ZMYRZPBFDTLDOEZB4351";2025;4;1;6;1;40;"N";19;174;3;1;4;7;4;0;0;0;0;108000;18000;0
"DJGUHIHKWODDCGLL7856";2025;4;1;1;1;40;"N";19;302;1;1;38;3;1;3;1;3;-9;301000;150500;0
"DJGUHIHKWODDCGLL7856";2025;4;1;2;1;40;"N";19;302;2;2;32;5;1;2;0;3;301000;301000;150500;415
"NHGZGHNYEVWYJYDY5940";2025;4;1;1;1;40;"N";19;293;1;1;63;1;3;0;0;0;0;0;0;0
"WHFYFGPLSXMCPQOD0652";2025;4;1;1;1;40;"N";19;213;1;1;24;5;3;0;0;0;0;0;0;0
"WHFYFGPLSXMCPQOD0652";2025;4;1;2;1;40;"N";19;213;3;2;3;7;4;0;0;0;0;0;0;0
"UVJFKFYIXZBGHEAU2160";2025;4;1;1;1;40;"N";19;160;1;2;44;3;3;0;0;0;0;236000;39333;0
"UVJFKFYIXZBGHEAU2160";2025;4;1;2;1;40;"N";19;160;2;1;38;4;2;0;0;0;0;236000;39333;0
"UVJFKFYIXZBGHEAU2160";2025;4;1;3;1;40;"N";19;160;3;1;23;5;3;0;0;0;0;236000;39333;0
"UVJFKFYIXZBGHEAU2160";2025;4;1;4;1;40;"N";19;160;3;2;18;3;3;0;0;0;0;236000;39333;0
"UVJFKFYIXZBGHEAU2160";2025;4;1;5;1;40;"N";19;160;3;1;18;2;3;0;0;0;0;236000;39333;0
"UVJFKFYIXZBGHEAU2160";2025;4;1;6;1;40;"N";19;160;3;1;22;4;1;3;1;2;236000;236000;39333;220
"EFMRYEYUBPMKTAEI8956";2025;4;1;1;1;40;"N";19;377;1;1;60;4;1;3;1;2;-9;4742000;1185500;0
"EFMRYEYUBPMKTAEI8956";2025;4;1;2;1;40;"N";19;377;3;1;31;3;3;0;0;0;0;4742000;1185500;0
"EFMRYEYUBPMKTAEI8956";2025;4;1;3;1;40;"N";19;377;3;1;33;1;1;3;2;2;2525000;4742000;1185500;518
"EFMRYEYUBPMKTAEI8956";2025;4;1;4;1;40;"N";19;377;3;1;36;6;1;2;0;2;2217000;4742000;1185500;518
"ECIFDHRSTPIKZDCB5238";2025;4;1;1;1;40;"N";19;186;1;1;22;2;3;0;0;0;0;0;0;0
"ECIFDHRSTPIKZDCB5238";2025;4;1;2;1;40;"N";19;186;3;2;2;7;4;0;0;0;0;0;0;0
"ECIFDHRSTPIKZDCB5238";2025;4;1;3;1;40;"N";19;186;3;2;2;7;4;0;0;0;0;0;0;0
"EDAUOFKNQJXUAPIJ3300";2025;4;1;1;1;40;"N";19;325;1;1;26;7;1;3;1;2;1057000;1338000;267600;446
"EDAUOFKNQJXUAPIJ3300";2025;4;1;2;1;40;"N";19;325;2;2;24;3;1;3;1;3;281000;1338000;267600;446
"EDAUOFKNQJXUAPIJ3300";2025;4;1;3;1;40;"N";19;325;3;2;6;1;4;0;0;0;0;1338000;267600;0
"EDAUOFKNQJXUAPIJ3300";2025;4;1;4;1;40;"N";19;325;3;1;3;7;4;0;0;0;0;1338000;267600;0
"EDAUOFKNQJXUAPIJ3300";2025;4;1;5;1;40;"N";19;325;3;1;4;7;4;0;0;0;0;1338000;267600;0
"KMSOJDMXQELTZDCI4455";2025;4;1;1;1;40;"N";19;223;1;1;66;4;3;0;0;0;0;0;0;0
"KMSOJDMXQELTZDCI4455";2025;4;1;2;1;40;"N";19;223;2;2;61;4;3;0;0;0;0;0;0;0
"KKKIDKYNPNMUGORR8693";2025;4;1;1;1;40;"N";19;360;1;2;79;1;3;0;0;0;0;0;0;0
"KKKIDKYNPNMUGORR8693";2025;4;1;2;1;40;"N";19;360;2;1;82;5;3;0;0;0;0;0;0;0
"QZISVWMNPCPOHQLI0345";2025;4;1;1;1;40;"N";19;171;1;2;60;6;3;0;0;0;0;0;0;0
"QZISVWMNPCPOHQLI0345";2025;4;1;2;1;40;"N";19;171;2;1;54;7;3;0;0;0;0;0;0;0
"QZISVWMNPCPOHQLI0345";2025;4;1;3;1;40;"N";19;171;3;2;34;1;3;0;0;0;0;0;0;0
"NTYQKCTUSLXTMUUU6300";2025;4;1;1;1;40;"N";19;199;1;2;76;7;3;0;0;0;0;0;0;0
"NTYQKCTUSLXTMUUU6300";2025;4;1;2;1;40;"N";19;199;2;1;71;4;3;0;0;0;0;0;0;0
"VTKZFOSMYTEHCEHI3933";2025;4;1;1;1;40;"N";19;211;1;1;49;1;1;2;0;2;265000;364000;182000;290
"VTKZFOSMYTEHCEHI3933";2025;4;1;2;1;40;"N";19;211;2;2;46;4;1;3;2;2;99000;364000;182000;290
"VUEFJDIJHQZNGRAP7941";2025;4;1;1;1;40;"N";19;402;1;2;40;1;2;0;0;0;0;0;0;0
"VUEFJDIJHQZNGRAP7941";2025;4;1;2;1;40;"N";19;402;2;1;36;4;1;3;2;3;-9;0;0;0
"VUEFJDIJHQZNGRAP7941";2025;4;1;3;1;40;"N";19;402;3;1;14;3;3;0;0;0;0;0;0;0
"VUEFJDIJHQZNGRAP7941";2025;4;1;4;1;40;"N";19;402;3;1;16;2;3;0;0;0;0;0;0;0
"LCPZJSJMTVBGYFID5957";2025;4;1;1;1;40;"N";19;251;1;2;50;4;1;2;0;2;500000;500000;125000;345
"LCPZJSJMTVBGYFID5957";2025;4;1;2;1;40;"N";19;251;2;1;55;3;3;0;0;0;0;500000;125000;0
"LCPZJSJMTVBGYFID5957";2025;4;1;3;1;40;"N";19;251;3;1;22;5;1;3;1;2;-9;500000;125000;0
"LCPZJSJMTVBGYFID5957";2025;4;1;4;1;40;"N";19;251;3;1;16;3;3;0;0;0;0;500000;125000;0
"XHDSIEWQTPWONWAF8572";2025;4;1;1;1;40;"N";19;445;1;2;75;6;3;0;0;0;0;0;0;0
"SJJREXKWVWMAZNNV7183";2025;4;1;1;1;40;"N";19;168;1;1;70;1;1;3;1;2;299000;299000;149500;231
"SJJREXKWVWMAZNNV7183";2025;4;1;2;1;40;"N";19;168;2;2;64;7;3;0;0;0;0;299000;149500;0
"KBIHYCQCXAXYUFHA9992";2025;4;1;1;1;40;"N";19;254;1;2;45;4;1;3;1;1;780000;1244000;248800;349
"KBIHYCQCXAXYUFHA9992";2025;4;1;2;1;40;"N";19;254;2;1;41;4;3;0;0;0;0;1244000;248800;0
"KBIHYCQCXAXYUFHA9992";2025;4;1;3;1;40;"N";19;254;9;2;23;5;3;0;0;0;0;1244000;248800;0
"KBIHYCQCXAXYUFHA9992";2025;4;1;4;1;40;"N";19;254;5;2;17;2;3;0;0;0;0;1244000;248800;0
"KBIHYCQCXAXYUFHA9992";2025;4;1;5;1;40;"N";19;254;3;2;18;4;1;3;1;3;464000;1244000;248800;349
"DBTWWIYIGWBDZBAO1785";2025;4;1;1;1;40;"N";19;92;1;2;82;1;3;0;0;0;0;1162000;387333;0
"DBTWWIYIGWBDZBAO1785";2025;4;1;2;1;40;"N";19;92;2;1;79;6;3;0;0;0;0;1162000;387333;0
"DBTWWIYIGWBDZBAO1785";2025;4;1;3;1;40;"N";19;92;3;1;49;7;1;2;0;2;1162000;1162000;387333;126
"LBEEAYXCNJGSKAXT4190";2025;4;1;1;1;40;"N";19;295;1;2;79;2;3;0;0;0;0;714000;178500;0
"LBEEAYXCNJGSKAXT4190";2025;4;1;2;1;40;"N";19;295;3;1;53;3;1;3;1;2;268000;714000;178500;405
"LBEEAYXCNJGSKAXT4190";2025;4;1;3;1;40;"N";19;295;3;1;49;4;1;3;1;2;-9;714000;178500;0
"LBEEAYXCNJGSKAXT4190";2025;4;1;4;1;40;"N";19;295;3;2;43;5;1;2;0;2;446000;714000;178500;405
"LBEEAYXCNJGSKAXT4190";2025;4;2;1;1;40;"N";19;169;1;2;40;3;3;0;0;0;0;1019000;169833;0
"LBEEAYXCNJGSKAXT4190";2025;4;2;2;1;40;"N";19;169;2;1;46;3;1;3;2;2;467000;1019000;169833;232
"LBEEAYXCNJGSKAXT4190";2025;4;2;3;1;40;"N";19;169;3;1;19;4;1;3;2;2;552000;1019000;169833;232
"LBEEAYXCNJGSKAXT4190";2025;4;2;4;1;40;"N";19;169;3;2;13;2;3;0;0;0;0;1019000;169833;0
"LBEEAYXCNJGSKAXT4190";2025;4;2;5;1;40;"N";19;169;3;1;12;3;3;0;0;0;0;1019000;169833;0
"LBEEAYXCNJGSKAXT4190";2025;4;2;6;1;40;"N";19;169;3;1;19;4;1;2;0;3;-9;1019000;169833;0
"QMFNTIOJHUSDRYTP4037";2025;4;1;1;1;40;"N";19;237;1;2;33;6;1;3;1;3;1619000;1619000;809500;326
"QMFNTIOJHUSDRYTP4037";2025;4;1;2;1;40;"N";19;237;9;2;8;2;4;0;0;0;0;1619000;809500;0
"KPZXZSTFQXSQRVMJ4565";2025;4;1;1;1;44;"N";20;100;1;1;53;1;1;3;2;2;327000;327000;81750;128
"KPZXZSTFQXSQRVMJ4565";2025;4;1;2;1;44;"N";20;100;2;2;56;6;3;0;0;0;0;327000;81750;0
"KPZXZSTFQXSQRVMJ4565";2025;4;1;3;1;44;"N";20;100;3;1;20;5;1;2;0;3;-9;327000;81750;0
"KPZXZSTFQXSQRVMJ4565";2025;4;1;4;1;44;"N";20;100;3;1;19;4;3;0;0;0;0;327000;81750;0
"RRJGGSNVOZGBDHGA1026";2025;4;1;1;1;44;"N";20;177;1;1;56;4;1;1;0;2;6606000;6606000;6606000;226
"QBLJIBVNUZEBEMEG8466";2025;4;1;1;1;44;"N";20;120;1;2;79;3;3;0;0;0;0;826000;275333;0
"QBLJIBVNUZEBEMEG8466";2025;4;1;2;1;44;"N";20;120;3;1;53;5;3;0;0;0;0;826000;275333;0
"QBLJIBVNUZEBEMEG8466";2025;4;1;3;1;44;"N";20;120;3;1;52;6;1;3;1;1;826000;826000;275333;153
"JQXWISOIJMRJNFHW7385";2025;4;1;1;1;44;"N";20;162;1;2;27;1;1;2;0;3;-9;0;0;0
"JQXWISOIJMRJNFHW7385";2025;4;1;2;1;44;"N";20;162;3;2;6;1;4;0;0;0;0;0;0;0
"DWLKSJYWIWPUBXCN9756";2025;4;1;1;1;44;"N";20;169;1;1;43;3;1;2;0;3;872000;872000;872000;216
"IPYMLZDQVDGXYUFF9424";2025;4;1;1;1;44;"N";20;228;1;2;53;5;3;0;0;0;0;0;0;0
"IPYMLZDQVDGXYUFF9424";2025;4;1;2;1;44;"N";20;228;5;1;17;2;3;0;0;0;0;0;0;0
"IPYMLZDQVDGXYUFF9424";2025;4;1;3;1;44;"N";20;228;9;1;28;2;1;3;2;2;-9;0;0;0
"IPYMLZDQVDGXYUFF9424";2025;4;1;4;1;44;"N";20;228;3;1;30;6;3;0;0;0;0;0;0;0
"RBAKJQGMAWVONIJB6280";2025;4;1;1;1;44;"N";20;181;1;2;40;4;1;3;2;1;862000;862000;431000;231
"RBAKJQGMAWVONIJB6280";2025;4;1;2;1;44;"N";20;181;2;1;40;3;2;0;0;0;0;862000;431000;0
"ZHHJOAYVUZZVMPPX9541";2025;4;1;1;1;44;"N";20;133;1;1;82;7;3;0;0;0;0;1419000;473000;0
"ZHHJOAYVUZZVMPPX9541";2025;4;1;2;1;44;"N";20;133;2;2;78;4;3;0;0;0;0;1419000;473000;0
"ZHHJOAYVUZZVMPPX9541";2025;4;1;3;1;44;"N";20;133;3;1;34;6;1;2;0;3;1419000;1419000;473000;170
"BQVOWAVPOCUUAEIO0943";2025;4;1;1;1;44;"N";20;128;1;1;70;6;3;0;0;0;0;0;0;0
"BQVOWAVPOCUUAEIO0943";2025;4;1;2;1;44;"N";20;128;2;2;69;5;3;0;0;0;0;0;0;0
"XQBCGXQQNVGMEQEG3074";2025;4;1;1;1;44;"N";20;278;1;1;78;5;1;3;2;2;-9;2238000;373000;0
"XQBCGXQQNVGMEQEG3074";2025;4;1;2;1;44;"N";20;278;2;2;81;4;3;0;0;0;0;2238000;373000;0
"XQBCGXQQNVGMEQEG3074";2025;4;1;3;1;44;"N";20;278;3;1;40;1;2;0;0;0;0;2238000;373000;0
"XQBCGXQQNVGMEQEG3074";2025;4;1;4;1;44;"N";20;278;3;2;32;6;3;0;0;0;0;2238000;373000;0
"XQBCGXQQNVGMEQEG3074";2025;4;1;5;1;44;"N";20;278;3;2;32;3;2;0;0;0;0;2238000;373000;0
"XQBCGXQQNVGMEQEG3074";2025;4;1;6;1;44;"N";20;278;3;1;35;6;1;3;1;3;2238000;2238000;373000;356
"VBYHHSOFEVAPWQRF5866";2025;4;1;1;1;44;"N";20;193;1;1;73;7;3;0;0;0;0;462000;154000;0
"VBYHHSOFEVAPWQRF5866";2025;4;1;2;1;44;"N";20;193;2;2;71;3;3;0;0;0;0;462000;154000;0
"VBYHHSOFEVAPWQRF5866";2025;4;1;3;1;44;"N";20;193;3;2;48;6;1;3;1;3;462000;462000;154000;247
"EJGTWZBHQCDNLFMM0211";2025;4;1;1;1;44;"N";20;365;1;2;70;5;3;0;0;0;0;0;0;0
"QCQIRWXDAYNMBETH3189";2025;4;1;1;1;44;"N";20;304;1;2;41;2;3;0;0;0;0;0;0;0
"QCQIRWXDAYNMBETH3189";2025;4;1;2;1;44;"N";20;304;3;1;11;1;3;0;0;0;0;0;0;0
"QCQIRWXDAYNMBETH3189";2025;4;1;3;1;44;"N";20;304;3;1;14;2;3;0;0;0;0;0;0;0
"EJIMEVZMIFNXQXRE1521";2025;4;1;1;1;44;"N";20;214;1;1;50;2;1;2;0;3;154000;439000;219500;274
"EJIMEVZMIFNXQXRE1521";2025;4;1;2;1;44;"N";20;214;2;2;54;3;1;2;0;2;285000;439000;219500;274
"SYODWVQCZZARENYJ1775";2025;4;1;1;1;44;"N";20;90;1;2;60;7;3;0;0;0;0;591000;147750;0
"SYODWVQCZZARENYJ1775";2025;4;1;2;1;44;"N";20;90;2;1;64;3;1;3;1;1;-9;591000;147750;0
"SYODWVQCZZARENYJ1775";2025;4;1;3;1;44;"N";20;90;3;1;26;6;1;3;1;1;591000;591000;147750;115
"SYODWVQCZZARENYJ1775";2025;4;1;4;1;44;"N";20;90;3;2;30;2;3;0;0;0;0;591000;147750;0
"RFAKKDKXUIZIEEXS0730";2025;4;1;1;1;44;"N";20;154;1;1;27;1;1;3;2;2;239000;1455000;485000;197
"RFAKKDKXUIZIEEXS0730";2025;4;1;2;1;44;"N";20;154;2;2;21;4;1;3;1;2;1216000;1455000;485000;197
"RFAKKDKXUIZIEEXS0730";2025;4;1;3;1;44;"N";20;154;5;2;6;1;4;0;0;0;0;1455000;485000;0
"ZKZHEQWYRZYPKQIJ4497";2025;4;1;1;1;44;"N";20;378;1;2;67;1;3;0;0;0;0;732000;366000;0
"ZKZHEQWYRZYPKQIJ4497";2025;4;1;2;1;44;"N";20;378;2;1;67;6;1;3;1;2;732000;732000;366000;483
"XKMBQAXDNLPAHUEZ2651";2025;4;1;1;1;44;"N";20;127;1;1;61;3;3;0;0;0;0;0;0;0
"XKMBQAXDNLPAHUEZ2651";2025;4;1;2;1;44;"N";20;127;2;2;57;6;1;3;1;2;-9;0;0;0
"ZISUOMQTRFFQNBSG0937";2025;4;1;1;1;44;"N";20;134;1;1;53;4;1;3;1;1;486000;2035000;508750;171
"ZISUOMQTRFFQNBSG0937";2025;4;1;2;1;44;"N";20;134;3;1;28;5;1;1;0;2;1158000;2035000;508750;171
"ZISUOMQTRFFQNBSG0937";2025;4;1;3;1;44;"N";20;134;3;1;18;4;3;0;0;0;0;2035000;508750;0
"ZISUOMQTRFFQNBSG0937";2025;4;1;4;1;44;"N";20;134;3;1;29;4;1;3;1;2;391000;2035000;508750;171
"UABCBHXUVOZJWEBY9607";2025;4;1;1;1;44;"N";20;103;1;2;22;5;1;3;1;2;-9;0;0;0
"UABCBHXUVOZJWEBY9607";2025;4;1;2;1;44;"N";20;103;3;2;-1;7;4;0;0;0;0;0;0;0
"UABCBHXUVOZJWEBY9607";2025;4;1;3;1;44;"N";20;103;3;1;2;7;4;0;0;0;0;0;0;0
"UABCBHXUVOZJWEBY9607";2025;4;1;4;1;44;"N";20;103;3;2;2;7;4;0;0;0;0;0;0;0
"GAOTATWWFHLGYEPQ4947";2025;4;1;1;1;44;"N";20;359;1;1;53;1;1;3;2;2;270000;2781000;463500;459
"GAOTATWWFHLGYEPQ4947";2025;4;1;2;1;44;"N";20;359;3;2;21;3;1;3;2;2;501000;2781000;463500;459
"GAOTATWWFHLGYEPQ4947";2025;4;1;3;1;44;"N";20;359;3;1;30;3;1;3;1;2;669000;2781000;463500;459
"GAOTATWWFHLGYEPQ4947";2025;4;1;4;1;44;"N";20;359;3;1;30;6;1;2;0;2;1341000;2781000;463500;459
"GAOTATWWFHLGYEPQ4947";2025;4;1;5;1;44;"N";20;359;3;2;20;5;3;0;0;0;0;2781000;463500;0
"GAOTATWWFHLGYEPQ4947";2025;4;1;6;1;44;"N";20;359;3;2;18;5;1;3;2;2;-9;2781000;463500;0
"SYQTFHIUFDKKSMJO9568";2025;4;1;1;1;44;"N";20;140;1;1;27;5;1;3;1;1;876000;876000;292000;179
"SYQTFHIUFDKKSMJO9568";2025;4;1;2;1;44;"N";20;140;2;2;33;3;2;0;0;0;0;876000;292000;0
"SYQTFHIUFDKKSMJO9568";2025;4;1;3;1;44;"N";20;140;3;2;5;1;4;0;0;0;0;876000;292000;0
"IZEFZKSOYKCKTYKJ3606";2025;4;1;1;1;44;"N";20;107;1;1;39;6;1;3;1;2;1695000;1898000;379600;137
"IZEFZKSOYKCKTYKJ3606";2025;4;1;2;1;44;"N";20;107;2;2;36;3;1;3;2;2;203000;1898000;379600;137
"IZEFZKSOYKCKTYKJ3606";2025;4;1;3;1;44;"N";20;107;5;1;10;1;3;0;0;0;0;1898000;379600;0
"IZEFZKSOYKCKTYKJ3606";2025;4;1;4;1;44;"N";20;107;3;2;18;3;3;0;0;0;0;1898000;379600;0
"IZEFZKSOYKCKTYKJ3606";2025;4;1;5;1;44;"N";20;107;3;1;13;2;3;0;0;0;0;1898000;379600;0
"QETKECHASOWDUQLP2955";2025;4;1;1;1;44;"N";20;188;1;1;61;3;3;0;0;0;0;619000;154750;0
"QETKECHASOWDUQLP2955";2025;4;1;2;1;44;"N";20;188;3;2;31;3;1;3;1;3;333000;619000;154750;240
"QETKECHASOWDUQLP2955";2025;4;1;3;1;44;"N";20;188;9;1;35;3;1;3;1;2;286000;619000;154750;240
"QETKECHASOWDUQLP2955";2025;4;1;4;1;44;"N";20;188;3;2;39;2;1;3;2;2;-9;619000;154750;0
"ICOYGEUWZRWWZYKR5395";2025;4;1;1;1;44;"N";20;172;1;1;43;6;1;3;1;1;692000;692000;692000;220
"AAZUEYOTKQMAUERU2275";2025;4;1;1;1;44;"N";20;85;1;1;81;6;3;0;0;0;0;727000;121167;0
"AAZUEYOTKQMAUERU2275";2025;4;1;2;1;44;"N";20;85;2;2;85;6;1;2;0;2;267000;727000;121167;109
"AAZUEYOTKQMAUERU2275";2025;4;1;3;1;44;"N";20;85;3;2;39;1;1;2;0;1;-9;727000;121167;0
"AAZUEYOTKQMAUERU2275";2025;4;1;4;1;44;"N";20;85;3;2;46;5;3;0;0;0;0;727000;121167;0
"AAZUEYOTKQMAUERU2275";2025;4;1;5;1;44;"N";20;85;3;2;56;2;3;0;0;0;0;727000;121167;0
"AAZUEYOTKQMAUERU2275";2025;4;1;6;1;44;"N";20;85;3;1;36;5;1;3;1;2;460000;727000;121167;109
"PKLRDVSFWXGFOKJS1923";2025;4;1;1;1;44;"N";20;263;1;2;23;4;1;3;1;2;174000;174000;58000;336
"PKLRDVSFWXGFOKJS1923";2025;4;1;2;1;44;"N";20;263;3;1;2;7;4;0;0;0;0;174000;58000;0
"PKLRDVSFWXGFOKJS1923";2025;4;1;3;1;44;"N";20;263;3;1;3;7;4;0;0;0;0;174000;58000;0
"COIOKTXKAKZXOFDK5894";2025;4;1;1;1;44;"N";20;121;1;1;60;6;1;3;2;3;5170000;5170000;1034000;155
"COIOKTXKAKZXOFDK5894";2025;4;1;2;1;44;"N";20;121;2;2;63;6;3;0;0;0;0;5170000;1034000;0
"COIOKTXKAKZXOFDK5894";2025;4;1;3;1;44;"N";20;121;3;1;29;4;2;0;0;0;0;5170000;1034000;0
"COIOKTXKAKZXOFDK5894";2025;4;1;4;1;44;"N";20;121;3;2;22;5;1;3;1;2;-9;5170000;1034000;0
"COIOKTXKAKZXOFDK5894";2025;4;1;5;1;44;"N";20;121;3;1;21;3;3;0;0;0;0;5170000;1034000;0
"SGIQOJXKPMAYEFPE1303";2025;4;1;1;1;44;"N";20;251;1;1;47;7;1;3;2;1;1336000;2105000;701667;321
"SGIQOJXKPMAYEFPE1303";2025;4;1;2;1;44;"N";20;251;2;2;44;3;1;3;1;2;417000;2105000;701667;321
"SGIQOJXKPMAYEFPE1303";2025;4;1;3;1;44;"N";20;251;3;2;19;5;1;3;2;2;352000;2105000;701667;321
"UIOPVFOPVBSQTPWV1247";2025;4;1;1;1;40;"N";22;273;1;1;28;4;1;2;0;2;2305000;2305000;384167;377
"UIOPVFOPVBSQTPWV1247";2025;4;1;2;1;40;"N";22;273;2;2;31;1;3;0;0;0;0;2305000;384167;0
"UIOPVFOPVBSQTPWV1247";2025;4;1;3;1;40;"N";22;273;3;2;8;1;4;0;0;0;0;2305000;384167;0
"UIOPVFOPVBSQTPWV1247";2025;4;1;4;1;40;"N";22;273;9;1;5;1;4;0;0;0;0;2305000;384167;0
"UIOPVFOPVBSQTPWV1247";2025;4;1;5;1;40;"N";22;273;3;2;7;2;4;0;0;0;0;2305000;384167;0
"UIOPVFOPVBSQTPWV1247";2025;4;1;6;1;40;"N";22;273;5;2;5;1;4;0;0;0;0;2305000;384167;0
"YZTJKZUSDEJWTYPP2404";2025;4;1;1;1;40;"N";22;85;1;1;69;3;1;3;2;3;323000;323000;107667;117
"YZTJKZUSDEJWTYPP2404";2025;4;1;2;1;40;"N";22;85;2;2;65;6;1;3;1;2;-9;323000;107667;0
"YZTJKZUSDEJWTYPP2404";2025;4;1;3;1;40;"N";22;85;3;1;39;6;1;3;1;3;-9;323000;107667;0
"OKYVJTSUZAKKSBXW8589";2025;4;1;1;1;40;"N";22;215;1;1;71;6;3;0;0;0;0;0;0;0
"SKLBFSVSIDGGVFWQ3188";2025;4;1;1;1;40;"N";22;230;1;1;71;6;3;0;0;0;0;0;0;0
"ZSQAKHABRWCVMPSL2701";2025;4;1;1;1;40;"N";22;91;1;1;30;6;1;2;0;2;462000;462000;92400;126
"ZSQAKHABRWCVMPSL2701";2025;4;1;2;1;40;"N";22;91;2;2;32;4;3;0;0;0;0;462000;92400;0
"ZSQAKHABRWCVMPSL2701";2025;4;1;3;1;40;"N";22;91;3;1;9;1;4;0;0;0;0;462000;92400;0
"ZSQAKHABRWCVMPSL2701";2025;4;1;4;1;40;"N";22;91;3;2;6;1;4;0;0;0;0;462000;92400;0
"ZSQAKHABRWCVMPSL2701";2025;4;1;5;1;40;"N";22;91;3;2;9;1;4;0;0;0;0;462000;92400;0
"RNWCWACHNJCOEEBJ9254";2025;4;1;1;1;40;"N";22;267;1;1;49;4;1;2;0;2;571000;768000;192000;369
"RNWCWACHNJCOEEBJ9254";2025;4;1;2;1;40;"N";22;267;2;2;44;7;1;3;1;3;197000;768000;192000;369
"RNWCWACHNJCOEEBJ9254";2025;4;1;3;1;40;"N";22;267;3;1;24;5;3;0;0;0;0;768000;192000;0
"RNWCWACHNJCOEEBJ9254";2025;4;1;4;1;40;"N";22;267;3;1;24;6;1;3;1;2;-9;768000;192000;0
"RVJCRMSFLQVMSEUS5180";2025;4;1;1;1;40;"N";22;116;1;1;45;2;1;3;1;3;560000;791000;395500;160
"RVJCRMSFLQVMSEUS5180";2025;4;1;2;1;40;"N";22;116;2;2;49;1;1;3;2;1;231000;791000;395500;160
"FRDYHMYSFOHDDNDL5002";2025;4;1;1;1;40;"N";22;135;1;2;57;3;1;2;0;1;746000;1143000;571500;186
"FRDYHMYSFOHDDNDL5002";2025;4;1;2;1;40;"N";22;135;2;1;55;3;1;3;2;1;397000;1143000;571500;186
"WGIIPBBJBMZPSHWR7854";2025;4;1;1;1;40;"N";22;145;1;2;38;3;1;2;0;3;360000;360000;360000;200
"YXVCELVRCJHRLDXU3387";2025;4;1;1;1;40;"N";22;268;1;1;78;2;3;0;0;0;0;0;0;0
"YXVCELVRCJHRLDXU3387";2025;4;1;2;1;40;"N";22;268;2;2;80;2;3;0;0;0;0;0;0;0
"YXVCELVRCJHRLDXU3387";2025;4;1;3;1;40;"N";22;268;3;2;56;5;3;0;0;0;0;0;0;0
"UCCVTIGWPFRQZNWN9117";2025;4;1;1;1;40;"N";22;157;1;2;22;5;3;0;0;0;0;0;0;0
"UCCVTIGWPFRQZNWN9117";2025;4;1;2;1;40;"N";22;157;3;1;-1;7;4;0;0;0;0;0;0;0
"UCCVTIGWPFRQZNWN9117";2025;4;1;3;1;40;"N";22;157;3;2;-1;7;4;0;0;0;0;0;0;0
"UCCVTIGWPFRQZNWN9117";2025;4;1;4;1;40;"N";22;157;5;1;-1;7;4;0;0;0;0;0;0;0
"RTYZMKMEDZNALNSV4173";2025;4;1;1;1;40;"N";22;214;1;2;57;7;1;3;1;1;-9;200000;100000;0
"RTYZMKMEDZNALNSV4173";2025;4;1;2;1;40;"N";22;214;5;1;34;2;1;3;1;2;200000;200000;100000;296
"SUNXWYISUVDZOSMF5550";2025;4;1;1;1;40;"N";22;225;1;1;67;6;3;0;0;0;0;2357000;392833;0
"SUNXWYISUVDZOSMF5550";2025;4;1;2;1;40;"N";22;225;2;2;65;4;3;0;0;0;0;2357000;392833;0
"SUNXWYISUVDZOSMF5550";2025;4;1;3;1;40;"N";22;225;3;1;46;2;1;2;0;3;850000;2357000;392833;311
"SUNXWYISUVDZOSMF5550";2025;4;1;4;1;40;"N";22;225;3;1;27;2;1;3;2;2;797000;2357000;392833;311
"SUNXWYISUVDZOSMF5550";2025;4;1;5;1;40;"N";22;225;3;2;33;4;1;3;2;2;710000;2357000;392833;311
"SUNXWYISUVDZOSMF5550";2025;4;1;6;1;40;"N";22;225;3;1;43;4;1;2;0;2;-9;2357000;392833;0
"LOLDMYDOUTIPRTYD6056";2025;4;1;1;1;40;"N";22;166;1;1;36;3;1;3;1;2;1735000;1735000;1735000;229
"XLWKZAMLEPJWMJTA9535";2025;4;1;1;1;40;"N";22;112;1;1;32;2;2;0;0;0;0;0;0;0
"XLWKZAMLEPJWMJTA9535";2025;4;1;2;1;40;"N";22;112;2;2;31;1;3;0;0;0;0;0;0;0
"XLWKZAMLEPJWMJTA9535";2025;4;1;3;1;40;"N";22;112;3;1;7;1;4;0;0;0;0;0;0;0
"VOKFWVDHINHYEFLD7677";2025;4;1;1;1;40;"N";22;227;1;1;32;1;1;3;2;2;-9;0;0;0
"VOKFWVDHINHYEFLD7677";2025;4;1;2;1;40;"N";22;227;2;2;30;3;1;3;1;2;-9;0;0;0
"VOKFWVDHINHYEFLD7677";2025;4;1;3;1;40;"N";22;227;3;2;9;1;4;0;0;0;0;0;0;0
"VOKFWVDHINHYEFLD7677";2025;4;1;4;1;40;"N";22;227;5;1;10;1;3;0;0;0;0;0;0;0
"VOKFWVDHINHYEFLD7677";2025;4;1;5;1;40;"N";22;227;5;2;9;1;4;0;0;0;0;0;0;0
"VOKFWVDHINHYEFLD7677";2025;4;1;6;1;40;"N";22;227;3;1;8;1;4;0;0;0;0;0;0;0
"HFIXFFPTFBLEXLLR1817";2025;4;1;1;1;40;"N";22;112;1;2;67;5;3;0;0;0;0;1721000;573667;0
"HFIXFFPTFBLEXLLR1817";2025;4;1;2;1;40;"N";22;112;2;1;64;4;1;3;1;1;1551000;1721000;573667;155
"HFIXFFPTFBLEXLLR1817";2025;4;1;3;1;40;"N";22;112;3;2;31;3;1;2;0;3;170000;1721000;573667;155
"XUDBICQYCULZEREA2850";2025;4;1;1;1;40;"N";22;95;1;2;64;4;1;3;1;3;-9;0;0;0
"XUDBICQYCULZEREA2850";2025;4;1;2;1;40;"N";22;95;2;1;68;3;3;0;0;0;0;0;0;0
"GZIWANVQQBOOCCZM5628";2025;4;1;1;1;40;"N";22;102;1;2;57;3;1;3;2;2;713000;1225000;408333;141
"GZIWANVQQBOOCCZM5628";2025;4;1;2;1;40;"N";22;102;2;1;62;2;1;2;0;2;512000;1225000;408333;141
"GZIWANVQQBOOCCZM5628";2025;4;1;3;1;40;"N";22;102;3;1;22;5;3;0;0;0;0;1225000;408333;0
"NNEBFQMUXNUEMPTP3176";2025;4;1;1;1;40;"N";22;96;1;2;76;6;3;0;0;0;0;1481000;493667;0
"NNEBFQMUXNUEMPTP3176";2025;4;1;2;1;40;"N";22;96;3;2;53;6;1;3;2;2;1238000;1481000;493667;133
"NNEBFQMUXNUEMPTP3176";2025;4;1;3;1;40;"N";22;96;9;2;45;4;1;3;1;2;243000;1481000;493667;133
"VSLBFAVSIQMSYGNW0645";2025;4;1;1;1;40;"N";22;154;1;2;34;6;3;0;0;0;0;167000;83500;0
"VSLBFAVSIQMSYGNW0645";2025;4;1;2;1;40;"N";22;154;2;1;32;1;1;2;0;3;167000;167000;83500;213
"SHYHEUZSQABGZFGE5024";2025;4;1;1;1;40;"N";22;117;1;2;46;4;3;0;0;0;0;0;0;0
"SHYHEUZSQABGZFGE5024";2025;4;1;2;1;40;"N";22;117;2;1;52;4;3;0;0;0;0;0;0;0
"SHYHEUZSQABGZFGE5024";2025;4;1;3;1;40;"N";22;117;3;1;16;1;3;0;0;0;0;0;0;0
"YITKYACCBKROGPJQ1209";2025;4;1;1;1;40;"N";22;110;1;2;44;6;1;3;2;3;488000;488000;81333;152
"YITKYACCBKROGPJQ1209";2025;4;1;2;1;40;"N";22;110;3;1;18;4;1;3;1;2;-9;488000;81333;0
"YITKYACCBKROGPJQ1209";2025;4;1;3;1;40;"N";22;110;3;1;19;5;3;0;0;0;0;488000;81333;0
"YITKYACCBKROGPJQ1209";2025;4;1;4;1;40;"N";22;110;3;1;17;3;3;0;0;0;0;488000;81333;0
"YITKYACCBKROGPJQ1209";2025;4;1;5;1;40;"N";22;110;3;2;17;3;3;0;0;0;0;488000;81333;0
"YITKYACCBKROGPJQ1209";2025;4;1;6;1;40;"N";22;110;3;1;17;3;3;0;0;0;0;488000;81333;0
"TMXFBPPXTFBDBWWG0959";2025;4;1;1;1;40;"N";22;151;1;1;81;3;3;0;0;0;0;707000;353500;0
"TMXFBPPXTFBDBWWG0959";2025;4;1;2;1;40;"N";22;151;3;1;46;2;1;3;1;3;707000;707000;353500;209
"OPEOVXQXEJLSPBQQ5808";2025;4;1;1;1;40;"N";22;113;1;1;80;2;3;0;0;0;0;0;0;0
"OPEOVXQXEJLSPBQQ5808";2025;4;1;2;1;40;"N";22;113;3;1;48;6;3;0;0;0;0;0;0;0
"NXXCFTJYDXCKOIYE6932";2025;4;1;1;1;40;"N";22;204;1;2;35;2;1;3;2;3;195000;994000;497000;282
"NXXCFTJYDXCKOIYE6932";2025;4;1;2;1;40;"N";22;204;2;1;40;4;1;3;1;2;799000;994000;497000;282
"NTLMNHUKUHMCQNLO7479";2025;4;1;1;1;40;"N";22;262;1;2;26;2;1;2;0;1;950000;950000;475000;362
"NTLMNHUKUHMCQNLO7479";2025;4;1;2;1;40;"N";22;262;3;2;6;1;4;0;0;0;0;950000;475000;0
"VPNGLHKDUNZQKFOB9588";2025;4;1;1;1;40;"N";22;73;1;1;54;6;1;3;1;3;1360000;1360000;453333;101
"VPNGLHKDUNZQKFOB9588";2025;4;1;2;1;40;"N";22;73;2;2;52;6;3;0;0;0;0;1360000;453333;0
"VPNGLHKDUNZQKFOB9588";2025;4;1;3;1;40;"N";22;73;3;2;24;6;3;0;0;0;0;1360000;453333;0
"CVJXQJJVGLRRMBUU4549";2025;4;1;1;1;40;"N";22;272;1;2;31;4;3;0;0;0;0;0;0;0
"CVJXQJJVGLRRMBUU4549";2025;4;1;2;1;40;"N";22;272;2;1;32;6;3;0;0;0;0;0;0;0
"CVJXQJJVGLRRMBUU4549";2025;4;2;1;1;40;"N";22;149;1;1;25;3;1;3;2;3;129000;129000;64500;206
"CVJXQJJVGLRRMBUU4549";2025;4;2;2;1;40;"N";22;149;3;1;3;7;4;0;0;0;0;129000;64500;0
"DECBKKRDEYWPSHRT6163";2025;4;1;1;1;40;"N";22;129;1;2;63;5;3;0;0;0;0;1312000;437333;0
"DECBKKRDEYWPSHRT6163";2025;4;1;2;1;40;"N";22;129;2;1;58;3;1;3;2;2;1015000;1312000;437333;178
"DECBKKRDEYWPSHRT6163";2025;4;1;3;1;40;"N";22;129;9;2;42;3;1;2;0;3;297000;1312000;437333;178
"MUVGDRERRQXSWBCR3919";2025;4;1;1;1;40;"N";22;240;1;1;26;4;1;3;1;3;1527000;1527000;254500;331
"MUVGDRERRQXSWBCR3919";2025;4;1;2;1;40;"N";22;240;2;2;20;5;3;0;0;0;0;1527000;254500;0
"MUVGDRERRQXSWBCR3919";2025;4;1;3;1;40;"N";22;240;9;1;5;1;4;0;0;0;0;1527000;254500;0
"MUVGDRERRQXSWBCR3919";2025;4;1;4;1;40;"N";22;240;3;1;5;1;4;0;0;0;0;1527000;254500;0
"MUVGDRERRQXSWBCR3919";2025;4;1;5;1;40;"N";22;240;3;2;6;1;4;0;0;0;0;1527000;254500;0
"MUVGDRERRQXSWBCR3919";2025;4;1;6;1;40;"N";22;240;3;2;4;7;4;0;0;0;0;1527000;254500;0
"RUGJUGOIDBPVXOEZ9539";2025;4;1;1;1;40;"N";22;190;1;2;29;1;1;3;2;2;303000;303000;303000;262
"VIKVGUQMRGCPFVZB3027";2025;4;1;1;1;40;"N";22;127;1;1;42;5;1;2;0;2;1067000;1067000;1067000;175
"RDVUIAWBPFRKQWSK0558";2025;4;1;1;1;40;"N";22;121;1;1;34;6;1;2;0;3;1762000;1762000;352400;167
"RDVUIAWBPFRKQWSK0558";2025;4;1;2;1;40;"N";22;121;3;2;9;1;4;0;0;0;0;1762000;352400;0
"RDVUIAWBPFRKQWSK0558";2025;4;1;3;1;40;"N";22;121;3;2;12;3;3;0;0;0;0;1762000;352400;0
"RDVUIAWBPFRKQWSK0558";2025;4;1;4;1;40;"N";22;121;9;2;8;1;4;0;0;0;0;1762000;352400;0
"RDVUIAWBPFRKQWSK0558";2025;4;1;5;1;40;"N";22;121;3;1;7;1;4;0;0;0;0;1762000;352400;0
"YIBIEVSNDOPKSIYZ1730";2025;4;1;1;1;40;"N";22;100;1;1;68;6;3;0;0;0;0;0;0;0
"SMRVGXSSRIDFNVWY3984";2025;4;1;1;1;40;"N";22;106;1;2;48;4;3;0;0;0;0;639000;106500;0
"SMRVGXSSRIDFNVWY3984";2025;4;1;2;1;40;"N";22;106;3;2;17;2;3;0;0;0;0;639000;106500;0
"SMRVGXSSRIDFNVWY3984";2025;4;1;3;1;40;"N";22;106;9;1;25;6;1;3;1;2;639000;639000;106500;146
"SMRVGXSSRIDFNVWY3984";2025;4;1;4;1;40;"N";22;106;3;2;17;1;3;0;0;0;0;639000;106500;0
"SMRVGXSSRIDFNVWY3984";2025;4;1;5;1;40;"N";22;106;3;1;22;3;3;0;0;0;0;639000;106500;0
"SMRVGXSSRIDFNVWY3984";2025;4;1;6;1;40;"N";22;106;3;1;16;3;3;0;0;0;0;639000;106500;0
"ALSXTVJWFSIPVEDL8389";2025;4;1;1;1;40;"N";22;191;1;1;25;5;1;3;1;3;1913000;1913000;382600;264
"ALSXTVJWFSIPVEDL8389";2025;4;1;2;1;40;"N";22;191;2;2;22;4;1;3;1;3;-9;1913000;382600;0
"ALSXTVJWFSIPVEDL8389";2025;4;1;3;1;40;"N";22;191;9;2;4;7;4;0;0;0;0;1913000;382600;0
"ALSXTVJWFSIPVEDL8389";2025;4;1;4;1;40;"N";22;191;3;1;5;2;4;0;0;0;0;1913000;382600;0
"ALSXTVJWFSIPVEDL8389";2025;4;1;5;1;40;"N";22;191;3;2;4;7;4;0;0;0;0;1913000;382600;0
"LLPBRJINPFWBCVVK5545";2025;4;1;1;1;40;"N";22;338;1;2;47;6;1;3;1;2;-9;579000;144750;0
"LLPBRJINPFWBCVVK5545";2025;4;1;2;1;40;"N";22;338;5;2;17;1;3;0;0;0;0;579000;144750;0
"LLPBRJINPFWBCVVK5545";2025;4;1;3;1;40;"N";22;338;3;2;27;1;1;3;2;2;579000;579000;144750;467
"LLPBRJINPFWBCVVK5545";2025;4;1;4;1;40;"N";22;338;3;2;18;5;1;3;2;1;-9;579000;144750;0
"JCHKOKIFBYYNLIQN9480";2025;4;1;1;1;40;"N";22;251;1;1;34;3;1;3;2;3;-9;0;0;0
"LISSHMQYDFEWZKSC1251";2025;4;1;1;1;40;"N";22;112;1;2;74;3;3;0;0;0;0;444000;88800;0
"LISSHMQYDFEWZKSC1251";2025;4;1;2;1;40;"N";22;112;3;2;50;5;3;0;0;0;0;444000;88800;0
"LISSHMQYDFEWZKSC1251";2025;4;1;3;1;40;"N";22;112;3;2;47;2;1;2;0;2;444000;444000;88800;155
"LISSHMQYDFEWZKSC1251";2025;4;1;4;1;40;"N";22;112;3;2;53;7;3;0;0;0;0;444000;88800;0
"LISSHMQYDFEWZKSC1251";2025;4;1;5;1;40;"N";22;112;3;2;54;7;1;2;0;2;-9;444000;88800;0
"KIPYATQHEHTBXRVX8555";2025;4;1;1;1;40;"N";22;183;1;1;35;6;1;3;1;2;2511000;2511000;1255500;253
"KIPYATQHEHTBXRVX8555";2025;4;1;2;1;40;"N";22;183;3;1;8;1;4;0;0;0;0;2511000;1255500;0
"QEGMSKQIZNUFUANY6556";2025;4;1;1;1;40;"N";22;117;1;1;26;1;1;3;1;3;302000;302000;151000;162
"QEGMSKQIZNUFUANY6556";2025;4;1;2;1;40;"N";22;117;2;2;26;4;3;0;0;0;0;302000;151000;0
"DZEHLTNWVNBSULQQ3651";2025;4;1;1;1;40;"N";22;147;1;2;25;4;3;0;0;0;0;0;0;0
"DZEHLTNWVNBSULQQ3651";2025;4;1;2;1;40;"N";22;147;2;1;21;4;2;0;0;0;0;0;0;0
"DZEHLTNWVNBSULQQ3651";2025;4;1;3;1;40;"N";22;147;3;2;4;7;4;0;0;0;0;0;0;0
"VBETWNEOUELXPEPD6327";2025;4;1;1;1;40;"N";22;276;1;1;32;1;1;3;2;2;353000;353000;176500;381
"VBETWNEOUELXPEPD6327";2025;4;1;2;1;40;"N";22;276;3;1;9;1;4;0;0;0;0;353000;176500;0
"KNCQPAITOPHXFYXR8867";2025;4;1;1;1;40;"N";22;141;1;2;67;6;2;0;0;0;0;0;0;0
"JWROXIPTKKYSUEAV1430";2025;4;1;1;1;40;"N";22;157;1;1;46;6;1;3;1;2;-9;992000;198400;0
"JWROXIPTKKYSUEAV1430";2025;4;1;2;1;40;"N";22;157;2;2;52;6;1;2;0;3;522000;992000;198400;217
"JWROXIPTKKYSUEAV1430";2025;4;1;3;1;40;"N";22;157;5;1;21;3;1;3;2;2;470000;992000;198400;217
"JWROXIPTKKYSUEAV1430";2025;4;1;4;1;40;"N";22;157;3;2;18;5;3;0;0;0;0;992000;198400;0
"JWROXIPTKKYSUEAV1430";2025;4;1;5;1;40;"N";22;157;9;1;20;4;2;0;0;0;0;992000;198400;0
"YWYNYAVMMMAUGLEE4596";2025;4;1;1;1;40;"N";22;170;1;2;54;5;1;3;2;2;435000;435000;217500;235
"YWYNYAVMMMAUGLEE4596";2025;4;1;2;1;40;"N";22;170;2;1;48;4;3;0;0;0;0;435000;217500;0
"BUZMAPUXQYMSIEOW0933";2025;4;1;1;1;40;"N";22;199;1;1;72;4;3;0;0;0;0;47000;11750;0
"BUZMAPUXQYMSIEOW0933";2025;4;1;2;1;40;"N";22;199;3;2;42;4;3;0;0;0;0;47000;11750;0
"BUZMAPUXQYMSIEOW0933";2025;4;1;3;1;40;"N";22;199;3;2;39;3;2;0;0;0;0;47000;11750;0
"BUZMAPUXQYMSIEOW0933";2025;4;1;4;1;40;"N";22;199;3;2;47;1;1;2;0;3;47000;47000;11750;275
"PIJPOBFCBLGKUULC6888";2025;4;1;1;1;40;"N";22;163;1;1;49;6;1;2;0;2;0;0;0;225
"CDHTGCEGEDCNNHRI8309";2025;4;1;1;1;40;"N";22;105;1;1;23;4;1;2;0;2;504000;504000;504000;145
"XCPLTQLSDDNUMTWN6651";2025;4;1;1;1;40;"N";22;333;1;1;36;1;1;3;2;1;-9;0;0;0
"XCPLTQLSDDNUMTWN6651";2025;4;1;2;1;40;"N";22;333;3;2;12;3;3;0;0;0;0;0;0;0
"QKUHIJVGGCJARQVA0316";2025;4;1;1;1;40;"N";22;123;1;2;46;5;2;0;0;0;0;364000;72800;0
"QKUHIJVGGCJARQVA0316";2025;4;1;2;1;40;"N";22;123;2;1;52;2;1;3;1;3;364000;364000;72800;170
"QKUHIJVGGCJARQVA0316";2025;4;1;3;1;40;"N";22;123;9;2;24;5;3;0;0;0;0;364000;72800;0
"QKUHIJVGGCJARQVA0316";2025;4;1;4;1;40;"N";22;123;3;1;15;2;3;0;0;0;0;364000;72800;0
"QKUHIJVGGCJARQVA0316";2025;4;1;5;1;40;"N";22;123;3;2;14;3;3;0;0;0;0;364000;72800;0
"VPEVEZUSPZULMWHD7100";2025;4;1;1;1;40;"N";22;119;1;1;44;3;1;3;1;2;464000;464000;464000;164
"FDWJGWEHSALDXHZH4342";2025;4;1;1;1;40;"N";22;169;1;2;67;3;3;0;0;0;0;1814000;302333;0
"FDWJGWEHSALDXHZH4342";2025;4;1;2;1;40;"N";22;169;3;1;41;4;1;3;2;2;-9;1814000;302333;0
"FDWJGWEHSALDXHZH4342";2025;4;1;3;1;40;"N";22;169;3;2;28;3;3;0;0;0;0;1814000;302333;0
"FDWJGWEHSALDXHZH4342";2025;4;1;4;1;40;"N";22;169;3;2;35;3;1;2;0;1;159000;1814000;302333;233
"FDWJGWEHSALDXHZH4342";2025;4;1;5;1;40;"N";22;169;9;2;30;4;3;0;0;0;0;1814000;302333;0
"FDWJGWEHSALDXHZH4342";2025;4;1;6;1;40;"N";22;169;3;1;42;5;1;2;0;2;1655000;1814000;302333;233
"WZKLUJBRJSPIDSCS8238";2025;4;1;1;1;40;"N";22;193;1;1;56;7;1;3;1;2;1472000;1817000;454250;267
"WZKLUJBRJSPIDSCS8238";2025;4;1;2;1;40;"N";22;193;2;2;58;5;3;0;0;0;0;1817000;454250;0
"WZKLUJBRJSPIDSCS8238";2025;4;1;3;1;40;"N";22;193;5;1;23;4;1;2;0;2;345000;1817000;454250;267
"WZKLUJBRJSPIDSCS8238";2025;4;1;4;1;40;"N";22;193;3;1;19;2;3;0;0;0;0;1817000;454250;0
"KVVFYURLIRZDMZPX0756";2025;4;1;1;1;40;"N";22;113;1;1;36;4;1;2;0;1;442000;442000;88400;156
"KVVFYURLIRZDMZPX0756";2025;4;1;2;1;40;"N";22;113;2;2;36;4;3;0;0;0;0;442000;88400;0
"KVVFYURLIRZDMZPX0756";2025;4;1;3;1;40;"N";22;113;3;2;10;1;3;0;0;0;0;442000;88400;0
"KVVFYURLIRZDMZPX0756";2025;4;1;4;1;40;"N";22;113;3;2;9;1;4;0;0;0;0;442000;88400;0
"KVVFYURLIRZDMZPX0756";2025;4;1;5;1;40;"N";22;113;3;1;12;2;3;0;0;0;0;442000;88400;0
"YQOBJBNPXMXUGYVR4729";2025;4;1;1;1;40;"N";22;92;1;2;32;6;1;3;1;3;-9;0;0;0
"YQOBJBNPXMXUGYVR4729";2025;4;2;1;1;40;"N";22;117;1;2;25;6;1;2;0;3;576000;576000;576000;162
"AXXORUMXGCOHZCCN9969";2025;4;1;1;1;40;"N";22;106;1;1;71;3;3;0;0;0;0;1102000;275500;0
"AXXORUMXGCOHZCCN9969";2025;4;1;2;1;40;"N";22;106;9;1;27;1;3;0;0;0;0;1102000;275500;0
"AXXORUMXGCOHZCCN9969";2025;4;1;3;1;40;"N";22;106;3;2;45;6;1;3;2;3;300000;1102000;275500;146
"AXXORUMXGCOHZCCN9969";2025;4;1;4;1;40;"N";22;106;3;1;51;3;1;3;1;1;802000;1102000;275500;146
"LBPVYHHJKYZQMGOV3830";2025;4;1;1;1;40;"S";23;332;1;2;39;3;1;3;1;1;418000;418000;139333;376
"LBPVYHHJKYZQMGOV3830";2025;4;1;2;1;40;"S";23;332;3;1;14;3;3;0;0;0;0;418000;139333;0
"LBPVYHHJKYZQMGOV3830";2025;4;1;3;1;40;"S";23;332;3;1;11;1;3;0;0;0;0;418000;139333;0
"LQUVWDKKCYALPOBX3713";2025;4;1;1;1;40;"S";23;434;1;1;39;3;1;3;2;2;94000;295000;49167;492
"LQUVWDKKCYALPOBX3713";2025;4;1;2;1;40;"S";23;434;3;1;12;3;3;0;0;0;0;295000;49167;0
"LQUVWDKKCYALPOBX3713";2025;4;1;3;1;40;"S";23;434;3;1;12;3;3;0;0;0;0;295000;49167;0
"LQUVWDKKCYALPOBX3713";2025;4;1;4;1;40;"S";23;434;3;2;13;2;3;0;0;0;0;295000;49167;0
"LQUVWDKKCYALPOBX3713";2025;4;1;5;1;40;"S";23;434;3;2;10;1;3;0;0;0;0;295000;49167;0
"LQUVWDKKCYALPOBX3713";2025;4;1;6;1;40;"S";23;434;3;1;18;2;1;3;1;2;201000;295000;49167;492
"TMDGOJOOCLCZXOSI6133";2025;4;1;1;1;40;"S";23;141;1;2;30;6;3;0;0;0;0;368000;122667;0
"TMDGOJOOCLCZXOSI6133";2025;4;1;2;1;40;"S";23;141;2;1;30;4;1;3;1;2;368000;368000;122667;160
"TMDGOJOOCLCZXOSI6133";2025;4;1;3;1;40;"S";23;141;3;1;5;1;4;0;0;0;0;368000;122667;0
"NCFQMGUXIWZEMTEZ3956";2025;4;1;1;1;40;"S";23;529;1;1;36;2;1;3;1;3;332000;1021000;510500;599
"NCFQMGUXIWZEMTEZ3956";2025;4;1;2;1;40;"S";23;529;2;2;39;4;1;3;1;2;689000;1021000;510500;599
"WQBAWHKIPVDVCNEG2880";2025;4;1;1;1;40;"S";23;157;1;2;57;1;1;2;0;3;403000;2212000;442400;178
"WQBAWHKIPVDVCNEG2880";2025;4;1;2;1;40;"S";23;157;2;1;58;5;1;3;1;3;924000;2212000;442400;178
"WQBAWHKIPVDVCNEG2880";2025;4;1;3;1;40;"S";23;157;5;1;26;6;3;0;0;0;0;2212000;442400;0
"WQBAWHKIPVDVCNEG2880";2025;4;1;4;1;40;"S";23;157;9;2;31;4;1;2;0;3;885000;2212000;442400;178
"WQBAWHKIPVDVCNEG2880";2025;4;1;5;1;40;"S";23;157;3;2;21;3;3;0;0;0;0;2212000;442400;0
"LZFRWXGMNTGBECYJ5536";2025;4;1;1;1;40;"S";23;206;1;1;48;5;1;3;1;2;-9;0;0;0
"LZFRWXGMNTGBECYJ5536";2025;4;1;2;1;40;"S";23;206;2;2;48;2;3;0;0;0;0;0;0;0
"CAAFIPWBYIFPKELL8368";2025;4;1;1;1;40;"S";23;423;1;1;70;4;1;3;2;3;121000;1308000;654000;479
"CAAFIPWBYIFPKELL8368";2025;4;1;2;1;40;"S";23;423;3;1;34;4;1;3;1;2;1187000;1308000;654000;479
"YYNJPEXMCJYPIFAQ3771";2025;4;1;1;1;40;"S";23;220;1;2;26;3;1;3;2;2;276000;612000;102000;249
"YYNJPEXMCJYPIFAQ3771";2025;4;1;2;1;40;"S";23;220;2;1;32;5;1;2;0;1;336000;612000;102000;249
"YYNJPEXMCJYPIFAQ3771";2025;4;1;3;1;40;"S";23;220;3;1;6;1;4;0;0;0;0;612000;102000;0
"YYNJPEXMCJYPIFAQ3771";2025;4;1;4;1;40;"S";23;220;3;2;5;1;4;0;0;0;0;612000;102000;0
"YYNJPEXMCJYPIFAQ3771";2025;4;1;5;1;40;"S";23;220;3;2;3;7;4;0;0;0;0;612000;102000;0
"YYNJPEXMCJYPIFAQ3771";2025;4;1;6;1;40;"S";23;220;3;2;4;7;4;0;0;0;0;612000;102000;0
"STWXSKZMEQSLJWHV5049";2025;4;1;1;1;40;"S";23;251;1;1;47;2;1;2;0;2;750000;1656000;552000;284
"STWXSKZMEQSLJWHV5049";2025;4;1;2;1;40;"S";23;251;3;1;26;7;1;2;0;2;906000;1656000;552000;284
"STWXSKZMEQSLJWHV5049";2025;4;1;3;1;40;"S";23;251;3;1;15;1;3;0;0;0;0;1656000;552000;0
"VTAZGSCMVRSMMWIT7998";2025;4;1;1;1;40;"S";23;390;1;1;78;5;1;3;2;1;585000;1420000;355000;442
"VTAZGSCMVRSMMWIT7998";2025;4;1;2;1;40;"S";23;390;3;1;52;2;3;0;0;0;0;1420000;355000;0
"VTAZGSCMVRSMMWIT7998";2025;4;1;3;1;40;"S";23;390;3;1;55;3;1;3;2;2;74000;1420000;355000;442
"VTAZGSCMVRSMMWIT7998";2025;4;1;4;1;40;"S";23;390;3;1;57;2;1;3;1;3;761000;1420000;355000;442
"VHZRQGQGYFQWXAJO2025";2025;4;1;1;1;40;"S";23;568;1;1;23;4;1;3;2;1;461000;461000;461000;643
"YERFQWXYMJMJZXAE9851";2025;4;1;1;1;40;"S";23;190;1;2;38;4;3;0;0;0;0;0;0;0
"YERFQWXYMJMJZXAE9851";2025;4;1;2;1;40;"S";23;190;3;1;12;3;3;0;0;0;0;0;0;0
"DHXPBSQERZVWLBHN7375";2025;4;1;1;1;40;"S";23;264;1;2;81;1;3;0;0;0;0;1203000;300750;0
"DHXPBSQERZVWLBHN7375";2025;4;1;2;1;40;"S";23;264;3;1;44;3;1;2;0;3;1203000;1203000;300750;299
"DHXPBSQERZVWLBHN7375";2025;4;1;3;1;40;"S";23;264;9;2;55;1;3;0;0;0;0;1203000;300750;0
"DHXPBSQERZVWLBHN7375";2025;4;1;4;1;40;"S";23;264;3;2;43;2;3;0;0;0;0;1203000;300750;0
"QTSRNNIORZCWXHFJ8902";2025;4;1;1;1;40;"S";23;380;1;2;61;4;3;0;0;0;0;0;0;0
"IULRSZSYDHLEXQAA8413";2025;4;1;1;1;40;"S";23;213;1;1;26;4;1;3;2;2;341000;341000;341000;241
"PTOIJTAUPXYHWZYJ5691";2025;4;1;1;1;40;"S";23;611;1;2;55;3;1;3;1;2;385000;385000;192500;692
"PTOIJTAUPXYHWZYJ5691";2025;4;1;2;1;40;"S";23;611;5;2;24;2;3;0;0;0;0;385000;192500;0
"FIFQWENUKRTLPNEB9422";2025;4;1;1;1;40;"S";23;377;1;1;25;4;1;2;0;2;481000;807000;269000;427
"FIFQWENUKRTLPNEB9422";2025;4;1;2;1;40;"S";23;377;2;2;23;5;1;3;1;2;326000;807000;269000;427
"FIFQWENUKRTLPNEB9422";2025;4;1;3;1;40;"S";23;377;3;2;5;1;4;0;0;0;0;807000;269000;0
"GKYIUOBBUQEIQIFI6446";2025;4;1;1;1;40;"S";23;389;1;1;52;3;1;3;2;3;92000;240000;120000;441
"GKYIUOBBUQEIQIFI6446";2025;4;1;2;1;40;"S";23;389;2;2;56;1;1;3;1;2;148000;240000;120000;441
"UBDCZFZFTDQNCKFH3698";2025;4;1;1;1;40;"S";23;398;1;2;46;7;3;0;0;0;0;0;0;0
"KGIWLGHHNMKIEXHO1559";2025;4;1;1;1;40;"S";23;909;1;2;48;7;1;3;1;3;260000;260000;260000;1030
"WEXKHQJKNDRZJGPC6078";2025;4;1;1;1;40;"S";23;367;1;2;35;3;3;0;0;0;0;592000;148000;0
"WEXKHQJKNDRZJGPC6078";2025;4;1;2;1;40;"S";23;367;2;1;30;1;1;3;2;2;592000;592000;148000;416
"WEXKHQJKNDRZJGPC6078";2025;4;1;3;1;40;"S";23;367;3;2;14;3;3;0;0;0;0;592000;148000;0
"WEXKHQJKNDRZJGPC6078";2025;4;1;4;1;40;"S";23;367;5;1;12;2;3;0;0;0;0;592000;148000;0
"XJKARKFCIMEZFAYG4788";2025;4;1;1;1;40;"S";23;272;1;2;59;6;3;0;0;0;0;0;0;0
"XJKARKFCIMEZFAYG4788";2025;4;1;2;1;40;"S";23;272;3;2;26;4;2;0;0;0;0;0;0;0
"XCULRWAMQVAODJOM9501";2025;4;1;1;1;40;"S";23;449;1;2;36;5;1;3;1;3;-9;0;0;0
"XCULRWAMQVAODJOM9501";2025;4;1;2;1;40;"S";23;449;3;1;13;3;3;0;0;0;0;0;0;0
"XCULRWAMQVAODJOM9501";2025;4;1;3;1;40;"S";23;449;3;1;12;3;3;0;0;0;0;0;0;0
"PORMOFLHMENGKCCN7777";2025;4;1;1;1;40;"S";23;379;1;2;60;2;3;0;0;0;0;1140000;380000;0
"PORMOFLHMENGKCCN7777";2025;4;1;2;1;40;"S";23;379;3;2;38;6;1;3;1;1;754000;1140000;380000;429
"PORMOFLHMENGKCCN7777";2025;4;1;3;1;40;"S";23;379;3;1;33;5;1;2;0;3;386000;1140000;380000;429
"ZDNIKKHVNJSNDZPH8834";2025;4;1;1;1;40;"S";23;233;1;2;43;6;1;3;2;2;774000;774000;387000;264
"ZDNIKKHVNJSNDZPH8834";2025;4;1;2;1;40;"S";23;233;2;1;44;3;1;3;1;1;-9;774000;387000;0
"KXUKONGHFFGXCEVW4800";2025;4;1;1;1;40;"S";23;177;1;1;50;5;1;3;1;2;1405000;1405000;1405000;200
"FWLUVEOWZEXJBAQP3522";2025;4;1;1;1;40;"S";23;264;1;1;32;4;3;0;0;0;0;0;0;0
"MVVBTFPTEFIHNXKH4548";2025;4;1;1;1;40;"S";23;160;1;1;59;4;1;3;1;2;467000;467000;467000;181
"BPIWHDBYQEERRIHL4544";2025;4;1;1;1;40;"S";23;321;1;1;69;5;3;0;0;0;0;152000;38000;0
"BPIWHDBYQEERRIHL4544";2025;4;1;2;1;40;"S";23;321;2;2;68;4;3;0;0;0;0;152000;38000;0
"BPIWHDBYQEERRIHL4544";2025;4;1;3;1;40;"S";23;321;5;2;36;2;3;0;0;0;0;152000;38000;0
"BPIWHDBYQEERRIHL4544";2025;4;1;4;1;40;"S";23;321;3;2;39;5;1;2;0;2;152000;152000;38000;364
"BPIWHDBYQEERRIHL4544";2025;4;2;1;1;40;"S";23;491;1;2;57;5;1;2;0;2;536000;712000;178000;556
"BPIWHDBYQEERRIHL4544";2025;4;2;2;1;40;"S";23;491;2;1;61;3;1;3;1;3;-9;712000;178000;0
"BPIWHDBYQEERRIHL4544";2025;4;2;3;1;40;"S";23;491;3;2;31;6;0;0;0;0;0;712000;178000;0
"BPIWHDBYQEERRIHL4544";2025;4;2;4;1;40;"S";23;491;3;1;33;4;1;3;1;3;176000;712000;178000;556
"PYHBLMHKRKQHNGTK4996";2025;4;1;1;1;40;"S";23;444;1;2;44;6;1;3;1;2;1160000;2678000;535600;503
"PYHBLMHKRKQHNGTK4996";2025;4;1;2;1;40;"S";23;444;2;1;48;3;1;3;1;2;1356000;2678000;535600;503
"PYHBLMHKRKQHNGTK4996";2025;4;1;3;1;40;"S";23;444;3;1;17;3;3;0;0;0;0;2678000;535600;0
"PYHBLMHKRKQHNGTK4996";2025;4;1;4;1;40;"S";23;444;3;2;20;4;1;3;1;2;162000;2678000;535600;503
"PYHBLMHKRKQHNGTK4996";2025;4;1;5;1;40;"S";23;444;3;2;20;4;3;0;0;0;0;2678000;535600;0
"NRHCTFQGUJQUHWVC0239";2025;4;1;1;1;40;"S";23;288;1;1;82;1;3;0;0;0;0;0;0;0
"GPUSEBWFBYBSMYON0919";2025;4;1;1;1;40;"S";23;258;1;1;63;6;3;0;0;0;0;161000;53667;0
"GPUSEBWFBYBSMYON0919";2025;4;1;2;1;40;"S";23;258;2;2;59;1;3;0;0;0;0;161000;53667;0
"GPUSEBWFBYBSMYON0919";2025;4;1;3;1;40;"S";23;258;3;1;39;1;1;3;2;3;161000;161000;53667;292
"YQOPPQCRRVNBEKPR1871";2025;4;1;1;1;40;"S";23;293;1;2;34;1;1;3;2;2;-9;803000;200750;0
"YQOPPQCRRVNBEKPR1871";2025;4;1;2;1;40;"S";23;293;2;1;34;4;1;3;2;1;803000;803000;200750;332
"YQOPPQCRRVNBEKPR1871";2025;4;1;3;1;40;"S";23;293;3;2;11;1;3;0;0;0;0;803000;200750;0
"YQOPPQCRRVNBEKPR1871";2025;4;1;4;1;40;"S";23;293;3;1;8;1;4;0;0;0;0;803000;200750;0
"DVRNUVEUXNQMUSFV1544";2025;4;1;1;1;40;"S";23;607;1;2;43;2;1;3;2;2;335000;869000;289667;688
"DVRNUVEUXNQMUSFV1544";2025;4;1;2;1;40;"S";23;607;3;1;21;4;2;0;0;0;0;869000;289667;0
"DVRNUVEUXNQMUSFV1544";2025;4;1;3;1;40;"S";23;607;3;1;21;4;1;3;1;3;534000;869000;289667;688
"CIMAVLRMAWZKQRRI4700";2025;4;1;1;1;40;"S";23;441;1;2;68;3;3;0;0;0;0;0;0;0
"CIMAVLRMAWZKQRRI4700";2025;4;1;2;1;40;"S";23;441;2;1;68;7;3;0;0;0;0;0;0;0
"CIMAVLRMAWZKQRRI4700";2025;4;1;3;1;40;"S";23;441;3;2;26;6;3;0;0;0;0;0;0;0
"ELPOMWXIWLMIRGXX4461";2025;4;1;1;1;40;"S";23;412;1;2;49;2;1;3;1;2;319000;319000;79750;467
"ELPOMWXIWLMIRGXX4461";2025;4;1;2;1;40;"S";23;412;2;1;51;4;1;3;2;2;-9;319000;79750;0
"ELPOMWXIWLMIRGXX4461";2025;4;1;3;1;40;"S";23;412;3;2;27;3;3;0;0;0;0;319000;79750;0
"ELPOMWXIWLMIRGXX4461";2025;4;1;4;1;40;"S";23;412;3;2;22;5;3;0;0;0;0;319000;79750;0
"LMQQFCEEDLBFOPCL6163";2025;4;1;1;1;40;"S";23;279;1;1;75;1;3;0;0;0;0;432000;144000;0
"LMQQFCEEDLBFOPCL6163";2025;4;1;2;1;40;"S";23;279;2;2;74;2;3;0;0;0;0;432000;144000;0
"LMQQFCEEDLBFOPCL6163";2025;4;1;3;1;40;"S";23;279;3;1;52;2;1;3;2;2;432000;432000;144000;316
"TBDUTAXRUTIHGDTB7032";2025;4;1;1;1;40;"S";23;291;1;1;44;5;1;3;1;2;777000;777000;777000;330
"ZFAOLDNQWIZIXDJD8103";2025;4;1;1;1;40;"S";23;199;1;1;60;3;3;0;0;0;0;555000;92500;0
"ZFAOLDNQWIZIXDJD8103";2025;4;1;2;1;40;"S";23;199;2;2;61;3;3;0;0;0;0;555000;92500;0
"ZFAOLDNQWIZIXDJD8103";2025;4;1;3;1;40;"S";23;199;3;1;32;2;2;0;0;0;0;555000;92500;0
"ZFAOLDNQWIZIXDJD8103";2025;4;1;4;1;40;"S";23;199;3;2;32;4;1;2;0;2;93000;555000;92500;225
"ZFAOLDNQWIZIXDJD8103";2025;4;1;5;1;40;"S";23;199;9;1;36;2;1;3;2;2;171000;555000;92500;225
"ZFAOLDNQWIZIXDJD8103";2025;4;1;6;1;40;"S";23;199;3;1;26;3;1;3;2;2;291000;555000;92500;225
"VMSNJPVUEYRYCAMY4173";2025;4;1;1;1;40;"S";23;244;1;1;72;3;3;0;0;0;0;0;0;0
"VMSNJPVUEYRYCAMY4173";2025;4;1;2;1;40;"S";23;244;3;2;37;3;1;2;0;1;-9;0;0;0
"VMSNJPVUEYRYCAMY4173";2025;4;1;3;1;40;"S";23;244;3;2;32;6;3;0;0;0;0;0;0;0
"VMSNJPVUEYRYCAMY4173";2025;4;1;4;1;40;"S";23;244;9;2;49;3;1;2;0;2;-9;0;0;0
"POYZEBGXOSRFIYUI0215";2025;4;1;1;1;40;"S";23;303;1;1;57;4;1;2;0;3;154000;154000;77000;343
"POYZEBGXOSRFIYUI0215";2025;4;1;2;1;40;"S";23;303;3;1;31;6;1;3;2;1;-9;154000;77000;0
"BYXBPWFFRTUEDBQR5763";2025;4;1;1;1;40;"S";23;192;1;1;78;3;3;0;0;0;0;246000;61500;0
"BYXBPWFFRTUEDBQR5763";2025;4;1;2;1;40;"S";23;192;2;2;76;7;3;0;0;0;0;246000;61500;0
"BYXBPWFFRTUEDBQR5763";2025;4;1;3;1;40;"S";23;192;5;1;33;1;1;2;0;2;246000;246000;61500;217
"BYXBPWFFRTUEDBQR5763";2025;4;1;4;1;40;"S";23;192;3;2;52;6;2;0;0;0;0;246000;61500;0
"WYSHIBXGZUCBNCZA7199";2025;4;1;1;1;40;"S";23;355;1;1;30;4;1;3;1;2;407000;407000;101750;402
"WYSHIBXGZUCBNCZA7199";2025;4;1;2;1;40;"S";23;355;3;2;8;2;4;0;0;0;0;407000;101750;0
"WYSHIBXGZUCBNCZA7199";2025;4;1;3;1;40;"S";23;355;3;2;9;2;4;0;0;0;0;407000;101750;0
"WYSHIBXGZUCBNCZA7199";2025;4;1;4;1;40;"S";23;355;3;1;10;1;3;0;0;0;0;407000;101750;0
"IUEVZPIIWEEEEICZ8246";2025;4;1;1;1;40;"S";23;213;1;2;45;1;1;3;2;2;60000;543000;271500;241
"IUEVZPIIWEEEEICZ8246";2025;4;1;2;1;40;"S";23;213;3;1;19;4;1;2;0;2;483000;543000;271500;241
"IVQTOVGGBJIFRWPH1718";2025;4;1;1;1;40;"S";23;283;1;1;78;6;3;0;0;0;0;0;0;0
"IVQTOVGGBJIFRWPH1718";2025;4;1;2;1;40;"S";23;283;2;2;79;3;3;0;0;0;0;0;0;0
"NAUCJJPBYAGZUILS8313";2025;4;1;1;1;40;"S";23;209;1;1;32;3;1;3;2;3;99000;99000;33000;237
"NAUCJJPBYAGZUILS8313";2025;4;1;2;1;40;"S";23;209;2;2;30;5;3;0;0;0;0;99000;33000;0
"NAUCJJPBYAGZUILS8313";2025;4;1;3;1;40;"S";23;209;9;1;9;1;4;0;0;0;0;99000;33000;0
"DOLQTOSYYTTBCJTM3381";2025;4;1;1;1;40;"S";23;533;1;1;68;1;3;0;0;0;0;0;0;0
"SPHJKIPTAUXXVDOE8253";2025;4;1;1;1;40;"S";23;337;1;1;43;5;3;0;0;0;0;413000;137667;0
"SPHJKIPTAUXXVDOE8253";2025;4;1;2;1;40;"S";23;337;2;2;45;2;1;3;1;2;413000;413000;137667;382
"SPHJKIPTAUXXVDOE8253";2025;4;1;3;1;40;"S";23;337;3;2;12;3;3;0;0;0;0;413000;137667;0
"DOCAJZBOTZGTVZLC6740";2025;4;1;1;1;40;"S";23;269;1;1;28;7;3;0;0;0;0;251000;125500;0
"DOCAJZBOTZGTVZLC6740";2025;4;1;2;1;40;"S";23;269;2;2;34;6;1;3;1;2;251000;251000;125500;305
"YGDHSNGBLQGBPMYZ1399";2025;4;1;1;1;40;"S";23;285;1;1;36;3;1;2;0;2;108000;108000;108000;323
"IIYKCFOYCMJSVAGX8211";2025;4;1;1;1;40;"S";23;469;1;1;34;6;1;3;1;2;351000;935000;311667;531
"IIYKCFOYCMJSVAGX8211";2025;4;1;2;1;40;"S";23;469;2;2;39;4;1;2;0;2;584000;935000;311667;531
"IIYKCFOYCMJSVAGX8211";2025;4;1;3;1;40;"S";23;469;3;1;13;3;3;0;0;0;0;935000;311667;0
"WOIISZAKCAHPRKXM8309";2025;4;1;1;1;40;"S";23;323;1;1;81;1;3;0;0;0;0;0;0;0
"EWESCJGFMYISANEI5260";2025;4;1;1;1;40;"S";23;304;1;1;67;6;3;0;0;0;0;0;0;0
"BUXDFKEDYNBLSBPD7012";2025;4;1;1;1;40;"S";23;413;1;1;52;1;1;3;1;2;390000;1870000;467500;468
"BUXDFKEDYNBLSBPD7012";2025;4;1;2;1;40;"S";23;413;2;2;52;3;3;0;0;0;0;1870000;467500;0
"BUXDFKEDYNBLSBPD7012";2025;4;1;3;1;40;"S";23;413;3;1;26;4;1;2;0;2;1480000;1870000;467500;468
"BUXDFKEDYNBLSBPD7012";2025;4;1;4;1;40;"S";23;413;3;2;29;4;3;0;0;0;0;1870000;467500;0
"EBLCLVIPDTQCLXRZ6731";2025;4;1;1;1;40;"S";23;476;1;1;39;6;3;0;0;0;0;176000;44000;0
"EBLCLVIPDTQCLXRZ6731";2025;4;1;2;1;40;"S";23;476;2;2;39;1;1;2;0;3;176000;176000;44000;539
"EBLCLVIPDTQCLXRZ6731";2025;4;1;3;1;40;"S";23;476;3;1;14;1;3;0;0;0;0;176000;44000;0
"EBLCLVIPDTQCLXRZ6731";2025;4;1;4;1;40;"S";23;476;3;1;13;2;3;0;0;0;0;176000;44000;0
"SFBOAPSWHWYMLDXG2969";2025;4;1;1;1;40;"S";23;217;1;1;69;1;3;0;0;0;0;1164000;194000;0
"SFBOAPSWHWYMLDXG2969";2025;4;1;2;1;40;"S";23;217;2;2;72;6;3;0;0;0;0;1164000;194000;0
"SFBOAPSWHWYMLDXG2969";2025;4;1;3;1;40;"S";23;217;3;2;39;4;1;3;2;2;293000;1164000;194000;246
"SFBOAPSWHWYMLDXG2969";2025;4;1;4;1;40;"S";23;217;5;1;33;6;1;3;1;2;567000;1164000;194000;246
"SFBOAPSWHWYMLDXG2969";2025;4;1;5;1;40;"S";23;217;3;1;31;3;1;3;2;3;-9;1164000;194000;0
"SFBOAPSWHWYMLDXG2969";2025;4;1;6;1;40;"S";23;217;3;1;31;1;1;3;1;3;304000;1164000;194000;246
"ETIETOMYXEODBYKC5130";2025;4;1;1;1;40;"S";23;268;1;1;67;4;3;0;0;0;0;556000;278000;0
"ETIETOMYXEODBYKC5130";2025;4;1;2;1;40;"S";23;268;9;1;37;3;1;1;0;2;556000;556000;278000;304
"ETIETOMYXEODBYKC5130";2025;4;2;1;1;40;"S";23;269;1;2;74;5;3;0;0;0;0;406000;203000;0
"ETIETOMYXEODBYKC5130";2025;4;2;2;1;40;"S";23;269;2;1;79;4;1;3;2;2;406000;406000;203000;305
"QRSVBSSECWWHRVMM5091";2025;4;1;1;1;40;"S";23;304;1;1;62;6;3;0;0;0;0;366000;183000;0
"QRSVBSSECWWHRVMM5091";2025;4;1;2;1;40;"S";23;304;3;1;30;3;1;3;2;2;366000;366000;183000;344
"USOTMHMVDGBMSXNP4998";2025;4;1;1;1;40;"S";23;588;1;2;41;6;3;0;0;0;0;0;0;0
"USOTMHMVDGBMSXNP4998";2025;4;1;2;1;40;"S";23;588;2;1;43;3;1;3;1;3;-9;0;0;0
"USOTMHMVDGBMSXNP4998";2025;4;1;3;1;40;"S";23;588;3;1;18;3;3;0;0;0;0;0;0;0
"USOTMHMVDGBMSXNP4998";2025;4;1;4;1;40;"S";23;588;3;1;17;2;3;0;0;0;0;0;0;0
"MHIEKNDZBSTYWYIV5929";2025;4;1;1;1;40;"S";23;306;1;2;42;3;1;3;1;3;804000;804000;268000;347
"MHIEKNDZBSTYWYIV5929";2025;4;1;2;1;40;"S";23;306;3;2;21;4;3;0;0;0;0;804000;268000;0
"MHIEKNDZBSTYWYIV5929";2025;4;1;3;1;40;"S";23;306;3;1;16;2;3;0;0;0;0;804000;268000;0
"JLAQMNSFWSFJTSAI1703";2025;4;1;1;1;40;"S";23;304;1;2;23;5;3;0;0;0;0;0;0;0
"JLAQMNSFWSFJTSAI1703";2025;4;1;2;1;40;"S";23;304;3;1;2;7;4;0;0;0;0;0;0;0
"JLAQMNSFWSFJTSAI1703";2025;4;1;3;1;40;"S";23;304;3;2;2;7;4;0;0;0;0;0;0;0
"JLAQMNSFWSFJTSAI1703";2025;4;1;4;1;40;"S";23;304;9;1;2;7;4;0;0;0;0;0;0;0
"JLAQMNSFWSFJTSAI1703";2025;4;1;5;1;40;"S";23;304;3;2;2;7;4;0;0;0;0;0;0;0
"JLAQMNSFWSFJTSAI1703";2025;4;1;6;1;40;"S";23;304;3;2;2;7;4;0;0;0;0;0;0;0
"KDAATJUVZXHZRQAR5419";2025;4;1;1;1;40;"S";23;338;1;2;28;6;3;0;0;0;0;853000;284333;0
"KDAATJUVZXHZRQAR5419";2025;4;1;2;1;40;"S";23;338;2;1;26;6;1;2;0;2;853000;853000;284333;383
"KDAATJUVZXHZRQAR5419";2025;4;1;3;1;40;"S";23;338;3;2;6;1;4;0;0;0;0;853000;284333;0
"GHQBTRORGWVDXZHF4950";2025;4;1;1;1;40;"S";23;338;1;1;29;4;1;3;1;2;237000;482000;160667;383
"GHQBTRORGWVDXZHF4950";2025;4;1;2;1;40;"S";23;338;2;2;29;4;1;3;1;2;245000;482000;160667;383
"GHQBTRORGWVDXZHF4950";2025;4;1;3;1;40;"S";23;338;3;2;7;1;4;0;0;0;0;482000;160667;0
"DWKKYTMKLGJEVKES3812";2025;4;1;1;1;40;"S";23;144;1;2;70;1;3;0;0;0;0;0;0;0
"DAHMYSNHOUEKMZZI4578";2025;4;1;1;1;40;"S";23;410;1;1;75;6;3;0;0;0;0;0;0;0
"HSKJTNCORZNKWXYD7287";2025;4;1;1;1;40;"S";23;153;1;2;82;6;3;0;0;0;0;0;0;0
"HSKJTNCORZNKWXYD7287";2025;4;1;2;1;40;"S";23;153;2;1;76;2;3;0;0;0;0;0;0;0
"RSZGBVGJSSQHMTII3537";2025;4;1;1;1;40;"S";23;558;1;1;45;6;1;3;1;2;-9;0;0;0
"RSZGBVGJSSQHMTII3537";2025;4;1;2;1;40;"S";23;558;2;2;44;4;3;0;0;0;0;0;0;0
"RSZGBVGJSSQHMTII3537";2025;4;1;3;1;40;"S";23;558;3;2;23;4;3;0;0;0;0;0;0;0
"VKMPYFGAOTWDCMPP4286";2025;4;1;1;1;40;"S";23;351;1;2;70;3;3;0;0;0;0;0;0;0
"ALGNULXRPMYSOBJR4157";2025;4;1;1;1;40;"S";23;306;1;1;54;1;1;3;1;2;520000;520000;260000;347
"ALGNULXRPMYSOBJR4157";2025;4;1;2;1;40;"S";23;306;3;1;22;4;3;0;0;0;0;520000;260000;0
"PRHTLVBMYKOHOLJI9997";2025;4;1;1;1;40;"S";23;221;1;1;38;3;1;2;0;2;256000;256000;85333;250
"PRHTLVBMYKOHOLJI9997";2025;4;1;2;1;40;"S";23;221;2;2;43;3;3;0;0;0;0;256000;85333;0
"PRHTLVBMYKOHOLJI9997";2025;4;1;3;1;40;"S";23;221;3;2;13;2;3;0;0;0;0;256000;85333;0
"YZCTCINXFFQMVNIP1973";2025;4;1;1;1;40;"S";23;376;1;1;41;2;1;1;0;1;827000;827000;413500;426
"YZCTCINXFFQMVNIP1973";2025;4;1;2;1;40;"S";23;376;2;2;35;1;3;0;0;0;0;827000;413500;0
"JGVMTGPDHRWBAVCP8201";2025;4;1;1;1;40;"S";23;191;1;2;42;6;1;3;1;3;364000;1171000;585500;216
"JGVMTGPDHRWBAVCP8201";2025;4;1;2;1;40;"S";23;191;2;1;47;2;1;3;2;2;807000;1171000;585500;216
"RKODAYCZPCWVOEBY3995";2025;4;1;1;1;40;"S";23;375;1;2;67;4;1;3;1;2;1506000;1506000;753000;425
"RKODAYCZPCWVOEBY3995";2025;4;1;2;1;40;"S";23;375;2;1;70;3;3;0;0;0;0;1506000;753000;0
"RVJHDKYDVBGRCNCR7313";2025;4;1;1;1;40;"S";23;413;1;1;32;2;1;2;0;3;225000;225000;225000;468
"WYXNXTITKECLPCLF3316";2025;4;1;1;1;40;"S";23;298;1;1;55;1;1;2;0;2;73000;73000;18250;338
"WYXNXTITKECLPCLF3316";2025;4;1;2;1;40;"S";23;298;2;2;57;3;3;0;0;0;0;73000;18250;0
"WYXNXTITKECLPCLF3316";2025;4;1;3;1;40;"S";23;298;3;1;23;4;3;0;0;0;0;73000;18250;0
"WYXNXTITKECLPCLF3316";2025;4;1;4;1;40;"S";23;298;3;1;32;3;2;0;0;0;0;73000;18250;0
"YGMSTZPDGAMPTISI4916";2025;4;1;1;1;40;"S";23;248;1;1;66;6;3;0;0;0;0;829000;276333;0
"YGMSTZPDGAMPTISI4916";2025;4;1;2;1;40;"S";23;248;2;2;60;3;3;0;0;0;0;829000;276333;0
"YGMSTZPDGAMPTISI4916";2025;4;1;3;1;40;"S";23;248;3;1;40;4;1;3;2;2;829000;829000;276333;281
"FCBPKYSATDLKBIPZ8504";2025;4;1;1;1;40;"S";23;816;1;2;63;2;1;3;1;3;627000;627000;627000;924
"IGNIJXDKAYJDDRTF8716";2025;4;1;1;1;40;"S";23;907;1;1;75;1;3;0;0;0;0;469000;93800;0
"IGNIJXDKAYJDDRTF8716";2025;4;1;2;1;40;"S";23;907;2;2;77;3;3;0;0;0;0;469000;93800;0
"IGNIJXDKAYJDDRTF8716";2025;4;1;3;1;40;"S";23;907;3;2;31;6;3;0;0;0;0;469000;93800;0
"IGNIJXDKAYJDDRTF8716";2025;4;1;4;1;40;"S";23;907;3;1;33;4;2;0;0;0;0;469000;93800;0
"IGNIJXDKAYJDDRTF8716";2025;4;1;5;1;40;"S";23;907;3;1;34;5;1;3;2;3;469000;469000;93800;1027
"ZCWGSAUKRMGJIRBK4601";2025;4;1;1;1;40;"S";23;326;1;1;30;4;1;2;0;2;281000;614000;102333;369
"ZCWGSAUKRMGJIRBK4601";2025;4;1;2;1;40;"S";23;326;2;2;35;4;1;3;1;3;333000;614000;102333;369
"ZCWGSAUKRMGJIRBK4601";2025;4;1;3;1;40;"S";23;326;3;1;6;1;4;0;0;0;0;614000;102333;0
"ZCWGSAUKRMGJIRBK4601";2025;4;1;4;1;40;"S";23;326;3;1;8;1;4;0;0;0;0;614000;102333;0
"ZCWGSAUKRMGJIRBK4601";2025;4;1;5;1;40;"S";23;326;3;2;6;1;4;0;0;0;0;614000;102333;0
"ZCWGSAUKRMGJIRBK4601";2025;4;1;6;1;40;"S";23;326;3;2;7;1;4;0;0;0;0;614000;102333;0
"CXXVSIOOUKIQBXYZ4848";2025;4;1;1;1;40;"S";23;502;1;2;37;4;3;0;0;0;0;638000;212667;0
"CXXVSIOOUKIQBXYZ4848";2025;4;1;2;1;40;"S";23;502;2;1;33;4;1;3;2;3;638000;638000;212667;569
"CXXVSIOOUKIQBXYZ4848";2025;4;1;3;1;40;"S";23;502;3;1;10;1;3;0;0;0;0;638000;212667;0
"DDUAJBTCAUSFTAEE8970";2025;4;1;1;1;40;"S";23;448;1;1;54;4;1;3;1;2;861000;861000;861000;507
"HKQLHVWQSKYLWRWX3265";2025;4;1;1;1;40;"S";23;273;1;2;65;2;3;0;0;0;0;0;0;0
"HKQLHVWQSKYLWRWX3265";2025;4;1;2;1;40;"S";23;273;2;1;70;3;3;0;0;0;0;0;0;0
"OIQHBEJQLLURPSHA7422";2025;4;1;1;1;40;"S";23;355;1;1;41;4;2;0;0;0;0;0;0;0
"OIQHBEJQLLURPSHA7422";2025;4;1;2;1;40;"S";23;355;2;2;38;1;3;0;0;0;0;0;0;0
"OIQHBEJQLLURPSHA7422";2025;4;1;3;1;40;"S";23;355;3;1;13;2;3;0;0;0;0;0;0;0
"OIQHBEJQLLURPSHA7422";2025;4;1;4;1;40;"S";23;355;3;2;13;3;3;0;0;0;0;0;0;0
"OIQHBEJQLLURPSHA7422";2025;4;1;5;1;40;"S";23;355;3;2;13;3;3;0;0;0;0;0;0;0
"LSBYVKLIHHFSKGWF3651";2025;4;1;1;1;40;"S";23;385;1;1;47;3;1;3;2;2;265000;265000;88333;436
"LSBYVKLIHHFSKGWF3651";2025;4;1;2;1;40;"S";23;385;3;1;17;2;3;0;0;0;0;265000;88333;0
"LSBYVKLIHHFSKGWF3651";2025;4;1;3;1;40;"S";23;385;3;1;15;2;3;0;0;0;0;265000;88333;0
"SNISHKMLFPNXWZYC2775";2025;4;1;1;1;40;"S";23;245;1;1;77;2;3;0;0;0;0;971000;485500;0
"SNISHKMLFPNXWZYC2775";2025;4;1;2;1;40;"S";23;245;3;2;31;4;1;3;1;1;971000;971000;485500;277
"SNISHKMLFPNXWZYC2775";2025;4;2;1;1;40;"S";23;172;1;2;58;5;3;0;0;0;0;0;0;0
"EBFPGNVPUVZGBAPA0544";2025;4;1;1;1;40;"S";23;349;1;2;25;3;1;3;2;2;518000;518000;172667;395
"EBFPGNVPUVZGBAPA0544";2025;4;1;2;1;40;"S";23;349;3;1;4;7;4;0;0;0;0;518000;172667;0
"EBFPGNVPUVZGBAPA0544";2025;4;1;3;1;40;"S";23;349;3;2;3;7;4;0;0;0;0;518000;172667;0
"OTHIJGKKADGIAQKO9971";2025;4;1;1;1;40;"N";25;152;1;2;57;4;1;3;1;2;390000;1957000;489250;175
"OTHIJGKKADGIAQKO9971";2025;4;1;2;1;40;"N";25;152;2;1;61;4;3;0;0;0;0;1957000;489250;0
"OTHIJGKKADGIAQKO9971";2025;4;1;3;1;40;"N";25;152;3;1;28;4;1;3;2;2;1097000;1957000;489250;175
"OTHIJGKKADGIAQKO9971";2025;4;1;4;1;40;"N";25;152;3;1;28;4;1;3;1;2;470000;1957000;489250;175
"NOJBDGPMTJMCWSRF3594";2025;4;1;1;1;40;"N";25;380;1;1;28;2;1;3;1;3;403000;1047000;523500;437
"NOJBDGPMTJMCWSRF3594";2025;4;1;2;1;40;"N";25;380;2;2;26;3;1;2;0;3;644000;1047000;523500;437
"KIXLSRENWXOVBWRZ0048";2025;4;1;1;1;40;"N";25;85;1;1;49;3;1;2;0;2;598000;2766000;461000;98
"KIXLSRENWXOVBWRZ0048";2025;4;1;2;1;40;"N";25;85;2;2;45;1;3;0;0;0;0;2766000;461000;0
"KIXLSRENWXOVBWRZ0048";2025;4;1;3;1;40;"N";25;85;3;1;28;3;1;3;1;3;633000;2766000;461000;98
"KIXLSRENWXOVBWRZ0048";2025;4;1;4;1;40;"N";25;85;9;2;25;2;3;0;0;0;0;2766000;461000;0
"KIXLSRENWXOVBWRZ0048";2025;4;1;5;1;40;"N";25;85;3;1;20;4;1;3;1;1;1139000;2766000;461000;98
"KIXLSRENWXOVBWRZ0048";2025;4;1;6;1;40;"N";25;85;3;2;29;4;1;2;0;2;396000;2766000;461000;98
"UFMAOSEUVBVZTOWO4170";2025;4;1;1;1;40;"N";25;202;1;1;34;6;1;3;1;2;-9;0;0;0
"UFMAOSEUVBVZTOWO4170";2025;4;1;2;1;40;"N";25;202;9;2;10;1;3;0;0;0;0;0;0;0
"UFMAOSEUVBVZTOWO4170";2025;4;1;3;1;40;"N";25;202;3;1;9;1;4;0;0;0;0;0;0;0
"UFMAOSEUVBVZTOWO4170";2025;4;1;4;1;40;"N";25;202;3;2;13;3;3;0;0;0;0;0;0;0
"UFMAOSEUVBVZTOWO4170";2025;4;1;5;1;40;"N";25;202;3;2;9;1;4;0;0;0;0;0;0;0
"UXUTBJRQUYYMBIDO3142";2025;4;1;1;1;40;"N";25;151;1;1;30;2;1;3;1;2;422000;1659000;414750;174
"UXUTBJRQUYYMBIDO3142";2025;4;1;2;1;40;"N";25;151;2;2;27;6;1;3;1;3;1237000;1659000;414750;174
"UXUTBJRQUYYMBIDO3142";2025;4;1;3;1;40;"N";25;151;3;1;8;1;4;0;0;0;0;1659000;414750;0
"UXUTBJRQUYYMBIDO3142";2025;4;1;4;1;40;"N";25;151;3;1;6;1;4;0;0;0;0;1659000;414750;0
"DKODNVUZSSRQFMQC6735";2025;4;1;1;1;40;"N";25;208;1;1;57;2;3;0;0;0;0;1174000;293500;0
"DKODNVUZSSRQFMQC6735";2025;4;1;2;1;40;"N";25;208;2;2;55;3;1;3;2;2;1174000;1174000;293500;239
"DKODNVUZSSRQFMQC6735";2025;4;1;3;1;40;"N";25;208;3;1;29;4;3;0;0;0;0;1174000;293500;0
"DKODNVUZSSRQFMQC6735";2025;4;1;4;1;40;"N";25;208;3;2;25;6;3;0;0;0;0;1174000;293500;0
"PMHGWYCLYPWCACLU0396";2025;4;1;1;1;40;"N";25;165;1;1;45;4;1;3;2;2;130000;1536000;256000;190
"PMHGWYCLYPWCACLU0396";2025;4;1;2;1;40;"N";25;165;2;2;50;5;1;3;2;2;0;1536000;256000;190
"PMHGWYCLYPWCACLU0396";2025;4;1;3;1;40;"N";25;165;3;1;23;5;3;0;0;0;0;1536000;256000;0
"PMHGWYCLYPWCACLU0396";2025;4;1;4;1;40;"N";25;165;5;2;16;3;3;0;0;0;0;1536000;256000;0
"PMHGWYCLYPWCACLU0396";2025;4;1;5;1;40;"N";25;165;3;1;19;4;1;3;1;2;1406000;1536000;256000;190
"PMHGWYCLYPWCACLU0396";2025;4;1;6;1;40;"N";25;165;3;1;17;1;2;0;0;0;0;1536000;256000;0
"TMXVPLEOSDKYFYVX8882";2025;4;1;1;1;40;"N";25;228;1;1;68;6;3;0;0;0;0;0;0;0
"TMXVPLEOSDKYFYVX8882";2025;4;1;2;1;40;"N";25;228;2;2;71;2;3;0;0;0;0;0;0;0
"FJPSFLNFQXVHHXCQ7606";2025;4;1;1;1;40;"N";25;156;1;2;33;2;3;0;0;0;0;0;0;0
"CSFCJQDHVFDCPEBX7288";2025;4;1;1;1;40;"N";25;271;1;2;52;2;3;0;0;0;0;4017000;669500;0
"CSFCJQDHVFDCPEBX7288";2025;4;1;2;1;40;"N";25;271;2;1;56;4;3;0;0;0;0;4017000;669500;0
"CSFCJQDHVFDCPEBX7288";2025;4;1;3;1;40;"N";25;271;3;1;24;5;3;0;0;0;0;4017000;669500;0
"CSFCJQDHVFDCPEBX7288";2025;4;1;4;1;40;"N";25;271;3;1;22;3;1;3;1;3;314000;4017000;669500;312
"CSFCJQDHVFDCPEBX7288";2025;4;1;5;1;40;"N";25;271;3;2;30;4;1;2;0;3;378000;4017000;669500;312
"CSFCJQDHVFDCPEBX7288";2025;4;1;6;1;40;"N";25;271;3;2;28;4;1;3;1;2;3325000;4017000;669500;312
"GKWHTOLXRCASTVGS7200";2025;4;1;1;1;40;"N";25;195;1;2;56;2;1;2;0;3;229000;2047000;1023500;224
"GKWHTOLXRCASTVGS7200";2025;4;1;2;1;40;"N";25;195;2;1;51;6;1;2;0;2;1818000;2047000;1023500;224
"OWQJIAKXCTEEGGLI2203";2025;4;1;1;1;40;"N";25;287;1;2;35;2;1;3;1;2;208000;862000;215500;330
"OWQJIAKXCTEEGGLI2203";2025;4;1;2;1;40;"N";25;287;2;1;41;1;1;3;1;2;654000;862000;215500;330
"OWQJIAKXCTEEGGLI2203";2025;4;1;3;1;40;"N";25;287;3;2;15;3;3;0;0;0;0;862000;215500;0
"OWQJIAKXCTEEGGLI2203";2025;4;1;4;1;40;"N";25;287;3;1;12;2;3;0;0;0;0;862000;215500;0
"HZCJOQZWJIUAZZSY0753";2025;4;1;1;1;40;"N";25;265;1;1;53;2;1;2;0;2;240000;681000;170250;305
"HZCJOQZWJIUAZZSY0753";2025;4;1;2;1;40;"N";25;265;2;2;49;4;3;0;0;0;0;681000;170250;0
"HZCJOQZWJIUAZZSY0753";2025;4;1;3;1;40;"N";25;265;3;1;19;4;1;3;1;2;135000;681000;170250;305
"HZCJOQZWJIUAZZSY0753";2025;4;1;4;1;40;"N";25;265;3;1;19;3;1;2;0;3;306000;681000;170250;305
"QWKWBDMFTSEMFKXR4000";2025;4;1;1;1;40;"N";25;136;1;2;41;6;3;0;0;0;0;164000;41000;0
"QWKWBDMFTSEMFKXR4000";2025;4;1;2;1;40;"N";25;136;2;1;45;1;1;3;1;2;164000;164000;41000;156
"QWKWBDMFTSEMFKXR4000";2025;4;1;3;1;40;"N";25;136;3;1;21;5;3;0;0;0;0;164000;41000;0
"QWKWBDMFTSEMFKXR4000";2025;4;1;4;1;40;"N";25;136;3;1;16;2;3;0;0;0;0;164000;41000;0
"PBXHPTIQHVMNLBMW3784";2025;4;1;1;1;40;"N";25;153;1;1;46;6;1;3;2;2;3734000;3734000;1244667;176
"PBXHPTIQHVMNLBMW3784";2025;4;1;2;1;40;"N";25;153;2;2;52;4;3;0;0;0;0;3734000;1244667;0
"PBXHPTIQHVMNLBMW3784";2025;4;1;3;1;40;"N";25;153;3;2;17;3;3;0;0;0;0;3734000;1244667;0
"CKDKUGQHKFOGKMXT4969";2025;4;1;1;1;40;"N";25;160;1;1;57;3;1;3;1;2;414000;894000;223500;184
"CKDKUGQHKFOGKMXT4969";2025;4;1;2;1;40;"N";25;160;2;2;53;6;1;3;1;2;480000;894000;223500;184
"CKDKUGQHKFOGKMXT4969";2025;4;1;3;1;40;"N";25;160;3;2;21;5;2;0;0;0;0;894000;223500;0
"CKDKUGQHKFOGKMXT4969";2025;4;1;4;1;40;"N";25;160;3;2;24;3;3;0;0;0;0;894000;223500;0
"EJWQHARSGUYIFMPF4661";2025;4;1;1;1;40;"N";25;381;1;1;26;2;1;3;1;3;441000;441000;147000;438
"EJWQHARSGUYIFMPF4661";2025;4;1;2;1;40;"N";25;381;3;1;5;1;4;0;0;0;0;441000;147000;0
"EJWQHARSGUYIFMPF4661";2025;4;1;3;1;40;"N";25;381;3;1;6;1;4;0;0;0;0;441000;147000;0
"GFMRTPFTWNPOBYWZ3316";2025;4;1;1;1;40;"N";25;104;1;1;56;6;1;2;0;2;1417000;3972000;794400;120
"GFMRTPFTWNPOBYWZ3316";2025;4;1;2;1;40;"N";25;104;3;1;25;6;1;3;1;2;1519000;3972000;794400;120
"GFMRTPFTWNPOBYWZ3316";2025;4;1;3;1;40;"N";25;104;3;1;30;3;1;3;1;3;541000;3972000;794400;120
"GFMRTPFTWNPOBYWZ3316";2025;4;1;4;1;40;"N";25;104;3;1;35;1;1;2;0;2;495000;3972000;794400;120
"GFMRTPFTWNPOBYWZ3316";2025;4;1;5;1;40;"N";25;104;3;1;21;6;2;0;0;0;0;3972000;794400;0
"LYERMYJAAFJXWVHQ5872";2025;4;1;1;1;40;"N";25;162;1;1;31;1;1;3;1;2;905000;905000;301667;186
"LYERMYJAAFJXWVHQ5872";2025;4;1;2;1;40;"N";25;162;3;1;9;2;4;0;0;0;0;905000;301667;0
"LYERMYJAAFJXWVHQ5872";2025;4;1;3;1;40;"N";25;162;3;2;11;1;3;0;0;0;0;905000;301667;0
"POFQAFTVZZMNENWH1644";2025;4;1;1;1;40;"N";25;278;1;1;25;6;2;0;0;0;0;0;0;0
"POFQAFTVZZMNENWH1644";2025;4;1;2;1;40;"N";25;278;2;2;19;4;3;0;0;0;0;0;0;0
"JFBOMTWRFKPPZQJV8130";2025;4;1;1;1;40;"N";25;123;1;2;72;4;3;0;0;0;0;0;0;0
"JFBOMTWRFKPPZQJV8130";2025;4;1;2;1;40;"N";25;123;2;1;70;3;2;0;0;0;0;0;0;0
"TCPZZZNBSRZIFLSF3085";2025;4;1;1;1;40;"N";25;276;1;1;24;4;3;0;0;0;0;0;0;0
"TCPZZZNBSRZIFLSF3085";2025;4;1;2;1;40;"N";25;276;5;2;2;7;4;0;0;0;0;0;0;0
"TCPZZZNBSRZIFLSF3085";2025;4;1;3;1;40;"N";25;276;3;2;2;7;4;0;0;0;0;0;0;0
"STDYHQBYPVPIGRQD1739";2025;4;1;1;1;40;"N";25;315;1;2;22;4;3;0;0;0;0;0;0;0
"STDYHQBYPVPIGRQD1739";2025;4;1;2;1;40;"N";25;315;3;1;2;7;4;0;0;0;0;0;0;0
"STDYHQBYPVPIGRQD1739";2025;4;1;3;1;40;"N";25;315;3;2;2;7;4;0;0;0;0;0;0;0
"STDYHQBYPVPIGRQD1739";2025;4;1;4;1;40;"N";25;315;3;1;2;7;4;0;0;0;0;0;0;0
"STDYHQBYPVPIGRQD1739";2025;4;1;5;1;40;"N";25;315;3;2;2;7;4;0;0;0;0;0;0;0
"ERHIJQMNIFBMPACX9446";2025;4;1;1;1;40;"N";25;307;1;2;76;1;3;0;0;0;0;1641000;328200;0
"ERHIJQMNIFBMPACX9446";2025;4;1;2;1;40;"N";25;307;2;1;75;2;3;0;0;0;0;1641000;328200;0
"ERHIJQMNIFBMPACX9446";2025;4;1;3;1;40;"N";25;307;3;2;56;2;1;3;2;3;1348000;1641000;328200;353
"ERHIJQMNIFBMPACX9446";2025;4;1;4;1;40;"N";25;307;5;1;40;2;1;3;2;2;293000;1641000;328200;353
"ERHIJQMNIFBMPACX9446";2025;4;1;5;1;40;"N";25;307;3;2;48;2;3;0;0;0;0;1641000;328200;0
"PQIPSNEBXESOLOFZ0071";2025;4;1;1;1;40;"N";25;134;1;2;53;6;1;3;2;2;-9;0;0;0
"IXXQVYLDTXAPKKYV5482";2025;4;1;1;1;40;"N";25;78;1;2;37;6;3;0;0;0;0;924000;184800;0
"IXXQVYLDTXAPKKYV5482";2025;4;1;2;1;40;"N";25;78;2;1;36;6;1;3;2;2;924000;924000;184800;90
"IXXQVYLDTXAPKKYV5482";2025;4;1;3;1;40;"N";25;78;3;1;10;1;3;0;0;0;0;924000;184800;0
"IXXQVYLDTXAPKKYV5482";2025;4;1;4;1;40;"N";25;78;3;1;12;3;3;0;0;0;0;924000;184800;0
"IXXQVYLDTXAPKKYV5482";2025;4;1;5;1;40;"N";25;78;3;2;9;1;4;0;0;0;0;924000;184800;0
"NTITQBIKZTUCKUZL3080";2025;4;1;1;1;40;"N";25;222;1;2;62;4;1;3;2;3;162000;1416000;354000;255
"NTITQBIKZTUCKUZL3080";2025;4;1;2;1;40;"N";25;222;3;1;36;4;1;3;1;3;590000;1416000;354000;255
"NTITQBIKZTUCKUZL3080";2025;4;1;3;1;40;"N";25;222;3;1;26;2;1;3;1;3;-9;1416000;354000;0
"NTITQBIKZTUCKUZL3080";2025;4;1;4;1;40;"N";25;222;3;2;35;6;1;1;0;3;664000;1416000;354000;255
"XFJHLZXWNRJOVWIS9716";2025;4;1;1;1;40;"N";25;134;1;2;78;3;3;0;0;0;0;0;0;0
"AKGVPFAYKHCHIPWD4017";2025;4;1;1;1;40;"N";25;154;1;1;71;7;3;0;0;0;0;0;0;0
"AKGVPFAYKHCHIPWD4017";2025;4;1;2;1;40;"N";25;154;2;2;73;2;3;0;0;0;0;0;0;0
"AKGVPFAYKHCHIPWD4017";2025;4;2;1;1;40;"N";25;263;1;2;23;5;3;0;0;0;0;0;0;0
"ALKABLIOCKQHGSTR8497";2025;4;1;1;1;40;"N";25;99;1;1;49;7;1;3;2;1;941000;941000;235250;114
"ALKABLIOCKQHGSTR8497";2025;4;1;2;1;40;"N";25;99;2;2;46;6;3;0;0;0;0;941000;235250;0
"ALKABLIOCKQHGSTR8497";2025;4;1;3;1;40;"N";25;99;3;1;16;2;3;0;0;0;0;941000;235250;0
"ALKABLIOCKQHGSTR8497";2025;4;1;4;1;40;"N";25;99;3;1;17;3;3;0;0;0;0;941000;235250;0
"VPQCUOYHAPGTHHUX1803";2025;4;1;1;1;40;"N";25;278;1;2;78;3;3;0;0;0;0;2123000;707667;0
"VPQCUOYHAPGTHHUX1803";2025;4;1;2;1;40;"N";25;278;9;2;49;4;1;3;1;4;535000;2123000;707667;320
"VPQCUOYHAPGTHHUX1803";2025;4;1;3;1;40;"N";25;278;3;1;40;6;1;3;1;2;1588000;2123000;707667;320
"KYSOPVKYKIEPPGHF6350";2025;4;1;1;1;40;"N";25;168;1;2;41;6;3;0;0;0;0;1102000;183667;0
"KYSOPVKYKIEPPGHF6350";2025;4;1;2;1;40;"N";25;168;5;1;18;4;1;3;2;3;1102000;1102000;183667;193
"KYSOPVKYKIEPPGHF6350";2025;4;1;3;1;40;"N";25;168;5;1;21;1;3;0;0;0;0;1102000;183667;0
"KYSOPVKYKIEPPGHF6350";2025;4;1;4;1;40;"N";25;168;3;2;14;3;3;0;0;0;0;1102000;183667;0
"KYSOPVKYKIEPPGHF6350";2025;4;1;5;1;40;"N";25;168;3;1;13;1;3;0;0;0;0;1102000;183667;0
"KYSOPVKYKIEPPGHF6350";2025;4;1;6;1;40;"N";25;168;3;1;20;4;3;0;0;0;0;1102000;183667;0
"ERSPCNLAQJNCCEUK5195";2025;4;1;1;1;40;"N";25;166;1;2;61;2;3;0;0;0;0;0;0;0
"ERSPCNLAQJNCCEUK5195";2025;4;1;2;1;40;"N";25;166;2;1;65;3;2;0;0;0;0;0;0;0
"ERSPCNLAQJNCCEUK5195";2025;4;1;3;1;40;"N";25;166;5;2;34;3;3;0;0;0;0;0;0;0
"GMNLFJPEMQFHBHAA2984";2025;4;1;1;1;40;"N";25;168;1;1;74;2;1;3;1;1;283000;1532000;383000;193
"GMNLFJPEMQFHBHAA2984";2025;4;1;2;1;40;"N";25;168;3;1;38;2;2;0;0;0;0;1532000;383000;0
"GMNLFJPEMQFHBHAA2984";2025;4;1;3;1;40;"N";25;168;3;2;49;6;1;3;2;2;1249000;1532000;383000;193
"GMNLFJPEMQFHBHAA2984";2025;4;1;4;1;40;"N";25;168;3;1;38;5;1;3;1;3;-9;1532000;383000;0
"GDVJYALOZCHEVEZR7933";2025;4;1;1;1;40;"N";25;76;1;1;42;6;3;0;0;0;0;0;0;0
"GDVJYALOZCHEVEZR7933";2025;4;1;2;1;40;"N";25;76;2;2;46;1;3;0;0;0;0;0;0;0
"GDVJYALOZCHEVEZR7933";2025;4;1;3;1;40;"N";25;76;3;2;21;3;3;0;0;0;0;0;0;0
"GDVJYALOZCHEVEZR7933";2025;4;1;4;1;40;"N";25;76;3;2;16;3;3;0;0;0;0;0;0;0
"IEZQJORORQQAERGW4028";2025;4;1;1;1;40;"N";25;288;1;2;50;7;1;3;1;2;-9;0;0;0
"JUNGWJJFYWDHKPXF0780";2025;4;1;1;1;40;"N";25;99;1;1;46;4;1;3;2;2;1974000;1974000;987000;114
"JUNGWJJFYWDHKPXF0780";2025;4;1;2;1;40;"N";25;99;2;2;52;5;1;3;1;2;-9;1974000;987000;0
"JJEOHKNNDCURWRZQ2508";2025;4;1;1;1;40;"N";25;176;1;1;46;2;1;2;0;2;630000;2970000;594000;202
"JJEOHKNNDCURWRZQ2508";2025;4;1;2;1;40;"N";25;176;2;2;50;7;1;3;1;3;296000;2970000;594000;202
"JJEOHKNNDCURWRZQ2508";2025;4;1;3;1;40;"N";25;176;3;2;20;3;3;0;0;0;0;2970000;594000;0
"JJEOHKNNDCURWRZQ2508";2025;4;1;4;1;40;"N";25;176;3;1;25;6;1;1;0;3;2044000;2970000;594000;202
"JJEOHKNNDCURWRZQ2508";2025;4;1;5;1;40;"N";25;176;5;2;21;4;3;0;0;0;0;2970000;594000;0
"SLGSREBRJJTNDORO1633";2025;4;1;1;1;40;"N";25;130;1;2;31;4;3;0;0;0;0;794000;264667;0
"SLGSREBRJJTNDORO1633";2025;4;1;2;1;40;"N";25;130;2;1;34;2;1;3;1;2;794000;794000;264667;149
"SLGSREBRJJTNDORO1633";2025;4;1;3;1;40;"N";25;130;3;2;9;1;4;0;0;0;0;794000;264667;0
"EIHJLHKHJCBRXKJB2960";2025;4;1;1;1;40;"N";25;161;1;1;52;3;1;3;2;3;320000;320000;160000;185
"EIHJLHKHJCBRXKJB2960";2025;4;1;2;1;40;"N";25;161;2;2;52;6;3;0;0;0;0;320000;160000;0
"EJOOHPSIHXQDSHBM8721";2025;4;1;1;1;40;"N";25;248;1;1;59;6;1;2;0;2;-9;1746000;436500;0
"EJOOHPSIHXQDSHBM8721";2025;4;1;2;1;40;"N";25;248;2;2;58;6;1;3;1;2;1410000;1746000;436500;285
"EJOOHPSIHXQDSHBM8721";2025;4;1;3;1;40;"N";25;248;3;1;36;3;1;2;0;3;202000;1746000;436500;285
"EJOOHPSIHXQDSHBM8721";2025;4;1;4;1;40;"N";25;248;3;1;30;4;1;3;2;3;134000;1746000;436500;285
"WYKSPTOISGKAMXRS0224";2025;4;1;1;1;40;"N";25;312;1;1;34;6;1;3;1;2;1353000;1353000;225500;359
"WYKSPTOISGKAMXRS0224";2025;4;1;2;1;40;"N";25;312;2;2;34;2;1;2;0;2;-9;1353000;225500;0
"WYKSPTOISGKAMXRS0224";2025;4;1;3;1;40;"N";25;312;3;1;10;1;3;0;0;0;0;1353000;225500;0
"WYKSPTOISGKAMXRS0224";2025;4;1;4;1;40;"N";25;312;3;2;7;1;4;0;0;0;0;1353000;225500;0
"WYKSPTOISGKAMXRS0224";2025;4;1;5;1;40;"N";25;312;3;1;13;2;3;0;0;0;0;1353000;225500;0
"WYKSPTOISGKAMXRS0224";2025;4;1;6;1;40;"N";25;312;3;1;12;3;3;0;0;0;0;1353000;225500;0
"TLVRCMUPCCTBUNCT3805";2025;4;1;1;1;40;"N";25;344;1;1;74;4;3;0;0;0;0;0;0;0
"TLVRCMUPCCTBUNCT3805";2025;4;1;2;1;40;"N";25;344;2;2;73;2;3;0;0;0;0;0;0;0
"AWDACKHYCOYQFPPN7463";2025;4;1;1;1;42;"N";26;103;1;1;48;3;1;3;1;4;152000;816000;408000;175
"AWDACKHYCOYQFPPN7463";2025;4;1;2;1;42;"N";26;103;2;2;43;3;1;3;1;2;664000;816000;408000;175
"EQJJZRUGQOHOBBDJ6313";2025;4;1;1;1;42;"N";26;248;1;1;80;5;3;0;0;0;0;636000;212000;0
"EQJJZRUGQOHOBBDJ6313";2025;4;1;2;1;42;"N";26;248;2;2;83;1;3;0;0;0;0;636000;212000;0
"EQJJZRUGQOHOBBDJ6313";2025;4;1;3;1;42;"N";26;248;3;2;45;2;1;3;1;2;636000;636000;212000;422
"PJEOWQRZLEBZMUZL9867";2025;4;1;1;1;42;"N";26;231;1;1;82;4;3;0;0;0;0;860000;172000;0
"PJEOWQRZLEBZMUZL9867";2025;4;1;2;1;42;"N";26;231;2;2;83;6;3;0;0;0;0;860000;172000;0
"PJEOWQRZLEBZMUZL9867";2025;4;1;3;1;42;"N";26;231;9;2;41;5;1;3;1;3;860000;860000;172000;393
"PJEOWQRZLEBZMUZL9867";2025;4;1;4;1;42;"N";26;231;3;2;45;5;3;0;0;0;0;860000;172000;0
"PJEOWQRZLEBZMUZL9867";2025;4;1;5;1;42;"N";26;231;9;2;37;3;3;0;0;0;0;860000;172000;0
"VRJONTGPDMEJPQSW3986";2025;4;1;1;1;42;"N";26;125;1;2;34;2;3;0;0;0;0;340000;113333;0
"VRJONTGPDMEJPQSW3986";2025;4;1;2;1;42;"N";26;125;2;1;35;6;1;3;2;2;340000;340000;113333;213
"VRJONTGPDMEJPQSW3986";2025;4;1;3;1;42;"N";26;125;5;1;9;1;4;0;0;0;0;340000;113333;0
"YBSQZNRTFHLLZWQU0653";2025;4;1;1;1;42;"N";26;297;1;2;77;4;1;3;1;2;-9;2539000;423167;0
"YBSQZNRTFHLLZWQU0653";2025;4;1;2;1;42;"N";26;297;2;1;80;6;3;0;0;0;0;2539000;423167;0
"YBSQZNRTFHLLZWQU0653";2025;4;1;3;1;42;"N";26;297;5;1;41;4;1;3;1;2;822000;2539000;423167;505
"YBSQZNRTFHLLZWQU0653";2025;4;1;4;1;42;"N";26;297;3;1;46;5;1;2;0;2;1633000;2539000;423167;505
"YBSQZNRTFHLLZWQU0653";2025;4;1;5;1;42;"N";26;297;3;1;53;3;3;0;0;0;0;2539000;423167;0
"YBSQZNRTFHLLZWQU0653";2025;4;1;6;1;42;"N";26;297;3;1;43;1;1;2;0;2;84000;2539000;423167;505
"QVQRGDSRJUXLPADO1608";2025;4;1;1;1;42;"N";26;370;1;2;29;7;1;3;2;3;315000;315000;105000;630
"QVQRGDSRJUXLPADO1608";2025;4;1;2;1;42;"N";26;370;2;1;28;3;2;0;0;0;0;315000;105000;0
"QVQRGDSRJUXLPADO1608";2025;4;1;3;1;42;"N";26;370;3;1;6;1;4;0;0;0;0;315000;105000;0
"QGKZDDFYKSZWHQUH3032";2025;4;1;1;1;42;"N";26;321;1;1;24;4;1;3;2;2;-9;0;0;0
"QGKZDDFYKSZWHQUH3032";2025;4;1;2;1;42;"N";26;321;3;1;3;7;4;0;0;0;0;0;0;0
"TJCFOCXCXSOURJRR4477";2025;4;1;1;1;42;"N";26;104;1;1;29;4;1;3;1;2;841000;841000;841000;177
"RNRIXINCEOLFOCGV1380";2025;4;1;1;1;42;"N";26;158;1;2;36;2;3;0;0;0;0;0;0;0
"LWHOCXSBIGTMOJDI9438";2025;4;1;1;1;42;"N";26;164;1;1;52;4;1;2;0;3;-9;0;0;0
"LWHOCXSBIGTMOJDI9438";2025;4;1;2;1;42;"N";26;164;2;2;49;2;3;0;0;0;0;0;0;0
"LWHOCXSBIGTMOJDI9438";2025;4;1;3;1;42;"N";26;164;3;2;23;5;3;0;0;0;0;0;0;0
"ZHNGRJPWUAGWQADX3581";2025;4;1;1;1;42;"N";26;167;1;1;59;3;3;0;0;0;0;0;0;0
"KTKLKWIFVQVXPENC9856";2025;4;1;1;1;42;"N";26;198;1;1;54;5;1;3;2;3;-9;0;0;0
"KTKLKWIFVQVXPENC9856";2025;4;1;2;1;42;"N";26;198;2;2;56;1;3;0;0;0;0;0;0;0
"BILTANJOWGSWAEOB0713";2025;4;1;1;1;42;"N";26;446;1;2;24;4;3;0;0;0;0;0;0;0
"IFHJJZBWVWDPUYZU5036";2025;4;1;1;1;42;"N";26;218;1;2;64;4;3;0;0;0;0;0;0;0
"CXPXZXMMFSOOQQQB5309";2025;4;1;1;1;42;"N";26;134;1;2;48;6;3;0;0;0;0;953000;190600;0
"CXPXZXMMFSOOQQQB5309";2025;4;1;2;1;42;"N";26;134;2;1;44;6;1;3;1;2;472000;953000;190600;228
"CXPXZXMMFSOOQQQB5309";2025;4;1;3;1;42;"N";26;134;5;1;25;4;1;3;1;3;481000;953000;190600;228
"CXPXZXMMFSOOQQQB5309";2025;4;1;4;1;42;"N";26;134;3;1;24;5;1;3;1;1;-9;953000;190600;0
"CXPXZXMMFSOOQQQB5309";2025;4;1;5;1;42;"N";26;134;3;2;27;3;3;0;0;0;0;953000;190600;0
"XRRJNTIYQXPNKZFN8382";2025;4;1;1;1;42;"N";26;172;1;2;69;6;3;0;0;0;0;0;0;0
"XQTSTFTBEDWJHYOK4898";2025;4;1;1;1;42;"N";26;298;1;1;30;5;1;3;1;2;-9;0;0;0
"NJKRIMNDCIHKVAEV7170";2025;4;1;1;1;42;"N";26;184;1;2;41;6;1;3;1;2;381000;1587000;793500;313
"NJKRIMNDCIHKVAEV7170";2025;4;1;2;1;42;"N";26;184;2;1;35;3;1;3;1;2;1206000;1587000;793500;313
"AXGXBCNEYFSLHTKY1529";2025;4;1;1;1;42;"N";26;187;1;2;71;2;3;0;0;0;0;0;0;0
"AXGXBCNEYFSLHTKY1529";2025;4;1;2;1;42;"N";26;187;2;1;76;5;3;0;0;0;0;0;0;0
"AXGXBCNEYFSLHTKY1529";2025;4;1;3;1;42;"N";26;187;3;2;41;3;3;0;0;0;0;0;0;0
"AXGXBCNEYFSLHTKY1529";2025;4;1;4;1;42;"N";26;187;3;2;35;3;3;0;0;0;0;0;0;0
"BZFTIULCDDVISGJZ2939";2025;4;1;1;1;42;"N";26;130;1;2;80;4;3;0;0;0;0;0;0;0
"MYGBFNIHYULXYXRM5544";2025;4;1;1;1;42;"N";26;212;1;2;67;5;3;0;0;0;0;0;0;0
"MYGBFNIHYULXYXRM5544";2025;4;1;2;1;42;"N";26;212;2;1;66;4;3;0;0;0;0;0;0;0
"MNVPVJLPNCWZIWEY3919";2025;4;1;1;1;42;"N";26;350;1;1;56;3;1;3;1;2;-9;0;0;0
"MNVPVJLPNCWZIWEY3919";2025;4;1;2;1;42;"N";26;350;3;2;30;3;3;0;0;0;0;0;0;0
"MNVPVJLPNCWZIWEY3919";2025;4;1;3;1;42;"N";26;350;3;2;24;4;3;0;0;0;0;0;0;0
"MNVPVJLPNCWZIWEY3919";2025;4;1;4;1;42;"N";26;350;9;1;23;4;3;0;0;0;0;0;0;0
"AOJKBIURCWBWXMYP8034";2025;4;1;1;1;42;"N";26;443;1;2;43;4;3;0;0;0;0;1547000;515667;0
"AOJKBIURCWBWXMYP8034";2025;4;1;2;1;42;"N";26;443;3;1;17;2;1;3;2;2;1020000;1547000;515667;754
"AOJKBIURCWBWXMYP8034";2025;4;1;3;1;42;"N";26;443;3;1;20;4;1;3;1;2;527000;1547000;515667;754
"ZZQPMBFYNTMDKCHI1880";2025;4;1;1;1;42;"N";26;245;1;2;73;1;3;0;0;0;0;0;0;0
"ZZQPMBFYNTMDKCHI1880";2025;4;1;2;1;42;"N";26;245;2;1;71;2;3;0;0;0;0;0;0;0
"ZZQPMBFYNTMDKCHI1880";2025;4;1;3;1;42;"N";26;245;3;1;28;6;3;0;0;0;0;0;0;0
"ZZQPMBFYNTMDKCHI1880";2025;4;1;4;1;42;"N";26;245;3;2;36;3;3;0;0;0;0;0;0;0
"LXEQDJNCJEBPHDLG7358";2025;4;1;1;1;42;"N";26;326;1;1;67;3;3;0;0;0;0;0;0;0
"LXEQDJNCJEBPHDLG7358";2025;4;1;2;1;42;"N";26;326;2;2;71;6;3;0;0;0;0;0;0;0
"ODMSSUXONNRGOIWO5539";2025;4;1;1;1;42;"N";26;149;1;1;49;4;1;3;2;3;-9;0;0;0
"WJSNPWYRBPLMLHCF6952";2025;4;1;1;1;42;"N";26;171;1;2;61;4;1;3;2;2;-9;0;0;0
"WJSNPWYRBPLMLHCF6952";2025;4;1;2;1;42;"N";26;171;2;1;59;5;3;0;0;0;0;0;0;0
"SDZYMLWLTSWFVUXL4013";2025;4;1;1;1;42;"N";26;281;1;2;67;5;3;0;0;0;0;0;0;0
"SDZYMLWLTSWFVUXL4013";2025;4;1;2;1;42;"N";26;281;2;1;71;6;3;0;0;0;0;0;0;0
"SDZYMLWLTSWFVUXL4013";2025;4;1;3;1;42;"N";26;281;3;1;35;4;3;0;0;0;0;0;0;0
"BBIONIAQOGHMKPOB2479";2025;4;1;1;1;42;"N";26;271;1;2;51;5;1;3;2;2;618000;618000;618000;461
"BBIONIAQOGHMKPOB2479";2025;4;2;1;1;42;"N";26;196;1;2;26;3;3;0;0;0;0;0;0;0
"BBIONIAQOGHMKPOB2479";2025;4;2;2;1;42;"N";26;196;2;1;20;5;1;3;1;2;-9;0;0;0
"VECOOIMKTHUVHHYM5751";2025;4;1;1;1;42;"N";26;174;1;2;28;7;1;2;0;2;951000;1643000;547667;296
"VECOOIMKTHUVHHYM5751";2025;4;1;2;1;42;"N";26;174;2;1;24;2;1;3;2;2;692000;1643000;547667;296
"VECOOIMKTHUVHHYM5751";2025;4;1;3;1;42;"N";26;174;3;1;4;7;4;0;0;0;0;1643000;547667;0
"MZYMZOMUBXKTZPEN3466";2025;4;1;1;1;42;"N";26;303;1;2;39;2;1;3;1;1;-9;0;0;0
"MZYMZOMUBXKTZPEN3466";2025;4;1;2;1;42;"N";26;303;3;2;17;1;3;0;0;0;0;0;0;0
"VJHHHOWZEQYUHBRI4879";2025;4;1;1;1;42;"N";26;225;1;2;42;6;3;0;0;0;0;0;0;0
"VJHHHOWZEQYUHBRI4879";2025;4;1;2;1;42;"N";26;225;2;1;45;6;1;3;1;2;-9;0;0;0
"VJHHHOWZEQYUHBRI4879";2025;4;1;3;1;42;"N";26;225;3;1;13;2;3;0;0;0;0;0;0;0
"VJHHHOWZEQYUHBRI4879";2025;4;1;4;1;42;"N";26;225;3;1;19;6;3;0;0;0;0;0;0;0
"QSOEOQTGDNDETHQF3391";2025;4;1;1;1;42;"N";26;302;1;2;61;3;3;0;0;0;0;0;0;0
"QSOEOQTGDNDETHQF3391";2025;4;1;2;1;42;"N";26;302;2;1;56;2;1;3;2;3;-9;0;0;0
"QSOEOQTGDNDETHQF3391";2025;4;1;3;1;42;"N";26;302;3;2;30;4;1;3;1;3;-9;0;0;0
"EGZPSWWSUYMYCNEG7818";2025;4;1;1;1;42;"N";26;401;1;2;57;4;3;0;0;0;0;0;0;0
"EGZPSWWSUYMYCNEG7818";2025;4;1;2;1;42;"N";26;401;2;1;51;2;3;0;0;0;0;0;0;0
"XZFQGWBBKCCNRJLN4413";2025;4;1;1;1;42;"N";26;206;1;1;40;2;3;0;0;0;0;1245000;415000;0
"XZFQGWBBKCCNRJLN4413";2025;4;1;2;1;42;"N";26;206;2;2;42;3;1;2;0;3;516000;1245000;415000;351
"XZFQGWBBKCCNRJLN4413";2025;4;1;3;1;42;"N";26;206;3;2;18;5;1;2;0;3;729000;1245000;415000;351
"RCDCPKGDRNVVGPFD1637";2025;4;1;1;1;42;"N";26;160;1;2;56;3;1;3;1;2;-9;0;0;0
"UGGBNCATMCWKFYCN7809";2025;4;1;1;1;42;"N";26;140;1;2;75;2;3;0;0;0;0;0;0;0
"UGGBNCATMCWKFYCN7809";2025;4;1;2;1;42;"N";26;140;3;2;33;2;3;0;0;0;0;0;0;0
"UGGBNCATMCWKFYCN7809";2025;4;1;3;1;42;"N";26;140;3;2;52;6;3;0;0;0;0;0;0;0
"QDSRAFAPJQZKMGWV8878";2025;4;1;1;1;42;"N";26;77;1;1;46;3;3;0;0;0;0;0;0;0
"QDSRAFAPJQZKMGWV8878";2025;4;1;2;1;42;"N";26;77;3;1;25;6;1;2;0;2;-9;0;0;0
"FVBQJJAGXHUWFEFA7137";2025;4;1;1;1;42;"N";26;120;1;2;73;2;3;0;0;0;0;0;0;0
"LPNXJDXGUKSTJMUH6966";2025;4;1;1;1;42;"N";26;202;1;1;65;5;3;0;0;0;0;0;0;0
"LPNXJDXGUKSTJMUH6966";2025;4;1;2;1;42;"N";26;202;2;2;62;6;2;0;0;0;0;0;0;0
"LPNXJDXGUKSTJMUH6966";2025;4;1;3;1;42;"N";26;202;3;2;35;2;3;0;0;0;0;0;0;0
"FHWTEVFOLTUKTARH0379";2025;4;1;1;1;42;"N";26;205;1;2;24;5;3;0;0;0;0;0;0;0
"FHWTEVFOLTUKTARH0379";2025;4;1;2;1;42;"N";26;205;3;1;3;7;4;0;0;0;0;0;0;0
"EJIPWJIMBBCNOROB1154";2025;4;1;1;1;42;"N";26;184;1;1;65;1;3;0;0;0;0;494000;164667;0
"EJIPWJIMBBCNOROB1154";2025;4;1;2;1;42;"N";26;184;3;1;41;1;1;3;1;2;494000;494000;164667;313
"EJIPWJIMBBCNOROB1154";2025;4;1;3;1;42;"N";26;184;3;1;43;3;3;0;0;0;0;494000;164667;0
"MXSETQCQHXQTIEJF5858";2025;4;1;1;1;42;"N";26;144;1;2;63;5;3;0;0;0;0;0;0;0
"MXSETQCQHXQTIEJF5858";2025;4;1;2;1;42;"N";26;144;2;1;66;3;3;0;0;0;0;0;0;0
"AZQGIGJKLGNGBAEF5019";2025;4;1;1;1;42;"N";26;224;1;1;33;5;2;0;0;0;0;0;0;0
"AZQGIGJKLGNGBAEF5019";2025;4;1;2;1;42;"N";26;224;3;2;12;3;3;0;0;0;0;0;0;0
"AZQGIGJKLGNGBAEF5019";2025;4;1;3;1;42;"N";26;224;3;1;9;2;4;0;0;0;0;0;0;0
"AZQGIGJKLGNGBAEF5019";2025;4;1;4;1;42;"N";26;224;3;2;11;2;3;0;0;0;0;0;0;0
"ZRXQACRWUIUZSPZJ4642";2025;4;1;1;1;42;"N";26;58;1;2;45;1;1;3;1;1;-9;0;0;0
"ZRXQACRWUIUZSPZJ4642";2025;4;1;2;1;42;"N";26;58;5;1;21;5;3;0;0;0;0;0;0;0
"ZRXQACRWUIUZSPZJ4642";2025;4;1;3;1;42;"N";26;58;9;1;15;3;3;0;0;0;0;0;0;0
"ZRXQACRWUIUZSPZJ4642";2025;4;1;4;1;42;"N";26;58;3;1;17;3;3;0;0;0;0;0;0;0
"YAICEWZDPNPNFXCG1148";2025;4;1;1;1;42;"N";26;270;1;1;57;6;1;3;1;1;-9;0;0;0
"YAICEWZDPNPNFXCG1148";2025;4;1;2;1;42;"N";26;270;3;2;22;3;3;0;0;0;0;0;0;0
"IKPQPQJDCQSBEDRC5547";2025;4;1;1;1;42;"N";26;161;1;1;36;3;1;2;0;2;-9;0;0;0
"IKPQPQJDCQSBEDRC5547";2025;4;1;2;1;42;"N";26;161;2;2;32;2;3;0;0;0;0;0;0;0
"JUPZRHVJHDYFDOZU1895";2025;4;1;1;1;42;"N";26;194;1;1;39;2;1;3;2;2;362000;362000;120667;330
"JUPZRHVJHDYFDOZU1895";2025;4;1;2;1;42;"N";26;194;2;2;37;6;3;0;0;0;0;362000;120667;0
"JUPZRHVJHDYFDOZU1895";2025;4;1;3;1;42;"N";26;194;9;2;15;3;3;0;0;0;0;362000;120667;0
"GTPQUNSGFJILTQOJ7814";2025;4;1;1;1;42;"N";26;222;1;2;61;6;3;0;0;0;0;1500000;375000;0
"GTPQUNSGFJILTQOJ7814";2025;4;1;2;1;42;"N";26;222;2;1;66;4;3;0;0;0;0;1500000;375000;0
"GTPQUNSGFJILTQOJ7814";2025;4;1;3;1;42;"N";26;222;3;2;26;6;3;0;0;0;0;1500000;375000;0
"GTPQUNSGFJILTQOJ7814";2025;4;1;4;1;42;"N";26;222;5;1;24;3;1;3;2;3;1500000;1500000;375000;378
"YHLNXMVBVUCAVSFM9808";2025;4;1;1;1;42;"N";26;298;1;1;38;2;1;2;0;2;227000;227000;75667;507
"YHLNXMVBVUCAVSFM9808";2025;4;1;2;1;42;"N";26;298;2;2;34;4;3;0;0;0;0;227000;75667;0
"YHLNXMVBVUCAVSFM9808";2025;4;1;3;1;42;"N";26;298;3;1;14;2;3;0;0;0;0;227000;75667;0
"LINKLDGNDRGAVPZH5310";2025;4;1;1;1;42;"N";26;279;1;2;23;4;1;3;2;2;760000;760000;760000;475
"HCKARWIQVPTMDHCR4939";2025;4;1;1;1;42;"N";26;107;1;2;52;4;1;3;2;1;423000;2312000;578000;182
"HCKARWIQVPTMDHCR4939";2025;4;1;2;1;42;"N";26;107;2;1;47;6;1;2;0;1;1889000;2312000;578000;182
"HCKARWIQVPTMDHCR4939";2025;4;1;3;1;42;"N";26;107;3;2;27;4;1;3;1;2;-9;2312000;578000;0
"HCKARWIQVPTMDHCR4939";2025;4;1;4;1;42;"N";26;107;3;2;19;5;3;0;0;0;0;2312000;578000;0
"DAZHTIHEBWRMZEKM1504";2025;4;1;1;1;42;"N";26;196;1;1;35;3;3;0;0;0;0;0;0;0
"DAZHTIHEBWRMZEKM1504";2025;4;1;2;1;42;"N";26;196;2;2;31;4;3;0;0;0;0;0;0;0
"DAZHTIHEBWRMZEKM1504";2025;4;1;3;1;42;"N";26;196;3;2;15;2;1;3;1;2;0;0;0;334
"FPAWWFCYSTEUAJKL4021";2025;4;1;1;1;42;"N";26;84;1;2;41;6;3;0;0;0;0;0;0;0
"FPAWWFCYSTEUAJKL4021";2025;4;1;2;1;42;"N";26;84;3;2;13;1;3;0;0;0;0;0;0;0
"YWETEXSBHPRTQAFQ5399";2025;4;1;1;1;42;"N";26;78;1;1;62;3;3;0;0;0;0;431000;143667;0
"YWETEXSBHPRTQAFQ5399";2025;4;1;2;1;42;"N";26;78;2;2;61;5;3;0;0;0;0;431000;143667;0
"YWETEXSBHPRTQAFQ5399";2025;4;1;3;1;42;"N";26;78;3;2;38;3;1;3;2;3;431000;431000;143667;133
"VNDOTODWDKODSHIX8128";2025;4;1;1;1;42;"N";26;191;1;2;76;4;3;0;0;0;0;583000;291500;0
"VNDOTODWDKODSHIX8128";2025;4;1;2;1;42;"N";26;191;3;2;50;2;1;3;1;2;583000;583000;291500;325
"JDTRKFORWFJIKAQX6807";2025;4;1;1;1;42;"N";26;270;1;1;76;6;3;0;0;0;0;0;0;0
"JDTRKFORWFJIKAQX6807";2025;4;2;1;1;42;"N";26;162;1;1;68;1;3;0;0;0;0;0;0;0
"JDTRKFORWFJIKAQX6807";2025;4;2;2;1;42;"N";26;162;3;2;25;4;3;0;0;0;0;0;0;0
"JDTRKFORWFJIKAQX6807";2025;4;2;3;1;42;"N";26;162;3;2;29;6;3;0;0;0;0;0;0;0
"JDTRKFORWFJIKAQX6807";2025;4;2;4;1;42;"N";26;162;3;2;39;7;1;3;2;3;-9;0;0;0
"SBYTTSWADQJIMBVY9438";2025;4;1;1;1;42;"N";26;107;1;2;55;4;1;3;1;1;-9;0;0;0
"SBYTTSWADQJIMBVY9438";2025;4;1;2;1;42;"N";26;107;2;1;60;5;1;3;1;3;-9;0;0;0
"HMJUVWSLXKPRBVSJ3268";2025;4;1;1;1;42;"S";27;170;1;1;43;4;1;2;0;2;516000;516000;516000;238
"GAUJKXILTRYOESHH6840";2025;4;1;1;1;42;"S";27;372;1;1;30;3;1;3;2;2;815000;1356000;452000;521
"GAUJKXILTRYOESHH6840";2025;4;1;2;1;42;"S";27;372;2;2;26;4;1;3;1;3;541000;1356000;452000;521
"GAUJKXILTRYOESHH6840";2025;4;1;3;1;42;"S";27;372;3;2;5;1;4;0;0;0;0;1356000;452000;0
"VTPHFCREZUPFXSYQ3458";2025;4;1;1;1;42;"S";27;262;1;2;64;2;3;0;0;0;0;209000;52250;0
"VTPHFCREZUPFXSYQ3458";2025;4;1;2;1;42;"S";27;262;3;1;28;1;3;0;0;0;0;209000;52250;0
"VTPHFCREZUPFXSYQ3458";2025;4;1;3;1;42;"S";27;262;3;2;42;5;1;2;0;3;164000;209000;52250;367
"VTPHFCREZUPFXSYQ3458";2025;4;1;4;1;42;"S";27;262;5;2;25;7;1;2;0;2;45000;209000;52250;367
"CZPLNVEUIXKKHCQC9184";2025;4;1;1;1;42;"S";27;506;1;1;80;2;3;0;0;0;0;0;0;0
"CZPLNVEUIXKKHCQC9184";2025;4;1;2;1;42;"S";27;506;2;2;79;1;3;0;0;0;0;0;0;0
"CZPLNVEUIXKKHCQC9184";2025;4;1;3;1;42;"S";27;506;9;1;50;2;1;3;1;3;-9;0;0;0
"MLOJAICPMLKNFUMO6782";2025;4;1;1;1;42;"S";27;432;1;2;24;6;3;0;0;0;0;0;0;0
"RUEKUCTSJKLUDOVY9088";2025;4;1;1;1;42;"S";27;368;1;1;38;6;1;1;0;2;896000;1313000;262600;515
"RUEKUCTSJKLUDOVY9088";2025;4;1;2;1;42;"S";27;368;2;2;35;5;3;0;0;0;0;1313000;262600;0
"RUEKUCTSJKLUDOVY9088";2025;4;1;3;1;42;"S";27;368;3;1;18;5;1;3;1;2;417000;1313000;262600;515
"RUEKUCTSJKLUDOVY9088";2025;4;1;4;1;42;"S";27;368;3;2;16;2;3;0;0;0;0;1313000;262600;0
"RUEKUCTSJKLUDOVY9088";2025;4;1;5;1;42;"S";27;368;3;1;18;5;3;0;0;0;0;1313000;262600;0
"BZOLDJQQXDYWWTGQ1150";2025;4;1;1;1;42;"S";27;973;1;1;71;4;3;0;0;0;0;1348000;674000;0
"BZOLDJQQXDYWWTGQ1150";2025;4;1;2;1;42;"S";27;973;3;1;47;5;1;2;0;2;1348000;1348000;674000;1362
"VARFDHQWGXENWVOL3566";2025;4;1;1;1;42;"S";27;296;1;2;34;7;1;1;0;2;947000;947000;473500;414
"VARFDHQWGXENWVOL3566";2025;4;1;2;1;42;"S";27;296;3;2;11;1;3;0;0;0;0;947000;473500;0
"YBLYPEOLHKZVVWRQ2162";2025;4;1;1;1;42;"S";27;607;1;2;71;2;3;0;0;0;0;0;0;0
"PACRCQKTBSJFEKRH3949";2025;4;1;1;1;42;"S";27;328;1;1;69;5;3;0;0;0;0;0;0;0
"PACRCQKTBSJFEKRH3949";2025;4;1;2;1;42;"S";27;328;2;2;74;6;3;0;0;0;0;0;0;0
"PACRCQKTBSJFEKRH3949";2025;4;1;3;1;42;"S";27;328;3;1;45;6;1;2;0;1;-9;0;0;0
"PACRCQKTBSJFEKRH3949";2025;4;1;4;1;42;"S";27;328;3;1;39;2;1;3;2;2;-9;0;0;0
"VIYBYNAMFRVELBAR9644";2025;4;1;1;1;42;"S";27;603;1;1;80;2;3;0;0;0;0;0;0;0
"UYGLBHEOMADNOGVP5082";2025;4;1;1;1;42;"S";27;335;1;1;39;4;2;0;0;0;0;0;0;0
"UYGLBHEOMADNOGVP5082";2025;4;1;2;1;42;"S";27;335;2;2;39;1;3;0;0;0;0;0;0;0
"UYGLBHEOMADNOGVP5082";2025;4;1;3;1;42;"S";27;335;3;2;14;3;3;0;0;0;0;0;0;0
"UYGLBHEOMADNOGVP5082";2025;4;1;4;1;42;"S";27;335;3;2;11;1;3;0;0;0;0;0;0;0
"TMREUBRCIGRHELRQ8302";2025;4;1;1;1;42;"S";27;447;1;2;26;6;3;0;0;0;0;0;0;0
"TMREUBRCIGRHELRQ8302";2025;4;1;2;1;42;"S";27;447;2;1;24;6;3;0;0;0;0;0;0;0
"PAHZPCJIRMMXNECU8959";2025;4;1;1;1;42;"S";27;606;1;1;76;3;3;0;0;0;0;0;0;0
"PAHZPCJIRMMXNECU8959";2025;4;1;2;1;42;"S";27;606;2;2;81;6;3;0;0;0;0;0;0;0
"PAHZPCJIRMMXNECU8959";2025;4;1;3;1;42;"S";27;606;3;2;49;6;3;0;0;0;0;0;0;0
"PAHZPCJIRMMXNECU8959";2025;4;1;4;1;42;"S";27;606;3;2;37;6;3;0;0;0;0;0;0;0
"PAHZPCJIRMMXNECU8959";2025;4;1;5;1;42;"S";27;606;3;1;48;5;2;0;0;0;0;0;0;0
"PAHZPCJIRMMXNECU8959";2025;4;1;6;1;42;"S";27;606;3;1;34;3;1;3;1;3;-9;0;0;0
"FZVPJZJMTMOVDEOP1165";2025;4;1;1;1;42;"S";27;380;1;2;48;2;3;0;0;0;0;0;0;0
"FZVPJZJMTMOVDEOP1165";2025;4;1;2;1;42;"S";27;380;2;1;49;6;1;1;0;2;-9;0;0;0
"FZVPJZJMTMOVDEOP1165";2025;4;1;3;1;42;"S";27;380;5;1;26;6;1;3;2;2;-9;0;0;0
"FZVPJZJMTMOVDEOP1165";2025;4;1;4;1;42;"S";27;380;3;2;17;2;3;0;0;0;0;0;0;0
"FZVPJZJMTMOVDEOP1165";2025;4;1;5;1;42;"S";27;380;5;2;21;5;3;0;0;0;0;0;0;0
"FZVPJZJMTMOVDEOP1165";2025;4;1;6;1;42;"S";27;380;3;2;15;2;3;0;0;0;0;0;0;0
"OQSEJHGBDTKNYQJT5311";2025;4;1;1;1;42;"S";27;308;1;1;71;1;3;0;0;0;0;0;0;0
"OQSEJHGBDTKNYQJT5311";2025;4;1;2;1;42;"S";27;308;2;2;73;4;3;0;0;0;0;0;0;0
"NOSMDVEFKSTGPNXH3256";2025;4;1;1;1;42;"S";27;503;1;1;38;4;2;0;0;0;0;0;0;0
"NOSMDVEFKSTGPNXH3256";2025;4;1;2;1;42;"S";27;503;2;2;34;2;3;0;0;0;0;0;0;0
"NOSMDVEFKSTGPNXH3256";2025;4;1;3;1;42;"S";27;503;3;1;13;3;3;0;0;0;0;0;0;0
"NOSMDVEFKSTGPNXH3256";2025;4;1;4;1;42;"S";27;503;3;1;11;1;3;0;0;0;0;0;0;0
"MUAWISVMNLUCKKXL0597";2025;4;1;1;1;42;"S";27;338;1;1;62;6;1;3;1;3;267000;267000;267000;473
"XTQGRKDVORQGCUJD4744";2025;4;1;1;1;42;"S";27;548;1;1;65;6;3;0;0;0;0;1034000;206800;0
"XTQGRKDVORQGCUJD4744";2025;4;1;2;1;42;"S";27;548;2;2;66;1;3;0;0;0;0;1034000;206800;0
"XTQGRKDVORQGCUJD4744";2025;4;1;3;1;42;"S";27;548;3;2;30;2;3;0;0;0;0;1034000;206800;0
"XTQGRKDVORQGCUJD4744";2025;4;1;4;1;42;"S";27;548;3;2;30;3;1;2;0;2;417000;1034000;206800;767
"XTQGRKDVORQGCUJD4744";2025;4;1;5;1;42;"S";27;548;3;1;42;3;1;2;0;2;617000;1034000;206800;767
"MKOKVXJXBZHXOBXK9950";2025;4;1;1;1;42;"S";27;237;1;2;71;4;3;0;0;0;0;0;0;0
"MKOKVXJXBZHXOBXK9950";2025;4;1;2;1;42;"S";27;237;2;1;71;5;3;0;0;0;0;0;0;0
"QUWTQLYPDJAIVXSN1849";2025;4;1;1;1;42;"S";27;296;1;1;57;6;3;0;0;0;0;873000;174600;0
"QUWTQLYPDJAIVXSN1849";2025;4;1;2;1;42;"S";27;296;2;2;57;3;1;3;2;2;107000;873000;174600;414
"QUWTQLYPDJAIVXSN1849";2025;4;1;3;1;42;"S";27;296;3;1;29;7;1;3;2;1;323000;873000;174600;414
"QUWTQLYPDJAIVXSN1849";2025;4;1;4;1;42;"S";27;296;3;1;22;5;3;0;0;0;0;873000;174600;0
"QUWTQLYPDJAIVXSN1849";2025;4;1;5;1;42;"S";27;296;3;2;35;3;1;2;0;1;443000;873000;174600;414
"OCTJKFFLMMADHEIR5613";2025;4;1;1;1;42;"S";27;539;1;1;60;4;3;0;0;0;0;1037000;259250;0
"OCTJKFFLMMADHEIR5613";2025;4;1;2;1;42;"S";27;539;5;2;40;2;1;3;2;3;1037000;1037000;259250;755
"OCTJKFFLMMADHEIR5613";2025;4;1;3;1;42;"S";27;539;3;2;30;4;3;0;0;0;0;1037000;259250;0
"OCTJKFFLMMADHEIR5613";2025;4;1;4;1;42;"S";27;539;3;2;21;5;3;0;0;0;0;1037000;259250;0
"QOPMETFGQPPIXBYI3330";2025;4;1;1;1;42;"S";27;437;1;1;78;6;3;0;0;0;0;1028000;257000;0
"QOPMETFGQPPIXBYI3330";2025;4;1;2;1;42;"S";27;437;3;1;51;1;1;3;2;2;-9;1028000;257000;0
"QOPMETFGQPPIXBYI3330";2025;4;1;3;1;42;"S";27;437;3;2;35;1;3;0;0;0;0;1028000;257000;0
"QOPMETFGQPPIXBYI3330";2025;4;1;4;1;42;"S";27;437;3;2;54;7;1;3;2;1;1028000;1028000;257000;612
"ANSSSLOANSODUPGQ8497";2025;4;1;1;1;42;"S";27;377;1;2;65;6;3;0;0;0;0;0;0;0
"ANSSSLOANSODUPGQ8497";2025;4;1;2;1;42;"S";27;377;2;1;59;6;1;2;0;2;-9;0;0;0
"UWZZZLCTONCAPCEZ9399";2025;4;1;1;1;42;"S";27;397;1;1;74;4;3;0;0;0;0;89000;29667;0
"UWZZZLCTONCAPCEZ9399";2025;4;1;2;1;42;"S";27;397;2;2;74;3;3;0;0;0;0;89000;29667;0
"UWZZZLCTONCAPCEZ9399";2025;4;1;3;1;42;"S";27;397;3;1;34;7;1;2;0;1;89000;89000;29667;556
"ZSGTEBQSXZYARZIX2023";2025;4;1;1;1;42;"S";27;264;1;1;60;4;1;3;1;1;1574000;1574000;1574000;370
"WLHVBDZBQRBNLPZI2842";2025;4;1;1;1;42;"S";27;368;1;2;23;3;1;3;2;2;349000;349000;69800;515
"WLHVBDZBQRBNLPZI2842";2025;4;1;2;1;42;"S";27;368;3;1;3;7;4;0;0;0;0;349000;69800;0
"WLHVBDZBQRBNLPZI2842";2025;4;1;3;1;42;"S";27;368;3;2;3;7;4;0;0;0;0;349000;69800;0
"WLHVBDZBQRBNLPZI2842";2025;4;1;4;1;42;"S";27;368;3;1;2;7;4;0;0;0;0;349000;69800;0
"WLHVBDZBQRBNLPZI2842";2025;4;1;5;1;42;"S";27;368;3;2;3;7;4;0;0;0;0;349000;69800;0
"ZWUVMBBBKCKOHQXP2193";2025;4;1;1;1;42;"S";27;631;1;1;72;3;3;0;0;0;0;0;0;0
"ZWUVMBBBKCKOHQXP2193";2025;4;1;2;1;42;"S";27;631;2;2;71;6;3;0;0;0;0;0;0;0
"GJKDALNTSFSJICJO0297";2025;4;1;1;1;42;"S";27;341;1;1;53;1;1;2;0;2;164000;164000;54667;477
"GJKDALNTSFSJICJO0297";2025;4;1;2;1;42;"S";27;341;2;2;59;4;3;0;0;0;0;164000;54667;0
"GJKDALNTSFSJICJO0297";2025;4;1;3;1;42;"S";27;341;3;2;18;5;3;0;0;0;0;164000;54667;0
"GJKDALNTSFSJICJO0297";2025;4;2;1;1;42;"S";27;250;1;1;62;3;3;0;0;0;0;902000;300667;0
"GJKDALNTSFSJICJO0297";2025;4;2;2;1;42;"S";27;250;3;1;32;2;1;3;2;1;-9;902000;300667;0
"GJKDALNTSFSJICJO0297";2025;4;2;3;1;42;"S";27;250;3;1;41;6;1;3;1;2;902000;902000;300667;350
"IFANXURIZUEXUVUF7333";2025;4;1;1;1;42;"S";27;181;1;2;22;4;3;0;0;0;0;0;0;0
"IFANXURIZUEXUVUF7333";2025;4;1;2;1;42;"S";27;181;5;1;2;7;4;0;0;0;0;0;0;0
"IFANXURIZUEXUVUF7333";2025;4;1;3;1;42;"S";27;181;3;2;-1;7;4;0;0;0;0;0;0;0
"XQAVFONFZVQNUFSD5699";2025;4;1;1;1;42;"S";27;435;1;1;45;1;1;3;1;2;1013000;1013000;506500;609
"XQAVFONFZVQNUFSD5699";2025;4;1;2;1;42;"S";27;435;2;2;48;5;3;0;0;0;0;1013000;506500;0
"OIXXRIRLOKCXJODV6322";2025;4;1;1;1;42;"S";27;231;1;1;56;5;2;0;0;0;0;438000;109500;0
"OIXXRIRLOKCXJODV6322";2025;4;1;2;1;42;"S";27;231;3;1;20;3;1;3;1;2;438000;438000;109500;323
"OIXXRIRLOKCXJODV6322";2025;4;1;3;1;42;"S";27;231;3;1;31;6;3;0;0;0;0;438000;109500;0
"OIXXRIRLOKCXJODV6322";2025;4;1;4;1;42;"S";27;231;3;1;23;5;3;0;0;0;0;438000;109500;0
"OPOKGYKUDEMPSNGO7737";2025;4;1;1;1;42;"S";27;403;1;1;60;6;3;0;0;0;0;0;0;0
"MGZYICDVYBQCCEFM7817";2025;4;1;1;1;42;"S";27;294;1;1;79;2;3;0;0;0;0;0;0;0
"MGZYICDVYBQCCEFM7817";2025;4;1;2;1;42;"S";27;294;2;2;78;4;3;0;0;0;0;0;0;0
"FTNRTLNEENFYUMPK0723";2025;4;1;1;1;42;"S";27;407;1;1;56;3;3;0;0;0;0;0;0;0
"FTNRTLNEENFYUMPK0723";2025;4;1;2;1;42;"S";27;407;2;2;58;3;3;0;0;0;0;0;0;0
"LFXHIJBWEGHXSJKA4303";2025;4;1;1;1;42;"S";27;377;1;2;65;6;3;0;0;0;0;966000;483000;0
"LFXHIJBWEGHXSJKA4303";2025;4;1;2;1;42;"S";27;377;2;1;59;6;1;3;1;2;966000;966000;483000;528
"OEWZKWASMOTWDCDO2201";2025;4;1;1;1;42;"S";27;325;1;2;67;2;3;0;0;0;0;406000;135333;0
"OEWZKWASMOTWDCDO2201";2025;4;1;2;1;42;"S";27;325;2;1;70;4;3;0;0;0;0;406000;135333;0
"OEWZKWASMOTWDCDO2201";2025;4;1;3;1;42;"S";27;325;3;1;45;5;1;3;1;2;406000;406000;135333;455
"YMMMZZHUYLDVLITX5345";2025;4;1;1;1;42;"S";27;368;1;1;22;5;3;0;0;0;0;0;0;0
"YMMMZZHUYLDVLITX5345";2025;4;1;2;1;42;"S";27;368;5;2;-1;7;4;0;0;0;0;0;0;0
"YMMMZZHUYLDVLITX5345";2025;4;1;3;1;42;"S";27;368;3;1;-1;7;4;0;0;0;0;0;0;0
"FQSTLKZNFQIAGSOM2357";2025;4;1;1;1;42;"S";27;326;1;2;50;2;1;3;2;3;-9;372000;186000;0
"FQSTLKZNFQIAGSOM2357";2025;4;1;2;1;42;"S";27;326;2;1;54;1;1;3;2;3;372000;372000;186000;456
"UCDJNSZDXRBRVMTI9777";2025;4;1;1;1;42;"S";27;470;1;1;31;6;1;2;0;2;779000;779000;129833;658
"UCDJNSZDXRBRVMTI9777";2025;4;1;2;1;42;"S";27;470;2;2;26;2;3;0;0;0;0;779000;129833;0
"UCDJNSZDXRBRVMTI9777";2025;4;1;3;1;42;"S";27;470;3;1;8;1;4;0;0;0;0;779000;129833;0
"UCDJNSZDXRBRVMTI9777";2025;4;1;4;1;42;"S";27;470;3;2;8;1;4;0;0;0;0;779000;129833;0
"UCDJNSZDXRBRVMTI9777";2025;4;1;5;1;42;"S";27;470;5;2;6;2;4;0;0;0;0;779000;129833;0
"UCDJNSZDXRBRVMTI9777";2025;4;1;6;1;42;"S";27;470;9;2;8;1;4;0;0;0;0;779000;129833;0
"BCDEQFXKGRTUXSWZ5806";2025;4;1;1;1;42;"S";27;616;1;2;60;4;3;0;0;0;0;0;0;0
"BCDEQFXKGRTUXSWZ5806";2025;4;1;2;1;42;"S";27;616;2;1;66;4;3;0;0;0;0;0;0;0
"NLSPLCXYGKLNOGTA4121";2025;4;1;1;1;42;"S";27;139;1;1;75;4;3;0;0;0;0;0;0;0
"NLSPLCXYGKLNOGTA4121";2025;4;1;2;1;42;"S";27;139;2;2;72;4;3;0;0;0;0;0;0;0
"BPFBWIEXCPJTVBPG6208";2025;4;1;1;1;42;"S";27;359;1;2;70;3;3;0;0;0;0;237000;118500;0
"BPFBWIEXCPJTVBPG6208";2025;4;1;2;1;42;"S";27;359;3;2;48;1;1;3;1;2;237000;237000;118500;503
"XAJOITPNQMYAQPEP8244";2025;4;1;1;1;42;"S";27;564;1;1;80;2;3;0;0;0;0;0;0;0
"XAJOITPNQMYAQPEP8244";2025;4;1;2;1;42;"S";27;564;2;2;84;7;3;0;0;0;0;0;0;0
"WKRFSIOOIAMVZHQF2335";2025;4;1;1;1;42;"S";27;943;1;1;82;5;3;0;0;0;0;0;0;0
"WKRFSIOOIAMVZHQF2335";2025;4;1;2;1;42;"S";27;943;2;2;87;3;3;0;0;0;0;0;0;0
"JBLAWTZSRDTYBZKQ1843";2025;4;1;1;1;42;"S";27;433;1;1;58;1;1;3;2;3;-9;1192000;397333;0
"JBLAWTZSRDTYBZKQ1843";2025;4;1;2;1;42;"S";27;433;2;2;62;4;1;3;1;2;582000;1192000;397333;606
"JBLAWTZSRDTYBZKQ1843";2025;4;1;3;1;42;"S";27;433;3;2;22;3;1;3;1;3;610000;1192000;397333;606
"AHAVLLQHFWBIXPVU4715";2025;4;1;1;1;42;"S";27;599;1;1;56;1;3;0;0;0;0;0;0;0
"AHAVLLQHFWBIXPVU4715";2025;4;1;2;1;42;"S";27;599;2;2;50;4;3;0;0;0;0;0;0;0
"JCGHUUXABNMQFGNA8568";2025;4;1;1;1;42;"S";27;437;1;1;40;5;1;3;1;2;-9;0;0;0
"JCGHUUXABNMQFGNA8568";2025;4;1;2;1;42;"S";27;437;3;2;20;5;1;3;1;3;-9;0;0;0
"JCGHUUXABNMQFGNA8568";2025;4;1;3;1;42;"S";27;437;3;1;11;2;3;0;0;0;0;0;0;0
"JCGHUUXABNMQFGNA8568";2025;4;1;4;1;42;"S";27;437;9;1;13;3;3;0;0;0;0;0;0;0
"HVYOGUUMBKYFMVDL9890";2025;4;1;1;1;42;"S";27;460;1;2;44;5;1;2;0;3;-9;0;0;0
"KRLTVLUNHESMAKDD8464";2025;4;1;1;1;42;"S";27;223;1;2;34;3;1;3;1;2;351000;351000;87750;312
"KRLTVLUNHESMAKDD8464";2025;4;1;2;1;42;"S";27;223;3;1;13;2;3;0;0;0;0;351000;87750;0
"KRLTVLUNHESMAKDD8464";2025;4;1;3;1;42;"S";27;223;3;1;11;7;3;0;0;0;0;351000;87750;0
"KRLTVLUNHESMAKDD8464";2025;4;1;4;1;42;"S";27;223;5;2;13;3;3;0;0;0;0;351000;87750;0
"EJXZWRUUDPJYLLAZ4886";2025;4;1;1;1;42;"S";27;350;1;1;71;6;3;0;0;0;0;0;0;0
"LFADAKXMDVCPYANN9219";2025;4;1;1;1;42;"S";27;515;1;1;76;4;3;0;0;0;0;0;0;0
"ODFKUEIVBCOXBJWH6792";2025;4;1;1;1;42;"S";27;285;1;1;62;4;3;0;0;0;0;0;0;0
"ODFKUEIVBCOXBJWH6792";2025;4;1;2;1;42;"S";27;285;2;2;65;6;3;0;0;0;0;0;0;0
"BNGFPWTPWTAJVLJL0008";2025;4;1;1;1;42;"S";27;361;1;2;40;5;1;1;0;2;1501000;1501000;500333;505
"BNGFPWTPWTAJVLJL0008";2025;4;1;2;1;42;"S";27;361;9;2;15;1;3;0;0;0;0;1501000;500333;0
"BNGFPWTPWTAJVLJL0008";2025;4;1;3;1;42;"S";27;361;3;1;15;2;3;0;0;0;0;1501000;500333;0
"ROMYJRJAQAPXVFJW4650";2025;4;1;1;1;42;"S";27;476;1;2;26;5;3;0;0;0;0;0;0;0
"ROMYJRJAQAPXVFJW4650";2025;4;1;2;1;42;"S";27;476;3;1;6;1;4;0;0;0;0;0;0;0
"ROMYJRJAQAPXVFJW4650";2025;4;1;3;1;42;"S";27;476;3;2;4;7;4;0;0;0;0;0;0;0
"ELXBJSCPJLDJDUOJ6168";2025;4;1;1;1;42;"S";27;658;1;1;30;4;1;3;1;2;470000;470000;235000;921
"ELXBJSCPJLDJDUOJ6168";2025;4;1;2;1;42;"S";27;658;2;2;36;3;3;0;0;0;0;470000;235000;0
"TDICZVAMHIUCRHCF8267";2025;4;1;1;1;42;"S";27;334;1;2;49;3;3;0;0;0;0;568000;284000;0
"TDICZVAMHIUCRHCF8267";2025;4;1;2;1;42;"S";27;334;2;1;43;1;1;3;2;2;568000;568000;284000;468
"TDICZVAMHIUCRHCF8267";2025;4;2;1;1;42;"S";27;513;1;1;39;5;1;3;1;2;637000;637000;637000;718
"TYTKPEJGYYYBXUIT3356";2025;4;1;1;1;42;"S";27;227;1;2;80;1;3;0;0;0;0;0;0;0
"TYTKPEJGYYYBXUIT3356";2025;4;1;2;1;42;"S";27;227;5;1;60;3;3;0;0;0;0;0;0;0
"YFGDTZDJOZOKAWEE4828";2025;4;1;1;1;42;"S";27;567;1;2;54;3;1;3;1;2;2468000;2468000;1234000;794
"YFGDTZDJOZOKAWEE4828";2025;4;1;2;1;42;"S";27;567;2;1;58;1;1;3;1;2;-9;2468000;1234000;0
"RKXAZWKAKHDCUJTS1246";2025;4;1;1;1;42;"S";27;175;1;1;26;1;1;2;0;2;205000;205000;102500;245
"RKXAZWKAKHDCUJTS1246";2025;4;1;2;1;42;"S";27;175;2;2;29;4;3;0;0;0;0;205000;102500;0
"ELVGWWCLDQCYSRMU8890";2025;4;1;1;1;42;"S";27;665;1;2;27;3;3;0;0;0;0;1559000;779500;0
"ELVGWWCLDQCYSRMU8890";2025;4;1;2;1;42;"S";27;665;2;1;31;6;1;3;1;3;1559000;1559000;779500;931
"GNKXWNKPXRTFLENV7706";2025;4;1;1;1;42;"S";27;377;1;1;33;6;1;3;1;2;923000;923000;307667;528
"GNKXWNKPXRTFLENV7706";2025;4;1;2;1;42;"S";27;377;2;2;29;4;3;0;0;0;0;923000;307667;0
"GNKXWNKPXRTFLENV7706";2025;4;1;3;1;42;"S";27;377;5;1;8;1;4;0;0;0;0;923000;307667;0
"PQHZVPCKBCSIATOE5940";2025;4;1;1;1;40;"S";29;332;1;1;69;6;3;0;0;0;0;0;0;0
"PQHZVPCKBCSIATOE5940";2025;4;1;2;1;40;"S";29;332;2;2;63;4;3;0;0;0;0;0;0;0
"PQHZVPCKBCSIATOE5940";2025;4;1;3;1;40;"S";29;332;3;1;40;2;1;2;0;2;-9;0;0;0
"TESFPTIKOUPGNELU2030";2025;4;1;1;1;40;"S";29;126;1;2;36;4;2;0;0;0;0;965000;241250;0
"TESFPTIKOUPGNELU2030";2025;4;1;2;1;40;"S";29;126;2;1;40;6;1;3;1;3;965000;965000;241250;207
"TESFPTIKOUPGNELU2030";2025;4;1;3;1;40;"S";29;126;3;2;14;3;3;0;0;0;0;965000;241250;0
"TESFPTIKOUPGNELU2030";2025;4;1;4;1;40;"S";29;126;3;1;10;1;3;0;0;0;0;965000;241250;0
"XNDIKAJELJHUUMCG6956";2025;4;1;1;1;40;"S";29;352;1;2;28;3;1;3;1;1;327000;327000;109000;578
"XNDIKAJELJHUUMCG6956";2025;4;1;2;1;40;"S";29;352;5;2;7;1;4;0;0;0;0;327000;109000;0
"XNDIKAJELJHUUMCG6956";2025;4;1;3;1;40;"S";29;352;3;1;5;1;4;0;0;0;0;327000;109000;0
"UFZFQYHWEOJFLZKQ5575";2025;4;1;1;1;40;"S";29;250;1;2;22;4;3;0;0;0;0;0;0;0
"UFZFQYHWEOJFLZKQ5575";2025;4;1;2;1;40;"S";29;250;5;2;2;7;4;0;0;0;0;0;0;0
"UFZFQYHWEOJFLZKQ5575";2025;4;1;3;1;40;"S";29;250;3;1;-1;7;4;0;0;0;0;0;0;0
"MQCSXQSCUWSSOBZY7959";2025;4;1;1;1;40;"S";29;344;1;2;40;4;3;0;0;0;0;0;0;0
"MQCSXQSCUWSSOBZY7959";2025;4;1;2;1;40;"S";29;344;2;1;46;4;1;3;1;3;-9;0;0;0
"MQCSXQSCUWSSOBZY7959";2025;4;1;3;1;40;"S";29;344;3;1;13;3;3;0;0;0;0;0;0;0
"MQCSXQSCUWSSOBZY7959";2025;4;1;4;1;40;"S";29;344;3;1;14;3;1;3;2;2;-9;0;0;0
"MQCSXQSCUWSSOBZY7959";2025;4;1;5;1;40;"S";29;344;3;2;10;1;3;0;0;0;0;0;0;0
"UPOKIAIKOPUKLEQE8988";2025;4;1;1;1;40;"S";29;317;1;1;67;2;3;0;0;0;0;0;0;0
"ZSSCBDCWUXFKAUSD7180";2025;4;1;1;1;40;"S";29;522;1;2;49;5;1;2;0;2;1775000;1775000;1775000;857
"KKUCJZHWGOKOESTS1266";2025;4;1;1;1;40;"S";29;363;1;1;28;6;1;3;2;2;-9;0;0;0
"KKUCJZHWGOKOESTS1266";2025;4;1;2;1;40;"S";29;363;3;2;8;2;4;0;0;0;0;0;0;0
"TYZMLJRPQQPHRVCI6625";2025;4;1;1;1;40;"S";29;390;1;2;68;2;3;0;0;0;0;0;0;0
"TYZMLJRPQQPHRVCI6625";2025;4;1;2;1;40;"S";29;390;2;1;67;2;1;3;2;2;-9;0;0;0
"QKPEWHFSIZCXXIKP4074";2025;4;1;1;1;40;"S";29;468;1;2;62;4;3;0;0;0;0;0;0;0
"FNGABCMURDAYSLJB5378";2025;4;1;1;1;40;"S";29;387;1;1;73;1;1;3;1;2;425000;2912000;582400;636
"FNGABCMURDAYSLJB5378";2025;4;1;2;1;40;"S";29;387;2;2;73;6;3;0;0;0;0;2912000;582400;0
"FNGABCMURDAYSLJB5378";2025;4;1;3;1;40;"S";29;387;3;2;36;1;1;3;1;3;559000;2912000;582400;636
"FNGABCMURDAYSLJB5378";2025;4;1;4;1;40;"S";29;387;3;2;41;6;1;1;0;2;850000;2912000;582400;636
"FNGABCMURDAYSLJB5378";2025;4;1;5;1;40;"S";29;387;3;2;33;3;1;2;0;2;1078000;2912000;582400;636
"IPTWMOHVGTCBVNXD9638";2025;4;1;1;1;40;"S";29;754;1;2;79;3;3;0;0;0;0;1053000;263250;0
"IPTWMOHVGTCBVNXD9638";2025;4;1;2;1;40;"S";29;754;3;2;49;6;3;0;0;0;0;1053000;263250;0
"IPTWMOHVGTCBVNXD9638";2025;4;1;3;1;40;"S";29;754;3;1;32;3;1;3;2;2;597000;1053000;263250;1239
"IPTWMOHVGTCBVNXD9638";2025;4;1;4;1;40;"S";29;754;3;1;33;7;1;3;1;3;456000;1053000;263250;1239
"WGFAWMPUUUNVNVUE7035";2025;4;1;1;1;40;"S";29;568;1;1;54;3;1;3;2;2;427000;617000;154250;933
"WGFAWMPUUUNVNVUE7035";2025;4;1;2;1;40;"S";29;568;3;1;18;4;0;0;0;0;0;617000;154250;0
"WGFAWMPUUUNVNVUE7035";2025;4;1;3;1;40;"S";29;568;3;2;31;2;1;3;1;1;190000;617000;154250;933
"WGFAWMPUUUNVNVUE7035";2025;4;1;4;1;40;"S";29;568;3;1;22;4;1;2;0;2;-9;617000;154250;0
"HKLREBVORXZPADWK6975";2025;4;1;1;1;40;"S";29;631;1;1;40;6;1;3;1;2;-9;0;0;0
"HKLREBVORXZPADWK6975";2025;4;1;2;1;40;"S";29;631;2;2;38;5;3;0;0;0;0;0;0;0
"HKLREBVORXZPADWK6975";2025;4;1;3;1;40;"S";29;631;5;1;14;3;3;0;0;0;0;0;0;0
"HKLREBVORXZPADWK6975";2025;4;1;4;1;40;"S";29;631;3;2;19;4;3;0;0;0;0;0;0;0
"CILUUTHZFPRFBILG9015";2025;4;1;1;1;40;"S";29;566;1;1;56;1;3;0;0;0;0;117000;23400;0
"CILUUTHZFPRFBILG9015";2025;4;1;2;1;40;"S";29;566;2;2;54;3;3;0;0;0;0;117000;23400;0
"CILUUTHZFPRFBILG9015";2025;4;1;3;1;40;"S";29;566;3;1;21;4;3;0;0;0;0;117000;23400;0
"CILUUTHZFPRFBILG9015";2025;4;1;4;1;40;"S";29;566;9;2;25;4;1;3;1;1;117000;117000;23400;930
"CILUUTHZFPRFBILG9015";2025;4;1;5;1;40;"S";29;566;3;2;26;6;3;0;0;0;0;117000;23400;0
"QMOKVPTSOMAHAKOX0635";2025;4;1;1;1;40;"S";29;536;1;1;54;2;3;0;0;0;0;1860000;465000;0
"QMOKVPTSOMAHAKOX0635";2025;4;1;2;1;40;"S";29;536;2;2;58;1;1;3;1;2;897000;1860000;465000;880
"QMOKVPTSOMAHAKOX0635";2025;4;1;3;1;40;"S";29;536;3;2;28;4;1;3;2;3;963000;1860000;465000;880
"QMOKVPTSOMAHAKOX0635";2025;4;1;4;1;40;"S";29;536;3;2;22;3;3;0;0;0;0;1860000;465000;0
"IZUPBVQPYOWPWNKS7682";2025;4;1;1;1;40;"S";29;1136;1;2;39;3;3;0;0;0;0;2644000;881333;0
"IZUPBVQPYOWPWNKS7682";2025;4;1;2;1;40;"S";29;1136;2;1;40;3;1;3;2;3;2263000;2644000;881333;1866
"IZUPBVQPYOWPWNKS7682";2025;4;1;3;1;40;"S";29;1136;3;1;17;7;1;3;2;2;381000;2644000;881333;1866
"MKTANPOMNLRGZACY6147";2025;4;1;1;1;40;"S";29;555;1;2;40;4;3;0;0;0;0;0;0;0
"DGCSLCJMKBKAJETD7914";2025;4;1;1;1;40;"S";29;393;1;2;39;1;1;3;2;3;492000;492000;246000;646
"DGCSLCJMKBKAJETD7914";2025;4;1;2;1;40;"S";29;393;9;2;18;6;3;0;0;0;0;492000;246000;0
"ICGLITJGPCTYQMYB7833";2025;4;1;1;1;40;"S";29;719;1;2;25;2;1;3;2;2;-9;982000;491000;0
"ICGLITJGPCTYQMYB7833";2025;4;1;2;1;40;"S";29;719;2;1;26;2;1;2;0;2;982000;982000;491000;1181
"THWENUPRKFEPSYXL0367";2025;4;1;1;1;40;"S";29;358;1;2;74;4;3;0;0;0;0;0;0;0
"THWENUPRKFEPSYXL0367";2025;4;1;2;1;40;"S";29;358;2;1;76;5;3;0;0;0;0;0;0;0
"FSLUIQSFNWBOIHHQ2133";2025;4;1;1;1;40;"S";29;211;1;2;80;2;3;0;0;0;0;460000;153333;0
"FSLUIQSFNWBOIHHQ2133";2025;4;1;2;1;40;"S";29;211;3;1;46;4;1;3;1;2;-9;460000;153333;0
"FSLUIQSFNWBOIHHQ2133";2025;4;1;3;1;40;"S";29;211;9;2;32;1;1;3;2;3;460000;460000;153333;347
"OVOJABJDPNVACDSO9171";2025;4;1;1;1;40;"S";29;430;1;1;77;4;3;0;0;0;0;0;0;0
"OVOJABJDPNVACDSO9171";2025;4;1;2;1;40;"S";29;430;3;2;45;3;1;3;1;2;-9;0;0;0
"OVOJABJDPNVACDSO9171";2025;4;1;3;1;40;"S";29;430;3;1;43;2;3;0;0;0;0;0;0;0
"YOSOAWVXEAICBLFG8196";2025;4;1;1;1;40;"S";29;423;1;1;59;5;1;1;0;2;632000;4560000;912000;695
"YOSOAWVXEAICBLFG8196";2025;4;1;2;1;40;"S";29;423;5;2;30;6;1;2;0;2;621000;4560000;912000;695
"YOSOAWVXEAICBLFG8196";2025;4;1;3;1;40;"S";29;423;3;1;24;5;3;0;0;0;0;4560000;912000;0
"YOSOAWVXEAICBLFG8196";2025;4;1;4;1;40;"S";29;423;3;1;38;3;1;2;0;3;1317000;4560000;912000;695
"YOSOAWVXEAICBLFG8196";2025;4;1;5;1;40;"S";29;423;3;1;31;2;1;3;1;3;1990000;4560000;912000;695
"WNOARURXTAWVRZWD0712";2025;4;1;1;1;40;"S";29;377;1;2;43;2;1;3;1;2;-9;0;0;0
"WNOARURXTAWVRZWD0712";2025;4;1;2;1;40;"S";29;377;2;1;37;5;3;0;0;0;0;0;0;0
"WNOARURXTAWVRZWD0712";2025;4;1;3;1;40;"S";29;377;3;1;14;3;3;0;0;0;0;0;0;0
"CBDEEJXIUTDYTDRV9639";2025;4;1;1;1;40;"S";29;382;1;1;76;1;3;0;0;0;0;0;0;0
"VEFUVVCBZXBUQIKW9151";2025;4;1;1;1;40;"S";29;525;1;1;25;4;3;0;0;0;0;0;0;0
"VEFUVVCBZXBUQIKW9151";2025;4;1;2;1;40;"S";29;525;2;2;26;4;1;3;1;3;-9;0;0;0
"VEFUVVCBZXBUQIKW9151";2025;4;1;3;1;40;"S";29;525;9;1;5;1;4;0;0;0;0;0;0;0
"VEFUVVCBZXBUQIKW9151";2025;4;1;4;1;40;"S";29;525;9;1;3;7;4;0;0;0;0;0;0;0
"TXBAOTJENFMMQJNL4486";2025;4;1;1;1;40;"S";29;881;1;2;24;4;2;0;0;0;0;0;0;0
"TXBAOTJENFMMQJNL4486";2025;4;1;2;1;40;"S";29;881;5;2;4;7;4;0;0;0;0;0;0;0
"TXBAOTJENFMMQJNL4486";2025;4;1;3;1;40;"S";29;881;3;2;2;7;4;0;0;0;0;0;0;0
"TXBAOTJENFMMQJNL4486";2025;4;1;4;1;40;"S";29;881;3;1;3;7;4;0;0;0;0;0;0;0
"VGZPITIRSPOVWHZB9098";2025;4;1;1;1;40;"S";29;1187;1;1;74;6;3;0;0;0;0;0;0;0
"VGZPITIRSPOVWHZB9098";2025;4;1;2;1;40;"S";29;1187;2;2;78;6;3;0;0;0;0;0;0;0
"VGZPITIRSPOVWHZB9098";2025;4;2;1;1;40;"S";29;296;1;1;76;2;1;3;1;4;403000;403000;201500;486
"VGZPITIRSPOVWHZB9098";2025;4;2;2;1;40;"S";29;296;2;2;76;4;3;0;0;0;0;403000;201500;0
"FZBPJNSUMPSESMBZ3349";2025;4;1;1;1;40;"S";29;169;1;1;43;4;2;0;0;0;0;572000;143000;0
"FZBPJNSUMPSESMBZ3349";2025;4;1;2;1;40;"S";29;169;2;2;46;6;1;3;1;2;572000;572000;143000;278
"FZBPJNSUMPSESMBZ3349";2025;4;1;3;1;40;"S";29;169;3;2;16;3;3;0;0;0;0;572000;143000;0
"FZBPJNSUMPSESMBZ3349";2025;4;1;4;1;40;"S";29;169;3;1;14;1;3;0;0;0;0;572000;143000;0
"JQUWDOTQUZCYWWOK0412";2025;4;1;1;1;40;"S";29;265;1;1;23;3;1;2;0;2;-9;0;0;0
"JQUWDOTQUZCYWWOK0412";2025;4;1;2;1;40;"S";29;265;3;1;3;7;4;0;0;0;0;0;0;0
"INDGXICHVCSEGMLJ1812";2025;4;1;1;1;40;"S";29;566;1;2;23;3;3;0;0;0;0;0;0;0
"INDGXICHVCSEGMLJ1812";2025;4;1;2;1;40;"S";29;566;3;1;3;7;4;0;0;0;0;0;0;0
"INDGXICHVCSEGMLJ1812";2025;4;1;3;1;40;"S";29;566;3;1;3;7;4;0;0;0;0;0;0;0
"INDGXICHVCSEGMLJ1812";2025;4;1;4;1;40;"S";29;566;3;1;2;7;4;0;0;0;0;0;0;0
"XINENAIYYANOZEUM2231";2025;4;1;1;1;40;"S";29;804;1;1;49;6;1;3;1;2;4242000;4242000;4242000;1321
"KAFVLUXEIDKDWZTH6682";2025;4;1;1;1;40;"S";29;272;1;2;73;1;3;0;0;0;0;316000;105333;0
"KAFVLUXEIDKDWZTH6682";2025;4;1;2;1;40;"S";29;272;2;1;77;7;3;0;0;0;0;316000;105333;0
"KAFVLUXEIDKDWZTH6682";2025;4;1;3;1;40;"S";29;272;3;2;46;3;1;3;1;2;316000;316000;105333;447
"YECNVTMGQWWRKRLT8933";2025;4;1;1;1;40;"S";29;756;1;1;40;3;1;3;2;3;559000;1043000;521500;1242
"YECNVTMGQWWRKRLT8933";2025;4;1;2;1;40;"S";29;756;5;2;19;3;1;3;1;2;484000;1043000;521500;1242
"PSSDZSSNZIABFDDK7842";2025;4;1;1;1;40;"S";29;855;1;2;48;1;3;0;0;0;0;0;0;0
"PSSDZSSNZIABFDDK7842";2025;4;1;2;1;40;"S";29;855;2;1;51;3;1;2;0;2;-9;0;0;0
"CWARPQJFOQSRCHBN0737";2025;4;1;1;1;40;"S";29;1101;1;2;35;2;1;3;1;3;-9;0;0;0
"CWARPQJFOQSRCHBN0737";2025;4;1;2;1;40;"S";29;1101;3;2;13;3;3;0;0;0;0;0;0;0
"WZFIXHAYOARKGVWE2926";2025;4;1;1;1;40;"S";29;409;1;1;39;4;1;2;0;2;474000;474000;158000;672
"WZFIXHAYOARKGVWE2926";2025;4;1;2;1;40;"S";29;409;3;1;14;3;3;0;0;0;0;474000;158000;0
"WZFIXHAYOARKGVWE2926";2025;4;1;3;1;40;"S";29;409;3;1;13;1;3;0;0;0;0;474000;158000;0
"BFWWRNIGVZWZTKAN7050";2025;4;1;1;1;40;"S";29;354;1;2;57;4;1;3;2;2;436000;436000;436000;581
"WVEMEJOOWOXFFWOJ8464";2025;4;1;1;1;40;"S";29;420;1;2;61;4;1;3;2;2;-9;0;0;0
"WVEMEJOOWOXFFWOJ8464";2025;4;1;2;1;40;"S";29;420;3;2;25;7;2;0;0;0;0;0;0;0
"JYCRDJSJROTXRWXC1057";2025;4;1;1;1;40;"S";29;352;1;2;24;3;2;0;0;0;0;0;0;0
"JYCRDJSJROTXRWXC1057";2025;4;1;2;1;40;"S";29;352;3;2;2;7;4;0;0;0;0;0;0;0
"JYCRDJSJROTXRWXC1057";2025;4;1;3;1;40;"S";29;352;9;1;3;7;4;0;0;0;0;0;0;0
"JYCRDJSJROTXRWXC1057";2025;4;1;4;1;40;"S";29;352;3;1;3;7;4;0;0;0;0;0;0;0
"JYCRDJSJROTXRWXC1057";2025;4;1;5;1;40;"S";29;352;3;1;3;7;4;0;0;0;0;0;0;0
"AJSWHYOQTBUIFXZQ2058";2025;4;1;1;1;40;"S";29;360;1;1;40;3;3;0;0;0;0;0;0;0
"GDHVOYEIVUALORCS3305";2025;4;1;1;1;40;"S";29;305;1;2;48;3;1;2;0;2;1746000;1746000;582000;501
"GDHVOYEIVUALORCS3305";2025;4;1;2;1;40;"S";29;305;2;1;50;7;1;3;1;3;0;1746000;582000;501
"GDHVOYEIVUALORCS3305";2025;4;1;3;1;40;"S";29;305;3;1;22;4;3;0;0;0;0;1746000;582000;0
"HHPCWNWWQOQUMIJI7065";2025;4;1;1;1;40;"S";29;561;1;1;75;6;3;0;0;0;0;0;0;0
"HHPCWNWWQOQUMIJI7065";2025;4;1;2;1;40;"S";29;561;2;2;79;3;3;0;0;0;0;0;0;0
"HHPCWNWWQOQUMIJI7065";2025;4;1;3;1;40;"S";29;561;5;1;46;6;1;3;1;2;-9;0;0;0
"OTSTEBQHGQSKEHBL6631";2025;4;1;1;1;40;"S";29;411;1;2;59;6;1;3;1;2;-9;570000;285000;0
"OTSTEBQHGQSKEHBL6631";2025;4;1;2;1;40;"S";29;411;2;1;55;6;1;3;2;2;570000;570000;285000;675
"LGWZDVYESUDWKQEF1299";2025;4;1;1;1;40;"S";29;131;1;1;60;4;3;0;0;0;0;0;0;0
"LGWZDVYESUDWKQEF1299";2025;4;1;2;1;40;"S";29;131;2;2;60;2;2;0;0;0;0;0;0;0
"LGWZDVYESUDWKQEF1299";2025;4;1;3;1;40;"S";29;131;3;1;36;2;3;0;0;0;0;0;0;0
"LGWZDVYESUDWKQEF1299";2025;4;1;4;1;40;"S";29;131;3;1;29;3;3;0;0;0;0;0;0;0
"LGWZDVYESUDWKQEF1299";2025;4;1;5;1;40;"S";29;131;3;1;33;3;1;3;1;2;-9;0;0;0
"LGWZDVYESUDWKQEF1299";2025;4;1;6;1;40;"S";29;131;3;2;32;3;3;0;0;0;0;0;0;0
"BWXDZQMLPLHECXTT8008";2025;4;1;1;1;40;"S";29;199;1;2;24;5;3;0;0;0;0;0;0;0
"BWXDZQMLPLHECXTT8008";2025;4;1;2;1;40;"S";29;199;3;1;3;7;4;0;0;0;0;0;0;0
"BWXDZQMLPLHECXTT8008";2025;4;1;3;1;40;"S";29;199;3;1;3;7;4;0;0;0;0;0;0;0
"EKKMDSLBJMKXQCOQ7094";2025;4;1;1;1;40;"S";29;242;1;2;55;2;3;0;0;0;0;404000;80800;0
"EKKMDSLBJMKXQCOQ7094";2025;4;1;2;1;40;"S";29;242;2;1;58;4;3;0;0;0;0;404000;80800;0
"EKKMDSLBJMKXQCOQ7094";2025;4;1;3;1;40;"S";29;242;3;2;34;3;3;0;0;0;0;404000;80800;0
"EKKMDSLBJMKXQCOQ7094";2025;4;1;4;1;40;"S";29;242;3;1;33;3;1;3;2;2;404000;404000;80800;398
"EKKMDSLBJMKXQCOQ7094";2025;4;1;5;1;40;"S";29;242;9;2;26;1;1;3;2;3;-9;404000;80800;0
"HIRUISVIUBVOJJCQ7478";2025;4;1;1;1;40;"S";29;275;1;1;57;4;1;2;0;2;-9;0;0;0
"HIRUISVIUBVOJJCQ7478";2025;4;1;2;1;40;"S";29;275;2;2;56;4;3;0;0;0;0;0;0;0
"CNGOGZFFGFKIMMRR3941";2025;4;1;1;1;40;"S";29;215;1;1;79;3;3;0;0;0;0;0;0;0
"CNGOGZFFGFKIMMRR3941";2025;4;1;2;1;40;"S";29;215;2;2;83;5;1;2;0;3;-9;0;0;0
"CNGOGZFFGFKIMMRR3941";2025;4;1;3;1;40;"S";29;215;3;2;45;1;3;0;0;0;0;0;0;0
"JVACNCHCFMGWERWI1511";2025;4;1;1;1;40;"S";29;252;1;2;53;4;3;0;0;0;0;695000;139000;0
"JVACNCHCFMGWERWI1511";2025;4;1;2;1;40;"S";29;252;2;1;59;7;1;3;1;2;365000;695000;139000;414
"JVACNCHCFMGWERWI1511";2025;4;1;3;1;40;"S";29;252;3;1;26;4;2;0;0;0;0;695000;139000;0
"JVACNCHCFMGWERWI1511";2025;4;1;4;1;40;"S";29;252;3;2;24;5;3;0;0;0;0;695000;139000;0
"JVACNCHCFMGWERWI1511";2025;4;1;5;1;40;"S";29;252;3;2;25;3;1;3;2;2;330000;695000;139000;414
"ECEFNKBLIZBDSIXQ9938";2025;4;1;1;1;40;"S";29;201;1;2;23;2;3;0;0;0;0;0;0;0
"ECEFNKBLIZBDSIXQ9938";2025;4;1;2;1;40;"S";29;201;3;2;2;7;4;0;0;0;0;0;0;0
"ECEFNKBLIZBDSIXQ9938";2025;4;1;3;1;40;"S";29;201;3;1;2;7;4;0;0;0;0;0;0;0
"ECEFNKBLIZBDSIXQ9938";2025;4;1;4;1;40;"S";29;201;3;2;2;7;4;0;0;0;0;0;0;0
"ECEFNKBLIZBDSIXQ9938";2025;4;1;5;1;40;"S";29;201;3;1;3;7;4;0;0;0;0;0;0;0
"ECEFNKBLIZBDSIXQ9938";2025;4;1;6;1;40;"S";29;201;3;1;2;7;4;0;0;0;0;0;0;0
"PWANLWQHDWBFMBNT6155";2025;4;1;1;1;40;"S";29;455;1;2;80;4;2;0;0;0;0;0;0;0
"YJMNFXWGTZCCEFXC5231";2025;4;1;1;1;40;"S";29;942;1;2;65;2;3;0;0;0;0;0;0;0
"YJMNFXWGTZCCEFXC5231";2025;4;1;2;1;40;"S";29;942;2;1;70;4;3;0;0;0;0;0;0;0
"SAHPMXDOYNIKKXON2407";2025;4;1;1;1;40;"S";29;563;1;2;78;2;3;0;0;0;0;0;0;0
"SAHPMXDOYNIKKXON2407";2025;4;1;2;1;40;"S";29;563;5;1;38;5;1;3;2;3;-9;0;0;0
"OOLMREUGTUFVOQOL0799";2025;4;1;1;1;40;"S";29;569;1;2;64;4;3;0;0;0;0;1417000;236167;0
"OOLMREUGTUFVOQOL0799";2025;4;1;2;1;40;"S";29;569;3;2;28;4;1;3;1;2;0;1417000;236167;935
"OOLMREUGTUFVOQOL0799";2025;4;1;3;1;40;"S";29;569;3;2;42;3;1;3;1;2;-9;1417000;236167;0
"OOLMREUGTUFVOQOL0799";2025;4;1;4;1;40;"S";29;569;3;1;38;1;1;3;1;1;1168000;1417000;236167;935
"OOLMREUGTUFVOQOL0799";2025;4;1;5;1;40;"S";29;569;3;1;38;2;1;2;0;2;249000;1417000;236167;935
"OOLMREUGTUFVOQOL0799";2025;4;1;6;1;40;"S";29;569;3;1;32;3;1;3;1;2;-9;1417000;236167;0
"QLPKGUDTZKGQQJDH7077";2025;4;1;1;1;40;"S";29;599;1;2;48;4;2;0;0;0;0;0;0;0
"QLPKGUDTZKGQQJDH7077";2025;4;1;2;1;40;"S";29;599;2;1;53;5;3;0;0;0;0;0;0;0
"QLPKGUDTZKGQQJDH7077";2025;4;1;3;1;40;"S";29;599;3;1;21;5;2;0;0;0;0;0;0;0
"QLPKGUDTZKGQQJDH7077";2025;4;2;1;1;40;"S";29;637;1;2;68;3;3;0;0;0;0;0;0;0
"QLPKGUDTZKGQQJDH7077";2025;4;2;2;1;40;"S";29;637;2;1;72;1;3;0;0;0;0;0;0;0
"SITGXHECGDVUKJJK7327";2025;4;1;1;1;40;"S";29;216;1;2;65;4;3;0;0;0;0;0;0;0
"IPRWAOGJKHYLUHDJ0059";2025;4;1;1;1;40;"S";29;352;1;2;46;2;1;2;0;2;944000;944000;314667;578
"IPRWAOGJKHYLUHDJ0059";2025;4;1;2;1;40;"S";29;352;3;2;15;2;3;0;0;0;0;944000;314667;0
"IPRWAOGJKHYLUHDJ0059";2025;4;1;3;1;40;"S";29;352;3;2;25;4;1;3;2;2;-9;944000;314667;0
"IBYCPAOYTJTMJMQQ5866";2025;4;1;1;1;40;"S";29;299;1;2;81;3;3;0;0;0;0;0;0;0
"PPDPWDNHNOIETRTN8786";2025;4;1;1;1;40;"S";29;958;1;2;74;3;1;3;1;3;-9;987000;329000;0
"PPDPWDNHNOIETRTN8786";2025;4;1;2;1;40;"S";29;958;2;1;70;1;3;0;0;0;0;987000;329000;0
"PPDPWDNHNOIETRTN8786";2025;4;1;3;1;40;"S";29;958;3;1;39;5;1;3;1;4;987000;987000;329000;1574
"LUIIZYDXWEEXRWYR6098";2025;4;1;1;1;40;"S";29;263;1;2;46;1;3;0;0;0;0;0;0;0
"TFVCQZNUDMHKOSNH2864";2025;4;1;1;1;40;"S";29;384;1;1;49;6;1;3;1;3;-9;2507000;501400;0
"TFVCQZNUDMHKOSNH2864";2025;4;1;2;1;40;"S";29;384;3;1;23;5;1;3;1;2;1550000;2507000;501400;631
"TFVCQZNUDMHKOSNH2864";2025;4;1;3;1;40;"S";29;384;3;1;22;4;3;0;0;0;0;2507000;501400;0
"TFVCQZNUDMHKOSNH2864";2025;4;1;4;1;40;"S";29;384;3;1;18;5;3;0;0;0;0;2507000;501400;0
"TFVCQZNUDMHKOSNH2864";2025;4;1;5;1;40;"S";29;384;3;1;16;2;1;1;0;2;957000;2507000;501400;631
"YTWZUCWMKIDHMSGN7284";2025;4;1;1;1;40;"S";29;1399;1;2;73;6;3;0;0;0;0;1186000;197667;0
"YTWZUCWMKIDHMSGN7284";2025;4;1;2;1;40;"S";29;1399;9;1;42;6;1;3;1;3;-9;1186000;197667;0
"YTWZUCWMKIDHMSGN7284";2025;4;1;3;1;40;"S";29;1399;3;2;36;6;1;2;0;2;316000;1186000;197667;2298
"YTWZUCWMKIDHMSGN7284";2025;4;1;4;1;40;"S";29;1399;3;1;45;4;3;0;0;0;0;1186000;197667;0
"YTWZUCWMKIDHMSGN7284";2025;4;1;5;1;40;"S";29;1399;9;1;28;6;1;3;1;2;870000;1186000;197667;2298
"YTWZUCWMKIDHMSGN7284";2025;4;1;6;1;40;"S";29;1399;3;1;43;6;1;3;1;2;-9;1186000;197667;0
"MKXAWGGFPSGOLSGR4197";2025;4;1;1;1;40;"S";29;371;1;1;66;6;3;0;0;0;0;0;0;0
"MKXAWGGFPSGOLSGR4197";2025;4;1;2;1;40;"S";29;371;2;2;65;6;3;0;0;0;0;0;0;0
"MKXAWGGFPSGOLSGR4197";2025;4;1;3;1;40;"S";29;371;5;2;33;3;3;0;0;0;0;0;0;0
"MQHFUOJYJGXDZEJW1082";2025;4;1;1;1;40;"S";29;840;1;2;47;6;1;2;0;4;678000;2615000;653750;1380
"MQHFUOJYJGXDZEJW1082";2025;4;1;2;1;40;"S";29;840;2;1;48;6;1;3;2;3;1937000;2615000;653750;1380
"MQHFUOJYJGXDZEJW1082";2025;4;1;3;1;40;"S";29;840;3;2;21;5;1;3;1;2;-9;2615000;653750;0
"MQHFUOJYJGXDZEJW1082";2025;4;1;4;1;40;"S";29;840;3;1;21;3;3;0;0;0;0;2615000;653750;0
"DCATQZTDDEUNGHRO9799";2025;4;1;1;1;40;"S";29;405;1;1;65;6;1;2;0;2;2025000;5586000;1117200;665
"DCATQZTDDEUNGHRO9799";2025;4;1;2;1;40;"S";29;405;3;2;42;3;3;0;0;0;0;5586000;1117200;0
"DCATQZTDDEUNGHRO9799";2025;4;1;3;1;40;"S";29;405;3;1;41;6;1;3;1;2;3561000;5586000;1117200;665
"DCATQZTDDEUNGHRO9799";2025;4;1;4;1;40;"S";29;405;3;1;26;7;1;4;0;3;0;5586000;1117200;665
"DCATQZTDDEUNGHRO9799";2025;4;1;5;1;40;"S";29;405;5;1;33;3;1;3;1;3;-9;5586000;1117200;0
"OYAUYSFRIQJLJKQQ1635";2025;4;1;1;1;40;"S";29;274;1;1;47;5;1;3;1;3;513000;1168000;292000;450
"OYAUYSFRIQJLJKQQ1635";2025;4;1;2;1;40;"S";29;274;3;2;18;4;3;0;0;0;0;1168000;292000;0
"OYAUYSFRIQJLJKQQ1635";2025;4;1;3;1;40;"S";29;274;9;2;27;3;1;2;0;2;655000;1168000;292000;450
"OYAUYSFRIQJLJKQQ1635";2025;4;1;4;1;40;"S";29;274;3;2;24;3;3;0;0;0;0;1168000;292000;0
"WKRZJBPMIWDNNOFY1200";2025;4;1;1;1;40;"S";29;607;1;2;74;4;3;0;0;0;0;0;0;0
"WKRZJBPMIWDNNOFY1200";2025;4;1;2;1;40;"S";29;607;2;1;73;3;3;0;0;0;0;0;0;0
"WKRZJBPMIWDNNOFY1200";2025;4;1;3;1;40;"S";29;607;3;2;49;6;2;0;0;0;0;0;0;0
"PSJLHBBKQKGZFNBQ3934";2025;4;1;1;1;40;"S";29;591;1;2;45;2;1;3;1;3;-9;0;0;0
"XAVGIUDCTNGKGKVM2797";2025;4;1;1;1;40;"S";29;293;1;2;62;4;3;0;0;0;0;0;0;0
"XAVGIUDCTNGKGKVM2797";2025;4;1;2;1;40;"S";29;293;3;2;24;5;1;2;0;3;-9;0;0;0
"LVSNXWTOGBUNPAFR2240";2025;4;1;1;1;40;"S";29;367;1;2;45;4;1;3;1;2;449000;1065000;213000;603
"LVSNXWTOGBUNPAFR2240";2025;4;1;2;1;40;"S";29;367;3;2;25;3;1;2;0;3;-9;1065000;213000;0
"LVSNXWTOGBUNPAFR2240";2025;4;1;3;1;40;"S";29;367;9;1;15;3;3;0;0;0;0;1065000;213000;0
"LVSNXWTOGBUNPAFR2240";2025;4;1;4;1;40;"S";29;367;3;2;19;5;3;0;0;0;0;1065000;213000;0
"LVSNXWTOGBUNPAFR2240";2025;4;1;5;1;40;"S";29;367;3;1;18;4;1;3;2;2;616000;1065000;213000;603
"KHUZCHLGJXFQXQZT7285";2025;4;1;1;1;40;"S";29;232;1;1;68;4;3;0;0;0;0;0;0;0
"KHUZCHLGJXFQXQZT7285";2025;4;1;2;1;40;"S";29;232;3;1;36;6;1;2;0;2;-9;0;0;0
"KHUZCHLGJXFQXQZT7285";2025;4;1;3;1;40;"S";29;232;9;1;44;1;1;2;0;4;-9;0;0;0
"KHUZCHLGJXFQXQZT7285";2025;4;1;4;1;40;"S";29;232;3;1;47;3;1;3;1;3;-9;0;0;0
"DAHNJWFLTFNLBKKJ1750";2025;4;1;1;1;40;"S";29;453;1;1;60;2;1;2;0;3;177000;177000;88500;744
"DAHNJWFLTFNLBKKJ1750";2025;4;1;2;1;40;"S";29;453;2;2;65;5;3;0;0;0;0;177000;88500;0
"LBGESAPTRXYIDVFU3325";2025;4;1;1;1;40;"S";29;326;1;1;49;6;1;2;0;3;-9;3896000;649333;0
"LBGESAPTRXYIDVFU3325";2025;4;1;2;1;40;"S";29;326;2;2;49;6;3;0;0;0;0;3896000;649333;0
"LBGESAPTRXYIDVFU3325";2025;4;1;3;1;40;"S";29;326;5;2;15;3;3;0;0;0;0;3896000;649333;0
"LBGESAPTRXYIDVFU3325";2025;4;1;4;1;40;"S";29;326;3;2;16;2;3;0;0;0;0;3896000;649333;0
"LBGESAPTRXYIDVFU3325";2025;4;1;5;1;40;"S";29;326;3;1;22;5;1;3;1;3;3710000;3896000;649333;536
"LBGESAPTRXYIDVFU3325";2025;4;1;6;1;40;"S";29;326;9;1;27;4;1;3;1;3;186000;3896000;649333;536
"HSKJCBXODLQGIKYB6896";2025;4;1;1;1;40;"S";29;299;1;2;76;4;3;0;0;0;0;0;0;0
"HSKJCBXODLQGIKYB6896";2025;4;1;2;1;40;"S";29;299;2;1;71;4;3;0;0;0;0;0;0;0
"CJOUMFVFVFQMFUSV2243";2025;4;1;1;1;40;"S";29;173;1;1;42;1;1;2;0;2;-9;0;0;0
"GRYIUAESDXIYSLPM2174";2025;4;1;1;1;40;"S";29;349;1;2;26;5;1;3;2;2;262000;262000;87333;573
"GRYIUAESDXIYSLPM2174";2025;4;1;2;1;40;"S";29;349;3;1;3;7;4;0;0;0;0;262000;87333;0
"GRYIUAESDXIYSLPM2174";2025;4;1;3;1;40;"S";29;349;3;2;4;7;4;0;0;0;0;262000;87333;0
"NPXZJXSNPNEIFOOE7568";2025;4;1;1;1;40;"S";29;345;1;2;42;5;1;3;2;3;1403000;1403000;467667;567
"NPXZJXSNPNEIFOOE7568";2025;4;1;2;1;40;"S";29;345;3;2;14;2;3;0;0;0;0;1403000;467667;0
"NPXZJXSNPNEIFOOE7568";2025;4;1;3;1;40;"S";29;345;3;1;19;5;3;0;0;0;0;1403000;467667;0
"GZJWUDVFANDKBIBL8531";2025;4;1;1;1;40;"S";29;411;1;1;32;7;1;3;2;3;563000;563000;563000;675
"AXXNPREEZKHNBQYA0276";2025;4;1;1;1;40;"S";29;343;1;1;80;2;3;0;0;0;0;0;0;0
"AXXNPREEZKHNBQYA0276";2025;4;1;2;1;40;"S";29;343;3;2;56;6;3;0;0;0;0;0;0;0
"MQAKHFQDZXMSZRSZ0233";2025;4;1;1;1;40;"S";29;307;1;2;57;4;3;0;0;0;0;538000;269000;0
"MQAKHFQDZXMSZRSZ0233";2025;4;1;2;1;40;"S";29;307;5;2;33;3;1;3;2;1;538000;538000;269000;504
"WEPEDCSKQAIVLBNS5456";2025;4;1;1;1;40;"S";29;354;1;1;63;4;3;0;0;0;0;250000;125000;0
"WEPEDCSKQAIVLBNS5456";2025;4;1;2;1;40;"S";29;354;2;2;59;4;1;2;0;3;250000;250000;125000;581
"EZYACHZLXEVGNMNP3443";2025;4;1;1;1;40;"S";29;541;1;1;32;2;1;3;1;3;-9;0;0;0
"EZYACHZLXEVGNMNP3443";2025;4;1;2;1;40;"S";29;541;3;2;10;1;3;0;0;0;0;0;0;0
"EZYACHZLXEVGNMNP3443";2025;4;1;3;1;40;"S";29;541;3;1;7;1;4;0;0;0;0;0;0;0
"BVXDQRWIFBXDFFON4521";2025;4;1;1;1;43;"N";30;97;1;1;70;5;3;0;0;0;0;349000;69800;0
"BVXDQRWIFBXDFFON4521";2025;4;1;2;1;43;"N";30;97;2;2;70;6;3;0;0;0;0;349000;69800;0
"BVXDQRWIFBXDFFON4521";2025;4;1;3;1;43;"N";30;97;3;1;41;4;1;3;1;3;349000;349000;69800;128
"BVXDQRWIFBXDFFON4521";2025;4;1;4;1;43;"N";30;97;3;2;48;6;1;2;0;1;-9;349000;69800;0
"BVXDQRWIFBXDFFON4521";2025;4;1;5;1;43;"N";30;97;3;1;38;3;1;3;1;4;-9;349000;69800;0
"BHCQGPIEVESJBSHV8034";2025;4;1;1;1;43;"N";30;351;1;2;52;3;1;3;1;3;157000;157000;52333;463
"BHCQGPIEVESJBSHV8034";2025;4;1;2;1;43;"N";30;351;2;1;56;1;3;0;0;0;0;157000;52333;0
"BHCQGPIEVESJBSHV8034";2025;4;1;3;1;43;"N";30;351;9;2;29;4;3;0;0;0;0;157000;52333;0
"EIRYKEQZINEICTYG6669";2025;4;1;1;1;43;"N";30;251;1;1;74;4;3;0;0;0;0;615000;205000;0
"EIRYKEQZINEICTYG6669";2025;4;1;2;1;43;"N";30;251;2;2;69;3;3;0;0;0;0;615000;205000;0
"EIRYKEQZINEICTYG6669";2025;4;1;3;1;43;"N";30;251;3;2;40;4;1;3;1;2;615000;615000;205000;331
"MFSNQZJFKDMTRPAT3466";2025;4;1;1;1;43;"N";30;133;1;2;61;3;3;0;0;0;0;0;0;0
"EBFKYUOAACBCXVWC9121";2025;4;1;1;1;43;"N";30;120;1;1;82;2;3;0;0;0;0;0;0;0
"RLRWSCYKVWVEAJQO0471";2025;4;1;1;1;43;"N";30;107;1;1;61;2;1;3;1;2;423000;873000;218250;141
"RLRWSCYKVWVEAJQO0471";2025;4;1;2;1;43;"N";30;107;2;2;67;7;3;0;0;0;0;873000;218250;0
"RLRWSCYKVWVEAJQO0471";2025;4;1;3;1;43;"N";30;107;3;2;29;4;1;3;1;1;-9;873000;218250;0
"RLRWSCYKVWVEAJQO0471";2025;4;1;4;1;43;"N";30;107;3;1;33;1;1;3;1;1;450000;873000;218250;141
"DMGRDICFEZNXSGVX4896";2025;4;1;1;1;43;"N";30;216;1;2;31;2;3;0;0;0;0;0;0;0
"HQWANZWBPSVMNYLO6967";2025;4;1;1;1;43;"N";30;89;1;1;77;2;3;0;0;0;0;0;0;0
"LUNRIAOTHTZGKJRB6380";2025;4;1;1;1;43;"N";30;213;1;2;65;1;3;0;0;0;0;2488000;622000;0
"LUNRIAOTHTZGKJRB6380";2025;4;1;2;1;43;"N";30;213;2;1;62;6;1;3;1;3;1672000;2488000;622000;281
"LUNRIAOTHTZGKJRB6380";2025;4;1;3;1;43;"N";30;213;5;1;43;4;1;3;1;2;349000;2488000;622000;281
"LUNRIAOTHTZGKJRB6380";2025;4;1;4;1;43;"N";30;213;3;2;24;6;1;2;0;2;467000;2488000;622000;281
"ATTCFTXRECDZXHQY7390";2025;4;1;1;1;43;"N";30;133;1;2;53;6;1;3;1;1;292000;292000;292000;175
"BYHNMJTHBQMCGMRA6210";2025;4;1;1;1;43;"N";30;361;1;2;72;4;3;0;0;0;0;0;0;0
"NABKMDROCDZVBWAX5709";2025;4;1;1;1;43;"N";30;191;1;2;42;6;3;0;0;0;0;0;0;0
"NABKMDROCDZVBWAX5709";2025;4;1;2;1;43;"N";30;191;2;1;43;2;2;0;0;0;0;0;0;0
"YVWMFBSFZECKPEXH9451";2025;4;1;1;1;43;"N";30;85;1;1;26;1;1;2;0;3;217000;217000;72333;112
"YVWMFBSFZECKPEXH9451";2025;4;1;2;1;43;"N";30;85;2;2;29;6;1;3;1;3;-9;217000;72333;0
"YVWMFBSFZECKPEXH9451";2025;4;1;3;1;43;"N";30;85;3;2;5;1;4;0;0;0;0;217000;72333;0
"OYHJJRPTDGUAHFYS8859";2025;4;1;1;1;43;"N";30;143;1;1;72;6;3;0;0;0;0;2231000;743667;0
"OYHJJRPTDGUAHFYS8859";2025;4;1;2;1;43;"N";30;143;5;2;33;6;1;2;0;3;1906000;2231000;743667;188
"OYHJJRPTDGUAHFYS8859";2025;4;1;3;1;43;"N";30;143;3;1;41;1;1;2;0;2;325000;2231000;743667;188
"MEZDTIFJHPWJEJUW4950";2025;4;1;1;1;43;"N";30;95;1;1;69;6;1;3;1;3;935000;3121000;520167;125
"MEZDTIFJHPWJEJUW4950";2025;4;1;2;1;43;"N";30;95;2;2;74;5;3;0;0;0;0;3121000;520167;0
"MEZDTIFJHPWJEJUW4950";2025;4;1;3;1;43;"N";30;95;3;1;30;6;1;2;0;2;276000;3121000;520167;125
"MEZDTIFJHPWJEJUW4950";2025;4;1;4;1;43;"N";30;95;3;1;40;6;1;2;0;3;1161000;3121000;520167;125
"MEZDTIFJHPWJEJUW4950";2025;4;1;5;1;43;"N";30;95;3;2;29;6;1;3;2;1;749000;3121000;520167;125
"MEZDTIFJHPWJEJUW4950";2025;4;1;6;1;43;"N";30;95;3;2;31;2;2;0;0;0;0;3121000;520167;0
"WEFFYMZSHIXBUTVW2636";2025;4;1;1;1;43;"N";30;186;1;1;69;4;3;0;0;0;0;821000;205250;0
"WEFFYMZSHIXBUTVW2636";2025;4;1;2;1;43;"N";30;186;2;2;71;5;3;0;0;0;0;821000;205250;0
"WEFFYMZSHIXBUTVW2636";2025;4;1;3;1;43;"N";30;186;3;1;28;5;1;2;0;2;-9;821000;205250;0
"WEFFYMZSHIXBUTVW2636";2025;4;1;4;1;43;"N";30;186;3;1;46;2;1;3;2;3;821000;821000;205250;245
"ZDUSRBMOTWQGFFOA6430";2025;4;1;1;1;43;"N";30;119;1;1;26;5;1;3;1;2;-9;263000;65750;0
"ZDUSRBMOTWQGFFOA6430";2025;4;1;2;1;43;"N";30;119;2;2;25;3;1;3;2;2;263000;263000;65750;157
"ZDUSRBMOTWQGFFOA6430";2025;4;1;3;1;43;"N";30;119;3;1;4;7;4;0;0;0;0;263000;65750;0
"ZDUSRBMOTWQGFFOA6430";2025;4;1;4;1;43;"N";30;119;5;1;5;1;4;0;0;0;0;263000;65750;0
"OQSZKNZTGBIVIZTT0718";2025;4;1;1;1;43;"N";30;79;1;1;22;4;3;0;0;0;0;0;0;0
"OQSZKNZTGBIVIZTT0718";2025;4;1;2;1;43;"N";30;79;3;2;-1;7;4;0;0;0;0;0;0;0
"MXVKVTMFIJQDZAQT8217";2025;4;1;1;1;43;"N";30;117;1;2;31;6;1;2;0;1;265000;422000;211000;154
"MXVKVTMFIJQDZAQT8217";2025;4;1;2;1;43;"N";30;117;2;1;26;2;1;3;2;2;157000;422000;211000;154
"RLGZXWXMMIFCATCF7244";2025;4;1;1;1;43;"N";30;184;1;2;77;3;3;0;0;0;0;0;0;0
"RLGZXWXMMIFCATCF7244";2025;4;1;2;1;43;"N";30;184;2;1;71;6;3;0;0;0;0;0;0;0
"RLGZXWXMMIFCATCF7244";2025;4;1;3;1;43;"N";30;184;3;1;54;3;1;3;2;2;-9;0;0;0
"VNKPOTKZHOFBMFVZ4606";2025;4;1;1;1;43;"N";30;129;1;1;28;2;3;0;0;0;0;0;0;0
"VNKPOTKZHOFBMFVZ4606";2025;4;1;2;1;43;"N";30;129;3;1;7;1;4;0;0;0;0;0;0;0
"VNKPOTKZHOFBMFVZ4606";2025;4;1;3;1;43;"N";30;129;3;2;6;1;4;0;0;0;0;0;0;0
"VNKPOTKZHOFBMFVZ4606";2025;4;1;4;1;43;"N";30;129;3;1;8;1;4;0;0;0;0;0;0;0
"ATQCOCYPTDLCLMPJ4658";2025;4;1;1;1;43;"N";30;85;1;1;72;3;3;0;0;0;0;0;0;0
"ATQCOCYPTDLCLMPJ4658";2025;4;1;2;1;43;"N";30;85;2;2;68;1;3;0;0;0;0;0;0;0
"ATQCOCYPTDLCLMPJ4658";2025;4;1;3;1;43;"N";30;85;3;2;31;5;2;0;0;0;0;0;0;0
"KMXCJDGTCFSGBUMK7585";2025;4;1;1;1;43;"N";30;288;1;1;73;6;3;0;0;0;0;983000;196600;0
"KMXCJDGTCFSGBUMK7585";2025;4;1;2;1;43;"N";30;288;3;1;50;1;1;3;2;1;271000;983000;196600;380
"KMXCJDGTCFSGBUMK7585";2025;4;1;3;1;43;"N";30;288;3;1;41;1;1;3;1;2;712000;983000;196600;380
"KMXCJDGTCFSGBUMK7585";2025;4;1;4;1;43;"N";30;288;3;2;38;2;3;0;0;0;0;983000;196600;0
"KMXCJDGTCFSGBUMK7585";2025;4;1;5;1;43;"N";30;288;3;1;51;6;1;2;0;2;-9;983000;196600;0
"MFYREXRDSLWMYOVF3268";2025;4;1;1;1;43;"N";30;144;1;1;70;6;3;0;0;0;0;0;0;0
"RUTYKUHBECHXADNK6325";2025;4;1;1;1;43;"N";30;121;1;1;67;6;3;0;0;0;0;1089000;181500;0
"RUTYKUHBECHXADNK6325";2025;4;1;2;1;43;"N";30;121;3;2;32;4;1;2;0;3;751000;1089000;181500;159
"RUTYKUHBECHXADNK6325";2025;4;1;3;1;43;"N";30;121;3;2;40;3;3;0;0;0;0;1089000;181500;0
"RUTYKUHBECHXADNK6325";2025;4;1;4;1;43;"N";30;121;3;1;34;4;1;3;1;2;-9;1089000;181500;0
"RUTYKUHBECHXADNK6325";2025;4;1;5;1;43;"N";30;121;3;2;34;2;1;3;2;2;-9;1089000;181500;0
"RUTYKUHBECHXADNK6325";2025;4;1;6;1;43;"N";30;121;3;2;25;3;1;3;1;1;338000;1089000;181500;159
"HDZVIMBHNUSYMCBN1505";2025;4;1;1;1;43;"N";30;250;1;1;38;6;1;3;1;2;647000;647000;647000;329
"MTIBFDENOHVCPJYU1270";2025;4;1;1;1;43;"N";30;135;1;2;43;1;1;3;1;2;478000;478000;478000;178
"JXFAYGOUIJKLLBWE4821";2025;4;1;1;1;43;"N";30;101;1;1;49;7;1;2;0;2;405000;405000;405000;133
"HOIFSCJNRIPSKNST6484";2025;4;1;1;1;43;"N";30;134;1;2;38;6;1;2;0;2;560000;560000;560000;177
"HOIFSCJNRIPSKNST6484";2025;4;2;1;1;43;"N";30;377;1;1;39;6;1;1;0;2;12638000;12638000;6319000;497
"HOIFSCJNRIPSKNST6484";2025;4;2;2;1;43;"N";30;377;3;1;15;3;3;0;0;0;0;12638000;6319000;0
"CFZRICEXLGDJSWDY9448";2025;4;1;1;1;43;"N";30;161;1;1;32;4;1;3;2;2;-9;0;0;0
"NOCKVGBIEYUEGIPH8090";2025;4;1;1;1;43;"N";30;131;1;2;58;4;3;0;0;0;0;0;0;0
"GEJJERNNBRYDZXEY2531";2025;4;1;1;1;43;"N";30;78;1;1;36;1;1;3;1;2;1257000;2104000;526000;103
"GEJJERNNBRYDZXEY2531";2025;4;1;2;1;43;"N";30;78;2;2;31;4;1;3;2;3;847000;2104000;526000;103
"GEJJERNNBRYDZXEY2531";2025;4;1;3;1;43;"N";30;78;3;2;12;2;3;0;0;0;0;2104000;526000;0
"GEJJERNNBRYDZXEY2531";2025;4;1;4;1;43;"N";30;78;3;1;9;1;4;0;0;0;0;2104000;526000;0
"ECWWJFSIOSYWHHNZ8647";2025;4;1;1;1;43;"N";30;157;1;2;26;1;3;0;0;0;0;336000;168000;0
"ECWWJFSIOSYWHHNZ8647";2025;4;1;2;1;43;"N";30;157;2;1;31;6;1;3;1;2;336000;336000;168000;207
"RSJWYLTLNFLLXTOO1198";2025;4;1;1;1;43;"N";30;219;1;2;64;4;3;0;0;0;0;0;0;0
"RSJWYLTLNFLLXTOO1198";2025;4;1;2;1;43;"N";30;219;2;1;63;4;3;0;0;0;0;0;0;0
"GELJKNBCVSKJJWAG9856";2025;4;1;1;1;43;"N";30;180;1;1;60;3;3;0;0;0;0;1536000;384000;0
"GELJKNBCVSKJJWAG9856";2025;4;1;2;1;43;"N";30;180;2;2;55;2;3;0;0;0;0;1536000;384000;0
"GELJKNBCVSKJJWAG9856";2025;4;1;3;1;43;"N";30;180;3;2;29;1;1;3;1;2;1378000;1536000;384000;237
"GELJKNBCVSKJJWAG9856";2025;4;1;4;1;43;"N";30;180;3;2;37;2;1;2;0;2;158000;1536000;384000;237
"FMHPJLJDAFHASANY0583";2025;4;1;1;1;43;"N";30;282;1;2;54;5;3;0;0;0;0;0;0;0
"PYHUMSKJRODOBLJW9957";2025;4;1;1;1;43;"N";30;203;1;1;44;3;3;0;0;0;0;0;0;0
"PYHUMSKJRODOBLJW9957";2025;4;1;2;1;43;"N";30;203;2;2;39;4;3;0;0;0;0;0;0;0
"PYHUMSKJRODOBLJW9957";2025;4;1;3;1;43;"N";30;203;3;1;14;3;3;0;0;0;0;0;0;0
"PYHUMSKJRODOBLJW9957";2025;4;1;4;1;43;"N";30;203;3;2;14;3;3;0;0;0;0;0;0;0
"PYHUMSKJRODOBLJW9957";2025;4;1;5;1;43;"N";30;203;3;2;23;4;3;0;0;0;0;0;0;0
"UCPMJTMQTKZTDCPN4830";2025;4;1;1;1;43;"N";30;171;1;1;70;4;3;0;0;0;0;0;0;0
"UCPMJTMQTKZTDCPN4830";2025;4;1;2;1;43;"N";30;171;3;1;43;5;1;3;1;2;-9;0;0;0
"UCPMJTMQTKZTDCPN4830";2025;4;1;3;1;43;"N";30;171;3;1;28;2;3;0;0;0;0;0;0;0
"CCJEAUJBYGZBPREH5277";2025;4;1;1;1;44;"N";31;168;1;1;61;6;3;0;0;0;0;0;0;0
"CCJEAUJBYGZBPREH5277";2025;4;1;2;1;44;"N";31;168;9;2;30;3;3;0;0;0;0;0;0;0
"LMDRXCCTWQZINSCC8065";2025;4;1;1;1;44;"N";31;156;1;1;48;3;1;2;0;3;1400000;1400000;700000;253
"LMDRXCCTWQZINSCC8065";2025;4;1;2;1;44;"N";31;156;3;2;16;3;3;0;0;0;0;1400000;700000;0
"GHLZKKSLMRGZWZPN1246";2025;4;1;1;1;44;"N";31;144;1;1;51;1;3;0;0;0;0;0;0;0
"GHLZKKSLMRGZWZPN1246";2025;4;1;2;1;44;"N";31;144;3;1;16;3;3;0;0;0;0;0;0;0
"MEYACZIAMLWUGHWN8166";2025;4;1;1;1;44;"N";31;76;1;1;49;4;1;3;1;1;1657000;1657000;1657000;123
"MQFBCXCSJXSLDVSV8303";2025;4;1;1;1;44;"N";31;215;1;2;47;5;1;2;0;2;-9;451000;225500;0
"MQFBCXCSJXSLDVSV8303";2025;4;1;2;1;44;"N";31;215;2;1;48;5;1;3;1;3;451000;451000;225500;349
"QXUGBVFHKVEQITGG5639";2025;4;1;1;1;44;"N";31;509;1;1;29;2;1;2;0;2;662000;662000;220667;827
"QXUGBVFHKVEQITGG5639";2025;4;1;2;1;44;"N";31;509;2;2;28;1;3;0;0;0;0;662000;220667;0
"QXUGBVFHKVEQITGG5639";2025;4;1;3;1;44;"N";31;509;3;1;6;1;4;0;0;0;0;662000;220667;0
"YRDZOKNLJCTGTNED4252";2025;4;1;1;1;44;"N";31;83;1;2;37;6;1;3;1;3;1150000;1150000;575000;135
"YRDZOKNLJCTGTNED4252";2025;4;1;2;1;44;"N";31;83;3;1;10;1;3;0;0;0;0;1150000;575000;0
"MPITHEDCNXPVVYUO8666";2025;4;1;1;1;44;"N";31;187;1;1;52;3;1;2;0;3;700000;1181000;590500;304
"MPITHEDCNXPVVYUO8666";2025;4;1;2;1;44;"N";31;187;3;1;32;6;1;3;1;2;481000;1181000;590500;304
"RFLKREFKQMKWYFHB5015";2025;4;1;1;1;44;"N";31;212;1;1;81;5;3;0;0;0;0;177000;59000;0
"RFLKREFKQMKWYFHB5015";2025;4;1;2;1;44;"N";31;212;2;2;77;2;1;3;2;2;177000;177000;59000;344
"RFLKREFKQMKWYFHB5015";2025;4;1;3;1;44;"N";31;212;3;2;45;3;3;0;0;0;0;177000;59000;0
"YMTPDZHMGCCJFJSJ7621";2025;4;1;1;1;44;"N";31;126;1;1;77;2;3;0;0;0;0;521000;173667;0
"YMTPDZHMGCCJFJSJ7621";2025;4;1;2;1;44;"N";31;126;3;2;50;3;3;0;0;0;0;521000;173667;0
"YMTPDZHMGCCJFJSJ7621";2025;4;1;3;1;44;"N";31;126;3;2;31;3;1;3;1;2;521000;521000;173667;205
"QUZYKKHLKPRTATMH9534";2025;4;1;1;1;44;"N";31;387;1;2;26;3;3;0;0;0;0;735000;147000;0
"QUZYKKHLKPRTATMH9534";2025;4;1;2;1;44;"N";31;387;2;1;27;4;1;3;2;2;735000;735000;147000;629
"QUZYKKHLKPRTATMH9534";2025;4;1;3;1;44;"N";31;387;3;1;4;7;4;0;0;0;0;735000;147000;0
"QUZYKKHLKPRTATMH9534";2025;4;1;4;1;44;"N";31;387;3;2;4;7;4;0;0;0;0;735000;147000;0
"QUZYKKHLKPRTATMH9534";2025;4;1;5;1;44;"N";31;387;3;2;4;7;4;0;0;0;0;735000;147000;0
"LYEQUMEGALWPDFFF4623";2025;4;1;1;1;44;"N";31;177;1;2;57;1;1;3;2;1;293000;1836000;612000;288
"LYEQUMEGALWPDFFF4623";2025;4;1;2;1;44;"N";31;177;3;1;20;4;1;3;2;3;1543000;1836000;612000;288
"LYEQUMEGALWPDFFF4623";2025;4;1;3;1;44;"N";31;177;3;2;37;6;3;0;0;0;0;1836000;612000;0
"POHPKUGIZAXVRBAO9462";2025;4;1;1;1;44;"N";31;153;1;1;65;5;3;0;0;0;0;0;0;0
"POHPKUGIZAXVRBAO9462";2025;4;1;2;1;44;"N";31;153;2;2;63;3;3;0;0;0;0;0;0;0
"YKCURKASDKUQCYNW7701";2025;4;1;1;1;44;"N";31;209;1;1;51;3;1;3;2;2;-9;1743000;290500;0
"YKCURKASDKUQCYNW7701";2025;4;1;2;1;44;"N";31;209;2;2;46;5;3;0;0;0;0;1743000;290500;0
"YKCURKASDKUQCYNW7701";2025;4;1;3;1;44;"N";31;209;3;1;22;4;1;3;2;3;-9;1743000;290500;0
"YKCURKASDKUQCYNW7701";2025;4;1;4;1;44;"N";31;209;9;1;20;4;1;2;0;2;863000;1743000;290500;340
"YKCURKASDKUQCYNW7701";2025;4;1;5;1;44;"N";31;209;3;1;18;4;1;3;2;2;880000;1743000;290500;340
"YKCURKASDKUQCYNW7701";2025;4;1;6;1;44;"N";31;209;3;2;23;3;1;3;1;3;-9;1743000;290500;0
"SRPSVLDAJRXSXBQL6766";2025;4;1;1;1;44;"N";31;173;1;1;22;3;3;0;0;0;0;0;0;0
"FJMGIBEQLKIGISNO0306";2025;4;1;1;1;44;"N";31;395;1;2;70;2;3;0;0;0;0;0;0;0
"ZEJZWIKGDQQBDIDL5074";2025;4;1;1;1;44;"N";31;130;1;2;48;7;1;2;0;1;632000;632000;210667;211
"ZEJZWIKGDQQBDIDL5074";2025;4;1;2;1;44;"N";31;130;3;1;24;5;2;0;0;0;0;632000;210667;0
"ZEJZWIKGDQQBDIDL5074";2025;4;1;3;1;44;"N";31;130;3;1;28;6;1;2;0;2;-9;632000;210667;0
"CVMXVBJJYMTOMORS4492";2025;4;1;1;1;44;"N";31;114;1;1;81;3;3;0;0;0;0;0;0;0
"GNDXCGMCVBFLODJH3854";2025;4;1;1;1;44;"N";31;114;1;1;68;5;3;0;0;0;0;0;0;0
"GNDXCGMCVBFLODJH3854";2025;4;1;2;1;44;"N";31;114;2;2;66;3;3;0;0;0;0;0;0;0
"VNPVXLLNLXMDYWEG1925";2025;4;1;1;1;44;"N";31;115;1;2;66;4;3;0;0;0;0;4375000;1093750;0
"VNPVXLLNLXMDYWEG1925";2025;4;1;2;1;44;"N";31;115;3;1;25;5;1;2;0;3;4031000;4375000;1093750;187
"VNPVXLLNLXMDYWEG1925";2025;4;1;3;1;44;"N";31;115;3;1;37;3;1;3;2;3;344000;4375000;1093750;187
"VNPVXLLNLXMDYWEG1925";2025;4;1;4;1;44;"N";31;115;3;2;25;6;1;3;1;3;-9;4375000;1093750;0
"PDBMEONKZMZKBANP9286";2025;4;1;1;1;44;"N";31;196;1;2;32;4;3;0;0;0;0;0;0;0
"PDBMEONKZMZKBANP9286";2025;4;1;2;1;44;"N";31;196;3;2;7;1;4;0;0;0;0;0;0;0
"PDBMEONKZMZKBANP9286";2025;4;1;3;1;44;"N";31;196;3;2;7;2;4;0;0;0;0;0;0;0
"PDBMEONKZMZKBANP9286";2025;4;1;4;1;44;"N";31;196;3;2;12;2;3;0;0;0;0;0;0;0
"WRLNCPAKAGEEZAGW1818";2025;4;1;1;1;44;"N";31;145;1;1;69;3;3;0;0;0;0;0;0;0
"WRLNCPAKAGEEZAGW1818";2025;4;1;2;1;44;"N";31;145;2;2;69;3;3;0;0;0;0;0;0;0
"OELOSKLSHIJGQTQL4333";2025;4;1;1;1;44;"N";31;173;1;1;71;2;3;0;0;0;0;857000;214250;0
"OELOSKLSHIJGQTQL4333";2025;4;1;2;1;44;"N";31;173;2;2;68;2;1;2;0;2;151000;857000;214250;281
"OELOSKLSHIJGQTQL4333";2025;4;1;3;1;44;"N";31;173;3;1;37;6;1;3;1;1;706000;857000;214250;281
"OELOSKLSHIJGQTQL4333";2025;4;1;4;1;44;"N";31;173;3;1;34;5;1;3;1;2;-9;857000;214250;0
"YWPNRQTOFEUOXUFE2842";2025;4;1;1;1;44;"N";31;220;1;1;73;3;3;0;0;0;0;0;0;0
"YWPNRQTOFEUOXUFE2842";2025;4;1;2;1;44;"N";31;220;2;2;73;1;3;0;0;0;0;0;0;0
"MJEWWWRHXDPNFVSX8796";2025;4;1;1;1;44;"N";31;140;1;1;29;3;2;0;0;0;0;0;0;0
"MJEWWWRHXDPNFVSX8796";2025;4;1;2;1;44;"N";31;140;3;2;7;1;4;0;0;0;0;0;0;0
"MJEWWWRHXDPNFVSX8796";2025;4;1;3;1;44;"N";31;140;5;1;6;1;4;0;0;0;0;0;0;0
"MJEWWWRHXDPNFVSX8796";2025;4;1;4;1;44;"N";31;140;3;1;9;1;4;0;0;0;0;0;0;0
"MJEWWWRHXDPNFVSX8796";2025;4;1;5;1;44;"N";31;140;3;2;9;2;4;0;0;0;0;0;0;0
"MJEWWWRHXDPNFVSX8796";2025;4;1;6;1;44;"N";31;140;3;1;8;1;4;0;0;0;0;0;0;0
"MIICAEPBEUHUVRXD6568";2025;4;1;1;1;44;"N";31;248;1;2;35;4;1;2;0;1;147000;147000;36750;403
"MIICAEPBEUHUVRXD6568";2025;4;1;2;1;44;"N";31;248;2;1;39;2;1;3;1;3;-9;147000;36750;0
"MIICAEPBEUHUVRXD6568";2025;4;1;3;1;44;"N";31;248;3;2;14;1;3;0;0;0;0;147000;36750;0
"MIICAEPBEUHUVRXD6568";2025;4;1;4;1;44;"N";31;248;3;1;14;3;3;0;0;0;0;147000;36750;0
"KJCFGIELNCWMLRRS4260";2025;4;1;1;1;44;"N";31;322;1;2;40;6;1;3;2;3;727000;727000;181750;523
"KJCFGIELNCWMLRRS4260";2025;4;1;2;1;44;"N";31;322;2;1;38;3;3;0;0;0;0;727000;181750;0
"KJCFGIELNCWMLRRS4260";2025;4;1;3;1;44;"N";31;322;3;2;19;4;3;0;0;0;0;727000;181750;0
"KJCFGIELNCWMLRRS4260";2025;4;1;4;1;44;"N";31;322;3;1;16;3;3;0;0;0;0;727000;181750;0
"WMUSWJLYWSIDXFVM6064";2025;4;1;1;1;44;"N";31;225;1;2;78;4;1;3;2;3;348000;348000;348000;366
"MYSPWTDLGSKNXQVV0427";2025;4;1;1;1;44;"N";31;106;1;2;43;6;1;2;0;3;1670000;1670000;835000;172
"MYSPWTDLGSKNXQVV0427";2025;4;1;2;1;44;"N";31;106;2;1;41;5;1;2;0;1;-9;1670000;835000;0
"MYSPWTDLGSKNXQVV0427";2025;4;2;1;1;44;"N";31;110;1;2;23;4;1;3;2;2;1495000;1495000;498333;179
"MYSPWTDLGSKNXQVV0427";2025;4;2;2;1;44;"N";31;110;3;1;2;7;4;0;0;0;0;1495000;498333;0
"MYSPWTDLGSKNXQVV0427";2025;4;2;3;1;44;"N";31;110;5;1;2;7;4;0;0;0;0;1495000;498333;0
"NKRTJIQUXEKBSEWX3191";2025;4;1;1;1;44;"N";31;147;1;1;48;6;1;2;0;2;-9;134000;44667;0
"NKRTJIQUXEKBSEWX3191";2025;4;1;2;1;44;"N";31;147;3;1;20;5;3;0;0;0;0;134000;44667;0
"NKRTJIQUXEKBSEWX3191";2025;4;1;3;1;44;"N";31;147;3;2;26;1;1;3;2;2;134000;134000;44667;239
"QDUBROFHLNSBCDJJ7997";2025;4;1;1;1;44;"N";31;156;1;2;48;4;1;3;1;2;-9;0;0;0
"QDUBROFHLNSBCDJJ7997";2025;4;1;2;1;44;"N";31;156;2;1;42;5;1;3;1;2;-9;0;0;0
"QDUBROFHLNSBCDJJ7997";2025;4;1;3;1;44;"N";31;156;3;1;15;2;3;0;0;0;0;0;0;0
"QDUBROFHLNSBCDJJ7997";2025;4;1;4;1;44;"N";31;156;3;1;24;4;1;1;0;2;-9;0;0;0
"QDUBROFHLNSBCDJJ7997";2025;4;1;5;1;44;"N";31;156;5;1;21;3;3;0;0;0;0;0;0;0
"TJCKOYCJMFLBRSFC0659";2025;4;1;1;1;44;"N";31;165;1;1;62;3;3;0;0;0;0;5970000;2985000;0
"TJCKOYCJMFLBRSFC0659";2025;4;1;2;1;44;"N";31;165;3;1;38;1;1;1;0;2;5970000;5970000;2985000;268
"VYICDHWBQMEUMAJZ8387";2025;4;1;1;1;44;"N";31;281;1;1;30;4;1;2;0;2;-9;0;0;0
"CFEJMXFYQRMHLBBB6999";2025;4;1;1;1;44;"N";31;114;1;2;27;4;3;0;0;0;0;0;0;0
"CFEJMXFYQRMHLBBB6999";2025;4;1;2;1;44;"N";31;114;2;1;25;7;1;2;0;3;-9;0;0;0
"PZFTUQPIKLXMNDQP2107";2025;4;1;1;1;44;"N";31;196;1;1;65;4;3;0;0;0;0;1016000;508000;0
"PZFTUQPIKLXMNDQP2107";2025;4;1;2;1;44;"N";31;196;3;2;35;5;1;3;1;3;1016000;1016000;508000;318
"QPNCLZTWYIGIPUNC3258";2025;4;1;1;1;44;"N";31;227;1;1;80;3;3;0;0;0;0;0;0;0
"QPNCLZTWYIGIPUNC3258";2025;4;1;2;1;44;"N";31;227;2;2;83;2;3;0;0;0;0;0;0;0
"QPNCLZTWYIGIPUNC3258";2025;4;1;3;1;44;"N";31;227;3;2;45;4;3;0;0;0;0;0;0;0
"NVXAGDQQSITFHLHY2840";2025;4;1;1;1;44;"N";31;82;1;1;75;3;3;0;0;0;0;0;0;0
"LTBJSSRLFHDKEWKI8468";2025;4;1;1;1;44;"N";31;68;1;1;47;3;3;0;0;0;0;0;0;0
"LTBJSSRLFHDKEWKI8468";2025;4;1;2;1;44;"N";31;68;3;1;15;2;3;0;0;0;0;0;0;0
"VHBDBJEFZERLVJCT6698";2025;4;1;1;1;44;"N";31;134;1;1;29;4;1;3;1;2;-9;0;0;0
"VHBDBJEFZERLVJCT6698";2025;4;1;2;1;44;"N";31;134;2;2;33;6;3;0;0;0;0;0;0;0
"VHBDBJEFZERLVJCT6698";2025;4;1;3;1;44;"N";31;134;3;2;6;1;4;0;0;0;0;0;0;0
"DCFXJFGLOBUZITSQ4864";2025;4;1;1;1;44;"N";31;152;1;1;55;4;3;0;0;0;0;564000;112800;0
"DCFXJFGLOBUZITSQ4864";2025;4;1;2;1;44;"N";31;152;3;1;33;7;1;2;0;2;359000;564000;112800;247
"DCFXJFGLOBUZITSQ4864";2025;4;1;3;1;44;"N";31;152;3;1;18;5;1;2;0;2;-9;564000;112800;0
"DCFXJFGLOBUZITSQ4864";2025;4;1;4;1;44;"N";31;152;3;1;29;3;1;3;2;3;205000;564000;112800;247
"DCFXJFGLOBUZITSQ4864";2025;4;1;5;1;44;"N";31;152;3;1;22;3;1;3;2;2;-9;564000;112800;0
"JCSYLWPVMULVYHHQ2197";2025;4;1;1;1;44;"N";31;90;1;1;25;7;1;3;1;2;-9;0;0;0
"JCSYLWPVMULVYHHQ2197";2025;4;1;2;1;44;"N";31;90;2;2;22;4;3;0;0;0;0;0;0;0
"JCSYLWPVMULVYHHQ2197";2025;4;1;3;1;44;"N";31;90;3;2;4;7;4;0;0;0;0;0;0;0
"JCSYLWPVMULVYHHQ2197";2025;4;1;4;1;44;"N";31;90;3;1;4;7;4;0;0;0;0;0;0;0
"PXDBIWCCQTNEKGCZ1323";2025;4;1;1;1;44;"N";31;120;1;1;57;3;1;3;2;2;-9;1602000;267000;0
"PXDBIWCCQTNEKGCZ1323";2025;4;1;2;1;44;"N";31;120;3;1;35;1;1;3;1;2;805000;1602000;267000;195
"PXDBIWCCQTNEKGCZ1323";2025;4;1;3;1;44;"N";31;120;3;2;23;6;1;3;1;1;797000;1602000;267000;195
"PXDBIWCCQTNEKGCZ1323";2025;4;1;4;1;44;"N";31;120;3;1;23;5;1;3;1;3;-9;1602000;267000;0
"PXDBIWCCQTNEKGCZ1323";2025;4;1;5;1;44;"N";31;120;3;2;32;4;1;2;0;1;-9;1602000;267000;0
"PXDBIWCCQTNEKGCZ1323";2025;4;1;6;1;44;"N";31;120;3;2;29;3;1;3;1;3;-9;1602000;267000;0
"AWZUDVNRJYYDUMEK5803";2025;4;1;1;1;44;"N";31;245;1;2;60;2;3;0;0;0;0;0;0;0
"YAMAFPTSXBHDMXKQ5589";2025;4;1;1;1;44;"N";31;216;1;1;59;4;1;3;2;2;796000;796000;796000;351
"SLLDIICHDFSLAMEE6174";2025;4;1;1;1;44;"N";31;138;1;2;59;6;3;0;0;0;0;344000;114667;0
"SLLDIICHDFSLAMEE6174";2025;4;1;2;1;44;"N";31;138;2;1;57;4;1;1;0;2;-9;344000;114667;0
"SLLDIICHDFSLAMEE6174";2025;4;1;3;1;44;"N";31;138;3;1;37;2;1;3;1;2;344000;344000;114667;224
"NATHCFUAUZPIAHOR0682";2025;4;1;1;1;1;"S";32;2188;1;1;62;6;1;3;2;2;-9;0;0;0
"FJFQWDGNFOHUEZJC9469";2025;4;1;1;1;1;"S";32;1411;1;2;73;4;3;0;0;0;0;0;0;0
"FJFQWDGNFOHUEZJC9469";2025;4;1;2;1;1;"S";32;1411;2;1;79;3;3;0;0;0;0;0;0;0
"FJFQWDGNFOHUEZJC9469";2025;4;1;3;1;1;"S";32;1411;3;1;47;4;2;0;0;0;0;0;0;0
"VFDGZEBTGYBPUCLW2293";2025;4;1;1;1;1;"S";32;2298;1;1;71;5;3;0;0;0;0;218000;109000;0
"VFDGZEBTGYBPUCLW2293";2025;4;1;2;1;1;"S";32;2298;2;2;77;4;1;2;0;1;218000;218000;109000;3100
"FSAUCTZNADIRVFIW9591";2025;4;1;1;1;1;"S";32;2369;1;1;50;1;1;3;2;2;666000;1336000;222667;3196
"FSAUCTZNADIRVFIW9591";2025;4;1;2;1;1;"S";32;2369;3;2;29;5;1;3;1;1;208000;1336000;222667;3196
"FSAUCTZNADIRVFIW9591";2025;4;1;3;1;1;"S";32;2369;3;2;24;4;1;2;0;3;-9;1336000;222667;0
"FSAUCTZNADIRVFIW9591";2025;4;1;4;1;1;"S";32;2369;3;2;20;5;3;0;0;0;0;1336000;222667;0
"FSAUCTZNADIRVFIW9591";2025;4;1;5;1;1;"S";32;2369;3;1;21;6;3;0;0;0;0;1336000;222667;0
"FSAUCTZNADIRVFIW9591";2025;4;1;6;1;1;"S";32;2369;3;1;23;6;1;3;1;2;462000;1336000;222667;3196
"CDCIGMJAZXZRCVBJ8742";2025;4;1;1;1;1;"S";32;1994;1;1;60;1;1;3;2;3;400000;400000;200000;2690
"CDCIGMJAZXZRCVBJ8742";2025;4;1;2;1;1;"S";32;1994;2;2;64;3;3;0;0;0;0;400000;200000;0
"WLOSFWQWGRPQJIKE1767";2025;4;1;1;1;1;"S";32;1481;1;1;64;3;3;0;0;0;0;282000;70500;0
"WLOSFWQWGRPQJIKE1767";2025;4;1;2;1;1;"S";32;1481;2;2;65;4;3;0;0;0;0;282000;70500;0
"WLOSFWQWGRPQJIKE1767";2025;4;1;3;1;1;"S";32;1481;3;1;29;3;1;3;2;2;177000;282000;70500;1998
"WLOSFWQWGRPQJIKE1767";2025;4;1;4;1;1;"S";32;1481;3;2;43;5;1;2;0;2;105000;282000;70500;1998
"LJTTROIYMYSHBZNE5236";2025;4;1;1;1;1;"S";32;1682;1;2;70;7;3;0;0;0;0;96000;32000;0
"LJTTROIYMYSHBZNE5236";2025;4;1;2;1;1;"S";32;1682;2;1;67;5;3;0;0;0;0;96000;32000;0
"LJTTROIYMYSHBZNE5236";2025;4;1;3;1;1;"S";32;1682;3;1;49;3;1;3;1;3;96000;96000;32000;2269
"UELGOQHELYCHGPQA4335";2025;4;1;1;1;1;"S";32;1655;1;1;60;1;1;2;0;2;426000;1511000;377750;2233
"UELGOQHELYCHGPQA4335";2025;4;1;2;1;1;"S";32;1655;2;2;66;6;1;3;2;3;-9;1511000;377750;0
"UELGOQHELYCHGPQA4335";2025;4;1;3;1;1;"S";32;1655;3;1;36;4;1;2;0;3;682000;1511000;377750;2233
"UELGOQHELYCHGPQA4335";2025;4;1;4;1;1;"S";32;1655;3;1;38;6;1;1;0;2;403000;1511000;377750;2233
"PJVXTFSPKOPRUKSW1669";2025;4;1;1;1;1;"S";32;1500;1;1;67;1;3;0;0;0;0;1829000;457250;0
"PJVXTFSPKOPRUKSW1669";2025;4;1;2;1;1;"S";32;1500;3;1;33;5;1;4;0;3;0;1829000;457250;2024
"PJVXTFSPKOPRUKSW1669";2025;4;1;3;1;1;"S";32;1500;9;2;43;5;1;3;2;3;730000;1829000;457250;2024
"PJVXTFSPKOPRUKSW1669";2025;4;1;4;1;1;"S";32;1500;3;2;33;1;1;3;1;2;1099000;1829000;457250;2024
"GIOEVRXDHVCEBBNS3654";2025;4;1;1;1;1;"S";32;1536;1;1;37;1;1;2;0;2;564000;1119000;559500;2072
"GIOEVRXDHVCEBBNS3654";2025;4;1;2;1;1;"S";32;1536;2;2;42;5;1;2;0;3;555000;1119000;559500;2072
"ZAUWCCZSNMILYULM8218";2025;4;1;1;1;1;"S";32;2273;1;1;76;5;3;0;0;0;0;0;0;0
"WIMIOQZNWEWWPGMD3249";2025;4;1;1;1;1;"S";32;1538;1;1;44;2;2;0;0;0;0;0;0;0
"WIMIOQZNWEWWPGMD3249";2025;4;1;2;1;1;"S";32;1538;2;2;46;1;3;0;0;0;0;0;0;0
"WIMIOQZNWEWWPGMD3249";2025;4;1;3;1;1;"S";32;1538;3;1;13;3;3;0;0;0;0;0;0;0
"WIMIOQZNWEWWPGMD3249";2025;4;1;4;1;1;"S";32;1538;3;2;13;2;3;0;0;0;0;0;0;0
"WIMIOQZNWEWWPGMD3249";2025;4;1;5;1;1;"S";32;1538;3;1;22;4;3;0;0;0;0;0;0;0
"WIMIOQZNWEWWPGMD3249";2025;4;1;6;1;1;"S";32;1538;3;1;17;3;3;0;0;0;0;0;0;0
"ZNADIBYZWIKBRDHM7943";2025;4;1;1;1;1;"S";32;1293;1;1;82;3;3;0;0;0;0;761000;126833;0
"ZNADIBYZWIKBRDHM7943";2025;4;1;2;1;1;"S";32;1293;2;2;82;5;3;0;0;0;0;761000;126833;0
"ZNADIBYZWIKBRDHM7943";2025;4;1;3;1;1;"S";32;1293;3;1;46;3;3;0;0;0;0;761000;126833;0
"ZNADIBYZWIKBRDHM7943";2025;4;1;4;1;1;"S";32;1293;3;1;56;6;1;2;0;3;761000;761000;126833;1744
"ZNADIBYZWIKBRDHM7943";2025;4;1;5;1;1;"S";32;1293;3;2;47;3;3;0;0;0;0;761000;126833;0
"ZNADIBYZWIKBRDHM7943";2025;4;1;6;1;1;"S";32;1293;3;2;37;5;1;3;2;2;-9;761000;126833;0
"LDQYTERLEKEOBLKD9869";2025;4;1;1;1;1;"S";32;2043;1;2;41;5;1;3;1;2;1941000;2535000;507000;2756
"LDQYTERLEKEOBLKD9869";2025;4;1;2;1;1;"S";32;2043;5;1;17;3;3;0;0;0;0;2535000;507000;0
"LDQYTERLEKEOBLKD9869";2025;4;1;3;1;1;"S";32;2043;3;2;19;4;1;3;1;3;594000;2535000;507000;2756
"LDQYTERLEKEOBLKD9869";2025;4;1;4;1;1;"S";32;2043;3;1;13;3;3;0;0;0;0;2535000;507000;0
"LDQYTERLEKEOBLKD9869";2025;4;1;5;1;1;"S";32;2043;3;2;18;2;1;3;2;2;-9;2535000;507000;0
"SWLSMPIIPKSXBMPB8230";2025;4;1;1;1;1;"S";32;3331;1;1;74;1;3;0;0;0;0;0;0;0
"SWLSMPIIPKSXBMPB8230";2025;4;1;2;1;1;"S";32;3331;2;2;74;3;3;0;0;0;0;0;0;0
"SGPQCLYTCVGJGNAU1377";2025;4;1;1;1;1;"S";32;1952;1;2;82;3;3;0;0;0;0;0;0;0
"BJPBYDDEAHAZDFJI2443";2025;4;1;1;1;1;"S";32;2773;1;1;58;6;3;0;0;0;0;0;0;0
"BJPBYDDEAHAZDFJI2443";2025;4;1;2;1;1;"S";32;2773;3;2;25;4;3;0;0;0;0;0;0;0
"NPKVRZPRRNPGSDAH0384";2025;4;1;1;1;1;"S";32;3847;1;1;69;3;3;0;0;0;0;1450000;362500;0
"NPKVRZPRRNPGSDAH0384";2025;4;1;2;1;1;"S";32;3847;2;2;69;2;3;0;0;0;0;1450000;362500;0
"NPKVRZPRRNPGSDAH0384";2025;4;1;3;1;1;"S";32;3847;5;2;29;5;1;3;1;1;719000;1450000;362500;5190
"NPKVRZPRRNPGSDAH0384";2025;4;1;4;1;1;"S";32;3847;3;2;40;3;1;2;0;2;731000;1450000;362500;5190
"RGWEXDRUXOMMMLDX0946";2025;4;1;1;1;1;"S";32;1129;1;2;73;6;1;3;1;2;393000;393000;131000;1523
"RGWEXDRUXOMMMLDX0946";2025;4;1;2;1;1;"S";32;1129;3;1;36;3;2;0;0;0;0;393000;131000;0
"RGWEXDRUXOMMMLDX0946";2025;4;1;3;1;1;"S";32;1129;5;1;39;4;1;3;1;2;-9;393000;131000;0
"NJTYMIAXKFRMGYCL3499";2025;4;1;1;1;1;"S";32;3741;1;1;63;4;3;0;0;0;0;0;0;0
"ZOPYHFVENQJHPQQC5612";2025;4;1;1;1;1;"S";32;1511;1;1;25;2;1;2;0;2;222000;486000;162000;2039
"ZOPYHFVENQJHPQQC5612";2025;4;1;2;1;1;"S";32;1511;2;2;31;3;1;3;2;2;264000;486000;162000;2039
"ZOPYHFVENQJHPQQC5612";2025;4;1;3;1;1;"S";32;1511;3;1;4;7;4;0;0;0;0;486000;162000;0
"XXTGRCDJCUYTEBDF3603";2025;4;1;1;1;1;"S";32;3600;1;2;62;4;3;0;0;0;0;1326000;442000;0
"XXTGRCDJCUYTEBDF3603";2025;4;1;2;1;1;"S";32;3600;2;1;58;4;1;3;2;2;1013000;1326000;442000;4857
"XXTGRCDJCUYTEBDF3603";2025;4;1;3;1;1;"S";32;3600;3;1;40;2;1;3;2;2;313000;1326000;442000;4857
"MWJYWZCGNHOPZNZG2897";2025;4;1;1;1;1;"S";32;1240;1;1;62;2;3;0;0;0;0;0;0;0
"DPAPSCMCPSDWXWBV3069";2025;4;1;1;1;1;"S";32;2511;1;1;45;5;1;3;2;3;862000;862000;431000;3388
"DPAPSCMCPSDWXWBV3069";2025;4;1;2;1;1;"S";32;2511;2;2;44;3;1;3;1;2;-9;862000;431000;0
"AQNEZXJXYKENEKAK4426";2025;4;1;1;1;1;"S";32;1184;1;2;53;3;3;0;0;0;0;1020000;510000;0
"AQNEZXJXYKENEKAK4426";2025;4;1;2;1;1;"S";32;1184;2;1;47;5;1;3;1;2;1020000;1020000;510000;1597
"WKOQMRQDCHKAGEON6477";2025;4;1;1;1;1;"S";32;1934;1;2;38;3;3;0;0;0;0;0;0;0
"WKOQMRQDCHKAGEON6477";2025;4;1;2;1;1;"S";32;1934;3;2;10;1;3;0;0;0;0;0;0;0
"WKOQMRQDCHKAGEON6477";2025;4;1;3;1;1;"S";32;1934;3;2;11;1;3;0;0;0;0;0;0;0
"BRELWTNFTBASNPPK4893";2025;4;1;1;1;1;"S";32;3167;1;1;57;3;1;3;1;2;1240000;1240000;620000;4273
"BRELWTNFTBASNPPK4893";2025;4;1;2;1;1;"S";32;3167;3;2;36;3;2;0;0;0;0;1240000;620000;0
"BVXSABBJECDDRAUD1301";2025;4;1;1;1;1;"S";32;4141;1;2;73;4;2;0;0;0;0;0;0;0
"BVXSABBJECDDRAUD1301";2025;4;1;2;1;1;"S";32;4141;2;1;72;6;1;3;1;2;-9;0;0;0
"BVXSABBJECDDRAUD1301";2025;4;1;3;1;1;"S";32;4141;3;1;42;6;1;2;0;2;-9;0;0;0
"BVXSABBJECDDRAUD1301";2025;4;1;4;1;1;"S";32;4141;3;1;46;6;1;2;0;2;-9;0;0;0
"IDCUWNAHPUSCDZAJ5256";2025;4;1;1;1;1;"S";32;2781;1;2;60;5;3;0;0;0;0;1714000;428500;0
"IDCUWNAHPUSCDZAJ5256";2025;4;1;2;1;1;"S";32;2781;5;2;38;3;1;3;1;3;310000;1714000;428500;3752
"IDCUWNAHPUSCDZAJ5256";2025;4;1;3;1;1;"S";32;2781;3;1;39;7;1;2;0;3;304000;1714000;428500;3752
"IDCUWNAHPUSCDZAJ5256";2025;4;1;4;1;1;"S";32;2781;3;1;39;1;1;3;2;2;1100000;1714000;428500;3752
"IDCUWNAHPUSCDZAJ5256";2025;4;2;1;1;1;"S";32;5309;1;1;24;2;1;2;0;2;456000;456000;114000;7163
"IDCUWNAHPUSCDZAJ5256";2025;4;2;2;1;1;"S";32;5309;3;2;3;7;4;0;0;0;0;456000;114000;0
"IDCUWNAHPUSCDZAJ5256";2025;4;2;3;1;1;"S";32;5309;5;2;2;7;4;0;0;0;0;456000;114000;0
"IDCUWNAHPUSCDZAJ5256";2025;4;2;4;1;1;"S";32;5309;3;1;4;7;4;0;0;0;0;456000;114000;0
"XVBPENELZQAVQDND6492";2025;4;1;1;1;1;"S";32;1535;1;1;75;5;3;0;0;0;0;0;0;0
"ONLROVDJRUTAOIQT8672";2025;4;1;1;1;1;"S";32;2604;1;1;63;1;1;3;2;2;378000;378000;189000;3513
"ONLROVDJRUTAOIQT8672";2025;4;1;2;1;1;"S";32;2604;2;2;57;2;3;0;0;0;0;378000;189000;0
"TMUKAMOVFUYJSXUB3021";2025;4;1;1;1;1;"S";32;1943;1;2;27;5;1;2;0;2;-9;0;0;0
"TMUKAMOVFUYJSXUB3021";2025;4;1;2;1;1;"S";32;1943;5;1;4;7;4;0;0;0;0;0;0;0
"TMUKAMOVFUYJSXUB3021";2025;4;1;3;1;1;"S";32;1943;3;2;4;7;4;0;0;0;0;0;0;0
"TMUKAMOVFUYJSXUB3021";2025;4;1;4;1;1;"S";32;1943;3;1;6;1;4;0;0;0;0;0;0;0
"TMUKAMOVFUYJSXUB3021";2025;4;1;5;1;1;"S";32;1943;3;2;6;1;4;0;0;0;0;0;0;0
"YXAJMNGNMSXWCIYC8980";2025;4;1;1;1;1;"S";32;2006;1;2;32;2;3;0;0;0;0;0;0;0
"YXAJMNGNMSXWCIYC8980";2025;4;1;2;1;1;"S";32;2006;2;1;32;4;1;2;0;2;-9;0;0;0
"YXAJMNGNMSXWCIYC8980";2025;4;1;3;1;1;"S";32;2006;3;2;11;1;3;0;0;0;0;0;0;0
"YXAJMNGNMSXWCIYC8980";2025;4;1;4;1;1;"S";32;2006;3;2;7;1;4;0;0;0;0;0;0;0
"EREWHXECXSDCVEFV2041";2025;4;1;1;1;1;"S";32;1445;1;1;33;4;1;3;2;2;252000;252000;50400;1950
"EREWHXECXSDCVEFV2041";2025;4;1;2;1;1;"S";32;1445;3;2;12;3;3;0;0;0;0;252000;50400;0
"EREWHXECXSDCVEFV2041";2025;4;1;3;1;1;"S";32;1445;3;1;10;1;3;0;0;0;0;252000;50400;0
"EREWHXECXSDCVEFV2041";2025;4;1;4;1;1;"S";32;1445;3;2;11;1;3;0;0;0;0;252000;50400;0
"EREWHXECXSDCVEFV2041";2025;4;1;5;1;1;"S";32;1445;3;1;8;1;4;0;0;0;0;252000;50400;0
"KTWMBLITQKRFBCKG2317";2025;4;1;1;1;1;"S";32;1216;1;2;29;6;1;2;0;3;-9;0;0;0
"KTWMBLITQKRFBCKG2317";2025;4;1;2;1;1;"S";32;1216;9;2;9;1;4;0;0;0;0;0;0;0
"CMJEDWVXMGBSQSQT0974";2025;4;1;1;1;1;"S";32;1977;1;2;67;2;3;0;0;0;0;346000;69200;0
"CMJEDWVXMGBSQSQT0974";2025;4;1;2;1;1;"S";32;1977;2;1;69;2;3;0;0;0;0;346000;69200;0
"CMJEDWVXMGBSQSQT0974";2025;4;1;3;1;1;"S";32;1977;3;2;28;6;1;3;1;3;346000;346000;69200;2667
"CMJEDWVXMGBSQSQT0974";2025;4;1;4;1;1;"S";32;1977;9;1;38;6;3;0;0;0;0;346000;69200;0
"CMJEDWVXMGBSQSQT0974";2025;4;1;5;1;1;"S";32;1977;3;2;25;3;2;0;0;0;0;346000;69200;0
"NVNEBFCVLEOULJUB2623";2025;4;1;1;1;1;"S";32;1701;1;1;44;6;1;3;2;3;2290000;2290000;1145000;2295
"NVNEBFCVLEOULJUB2623";2025;4;1;2;1;1;"S";32;1701;3;1;13;2;3;0;0;0;0;2290000;1145000;0
"AIQAKKCCGELMOSQS6120";2025;4;1;1;1;1;"S";32;2447;1;1;74;4;1;2;0;3;765000;1582000;791000;3301
"AIQAKKCCGELMOSQS6120";2025;4;1;2;1;1;"S";32;2447;3;2;39;4;1;3;2;2;817000;1582000;791000;3301
"VSONHIHKPFRMHOXV3577";2025;4;1;1;1;1;"S";32;1936;1;1;59;5;2;0;0;0;0;444000;88800;0
"VSONHIHKPFRMHOXV3577";2025;4;1;2;1;1;"S";32;1936;2;2;61;2;3;0;0;0;0;444000;88800;0
"VSONHIHKPFRMHOXV3577";2025;4;1;3;1;1;"S";32;1936;3;2;30;1;1;3;2;2;444000;444000;88800;2612
"VSONHIHKPFRMHOXV3577";2025;4;1;4;1;1;"S";32;1936;3;2;23;5;3;0;0;0;0;444000;88800;0
"VSONHIHKPFRMHOXV3577";2025;4;1;5;1;1;"S";32;1936;3;2;30;6;1;2;0;2;-9;444000;88800;0
"HQOSUXOBFTBBLLKG8213";2025;4;1;1;1;1;"S";32;2743;1;1;42;3;1;3;1;2;248000;248000;248000;3701
"DEKLDUXVZAKLFARE5252";2025;4;1;1;1;1;"S";32;1739;1;1;38;6;1;3;1;2;1333000;1333000;1333000;2346
"AFHTLXJAOTYUEUKK1273";2025;4;1;1;1;1;"S";32;1897;1;1;67;2;1;2;0;3;472000;2366000;394333;2559
"AFHTLXJAOTYUEUKK1273";2025;4;1;2;1;1;"S";32;1897;2;2;71;4;3;0;0;0;0;2366000;394333;0
"AFHTLXJAOTYUEUKK1273";2025;4;1;3;1;1;"S";32;1897;3;1;27;6;1;3;1;3;1894000;2366000;394333;2559
"AFHTLXJAOTYUEUKK1273";2025;4;1;4;1;1;"S";32;1897;3;2;35;4;1;3;1;1;-9;2366000;394333;0
"AFHTLXJAOTYUEUKK1273";2025;4;1;5;1;1;"S";32;1897;3;1;31;5;1;3;2;3;-9;2366000;394333;0
"AFHTLXJAOTYUEUKK1273";2025;4;1;6;1;1;"S";32;1897;3;2;31;3;3;0;0;0;0;2366000;394333;0
"ZSQGBYBDLFFMVRBW2875";2025;4;1;1;1;1;"S";32;1887;1;1;27;4;1;3;2;2;864000;927000;231750;2546
"ZSQGBYBDLFFMVRBW2875";2025;4;1;2;1;1;"S";32;1887;2;2;26;4;1;2;0;2;63000;927000;231750;2546
"ZSQGBYBDLFFMVRBW2875";2025;4;1;3;1;1;"S";32;1887;3;1;5;1;4;0;0;0;0;927000;231750;0
"ZSQGBYBDLFFMVRBW2875";2025;4;1;4;1;1;"S";32;1887;3;1;6;1;4;0;0;0;0;927000;231750;0
"QYCBSKCZNJWGKRUW0383";2025;4;1;1;1;1;"S";32;750;1;2;61;3;3;0;0;0;0;0;0;0
"LLJFZWQHBGBHOQDE4424";2025;4;1;1;1;1;"S";32;2343;1;1;26;3;1;2;0;2;326000;326000;163000;3161
"LLJFZWQHBGBHOQDE4424";2025;4;1;2;1;1;"S";32;2343;2;2;21;3;3;0;0;0;0;326000;163000;0
"KXUJQQPUHHJFZZCS2561";2025;4;1;1;1;1;"S";32;2739;1;1;74;4;3;0;0;0;0;0;0;0
"VRPGEEELUDWOYYFS8967";2025;4;1;1;1;1;"S";32;2970;1;2;23;5;3;0;0;0;0;0;0;0
"VRPGEEELUDWOYYFS8967";2025;4;1;2;1;1;"S";32;2970;3;1;2;7;4;0;0;0;0;0;0;0
"VRPGEEELUDWOYYFS8967";2025;4;1;3;1;1;"S";32;2970;3;1;3;7;4;0;0;0;0;0;0;0
"VRPGEEELUDWOYYFS8967";2025;4;1;4;1;1;"S";32;2970;3;2;3;7;4;0;0;0;0;0;0;0
"VRPGEEELUDWOYYFS8967";2025;4;1;5;1;1;"S";32;2970;9;1;3;7;4;0;0;0;0;0;0;0
"EZVGAYGTOQGXHMLC9315";2025;4;1;1;1;1;"S";32;2463;1;2;26;6;1;2;0;2;2651000;2651000;530200;3323
"EZVGAYGTOQGXHMLC9315";2025;4;1;2;1;1;"S";32;2463;2;1;25;3;1;3;2;3;-9;2651000;530200;0
"EZVGAYGTOQGXHMLC9315";2025;4;1;3;1;1;"S";32;2463;3;2;4;7;4;0;0;0;0;2651000;530200;0
"EZVGAYGTOQGXHMLC9315";2025;4;1;4;1;1;"S";32;2463;5;1;5;1;4;0;0;0;0;2651000;530200;0
"EZVGAYGTOQGXHMLC9315";2025;4;1;5;1;1;"S";32;2463;3;1;4;7;4;0;0;0;0;2651000;530200;0
"HMPFJWJKPZQVSDOD9300";2025;4;1;1;1;1;"S";32;1123;1;1;68;6;3;0;0;0;0;0;0;0
"FTESUGCUVEPJCNZD9827";2025;4;1;1;1;1;"S";32;1805;1;1;61;3;1;3;2;3;1188000;1719000;573000;2435
"FTESUGCUVEPJCNZD9827";2025;4;1;2;1;1;"S";32;1805;2;2;62;3;1;3;1;2;531000;1719000;573000;2435
"FTESUGCUVEPJCNZD9827";2025;4;1;3;1;1;"S";32;1805;3;1;29;7;1;3;1;1;-9;1719000;573000;0
"IFPKJEYSPXQPRICI5027";2025;4;1;1;1;1;"S";32;2281;1;1;70;2;3;0;0;0;0;0;0;0
"KXQAWMQHWZVNZTPG9854";2025;4;1;1;1;1;"S";32;1092;1;2;35;6;1;1;0;1;486000;486000;486000;1473
"IYKEOISXAFDFMEPW2880";2025;4;1;1;1;1;"S";32;3496;1;2;65;4;3;0;0;0;0;6850000;1712500;0
"IYKEOISXAFDFMEPW2880";2025;4;1;2;1;1;"S";32;3496;2;1;59;2;1;2;0;2;-9;6850000;1712500;0
"IYKEOISXAFDFMEPW2880";2025;4;1;3;1;1;"S";32;3496;3;1;38;2;1;3;1;1;5203000;6850000;1712500;4717
"IYKEOISXAFDFMEPW2880";2025;4;1;4;1;1;"S";32;3496;3;2;28;3;1;3;1;2;1647000;6850000;1712500;4717
"QYUODJLXNGHVDGAX1867";2025;4;1;1;1;1;"S";32;4245;1;1;50;4;3;0;0;0;0;516000;258000;0
"QYUODJLXNGHVDGAX1867";2025;4;1;2;1;1;"S";32;4245;2;2;55;4;1;3;1;2;516000;516000;258000;5727
"YWKGIKDCLAENFDDW5911";2025;4;1;1;1;1;"S";32;1193;1;1;29;6;1;3;1;3;606000;606000;101000;1610
"YWKGIKDCLAENFDDW5911";2025;4;1;2;1;1;"S";32;1193;2;2;24;5;2;0;0;0;0;606000;101000;0
"YWKGIKDCLAENFDDW5911";2025;4;1;3;1;1;"S";32;1193;3;2;9;1;4;0;0;0;0;606000;101000;0
"YWKGIKDCLAENFDDW5911";2025;4;1;4;1;1;"S";32;1193;3;1;9;1;4;0;0;0;0;606000;101000;0
"YWKGIKDCLAENFDDW5911";2025;4;1;5;1;1;"S";32;1193;3;2;8;1;4;0;0;0;0;606000;101000;0
"YWKGIKDCLAENFDDW5911";2025;4;1;6;1;1;"S";32;1193;3;2;6;1;4;0;0;0;0;606000;101000;0
"RANHPHPNTYMMFOKK5785";2025;4;1;1;1;1;"S";32;2565;1;1;43;4;1;1;0;3;144000;144000;72000;3461
"RANHPHPNTYMMFOKK5785";2025;4;1;2;1;1;"S";32;2565;2;2;40;4;3;0;0;0;0;144000;72000;0
"KDGGRHAVXAMCCAFK1785";2025;4;1;1;1;1;"S";32;1080;1;1;46;4;1;2;0;1;621000;749000;249667;1457
"KDGGRHAVXAMCCAFK1785";2025;4;1;2;1;1;"S";32;1080;2;2;50;1;1;3;1;1;128000;749000;249667;1457
"KDGGRHAVXAMCCAFK1785";2025;4;1;3;1;1;"S";32;1080;3;2;16;3;3;0;0;0;0;749000;249667;0
"ZUWNOVCMIAJFMGRI6166";2025;4;1;1;1;1;"S";33;2280;1;2;67;6;3;0;0;0;0;848000;212000;0
"ZUWNOVCMIAJFMGRI6166";2025;4;1;2;1;1;"S";33;2280;2;1;70;3;3;0;0;0;0;848000;212000;0
"ZUWNOVCMIAJFMGRI6166";2025;4;1;3;1;1;"S";33;2280;9;1;34;2;1;3;1;2;481000;848000;212000;2513
"ZUWNOVCMIAJFMGRI6166";2025;4;1;4;1;1;"S";33;2280;3;1;33;1;1;2;0;2;367000;848000;212000;2513
"KJTHVEFQBSTZMPDW8768";2025;4;1;1;1;1;"S";33;2124;1;2;41;3;1;3;1;2;1020000;3489000;697800;2341
"KJTHVEFQBSTZMPDW8768";2025;4;1;2;1;1;"S";33;2124;3;1;19;5;1;3;1;3;955000;3489000;697800;2341
"KJTHVEFQBSTZMPDW8768";2025;4;1;3;1;1;"S";33;2124;3;1;11;1;3;0;0;0;0;3489000;697800;0
"KJTHVEFQBSTZMPDW8768";2025;4;1;4;1;1;"S";33;2124;3;1;15;3;3;0;0;0;0;3489000;697800;0
"KJTHVEFQBSTZMPDW8768";2025;4;1;5;1;1;"S";33;2124;3;2;17;3;1;3;2;1;1514000;3489000;697800;2341
"BWBGOZTYYJPWSIPI5218";2025;4;1;1;1;1;"S";33;1878;1;2;33;6;3;0;0;0;0;532000;133000;0
"BWBGOZTYYJPWSIPI5218";2025;4;1;2;1;1;"S";33;1878;2;1;33;1;1;3;2;2;532000;532000;133000;2070
"BWBGOZTYYJPWSIPI5218";2025;4;1;3;1;1;"S";33;1878;3;1;13;3;3;0;0;0;0;532000;133000;0
"BWBGOZTYYJPWSIPI5218";2025;4;1;4;1;1;"S";33;1878;3;1;12;3;3;0;0;0;0;532000;133000;0
"YNLAACYKRBUZHSGT8500";2025;4;1;1;1;1;"S";33;1653;1;2;57;6;1;3;1;3;2564000;3697000;739400;1822
"YNLAACYKRBUZHSGT8500";2025;4;1;2;1;1;"S";33;1653;5;1;32;1;3;0;0;0;0;3697000;739400;0
"YNLAACYKRBUZHSGT8500";2025;4;1;3;1;1;"S";33;1653;3;2;32;6;1;3;1;2;260000;3697000;739400;1822
"YNLAACYKRBUZHSGT8500";2025;4;1;4;1;1;"S";33;1653;3;2;20;4;1;3;2;2;717000;3697000;739400;1822
"YNLAACYKRBUZHSGT8500";2025;4;1;5;1;1;"S";33;1653;3;1;30;3;1;3;2;2;156000;3697000;739400;1822
"ZCKXIOZMZXFJLUYL8434";2025;4;1;1;1;1;"S";33;1211;1;1;22;3;1;3;1;3;640000;640000;320000;1335
"ZCKXIOZMZXFJLUYL8434";2025;4;1;2;1;1;"S";33;1211;3;2;2;7;4;0;0;0;0;640000;320000;0
"YXPWZUPHIUPSJAQU2732";2025;4;1;1;1;1;"S";33;1555;1;1;54;4;1;4;0;2;0;0;0;1714
"GXPQRKNLGGGLHLDA4819";2025;4;1;1;1;1;"S";33;1315;1;2;36;3;3;0;0;0;0;0;0;0
"GXPQRKNLGGGLHLDA4819";2025;4;1;2;1;1;"S";33;1315;3;1;10;1;3;0;0;0;0;0;0;0
"IQLTXRBGIJBYJYNC1493";2025;4;1;1;1;1;"S";33;3099;1;1;72;3;3;0;0;0;0;0;0;0
"HXHKEPHDBAGCYHAF8966";2025;4;1;1;1;1;"S";33;4848;1;2;48;6;1;3;1;3;207000;663000;331500;5343
"HXHKEPHDBAGCYHAF8966";2025;4;1;2;1;1;"S";33;4848;5;2;28;2;1;2;0;3;456000;663000;331500;5343
"TCZAEULDTBWANHFU6006";2025;4;1;1;1;1;"S";33;1870;1;1;32;2;1;2;0;3;155000;155000;77500;2061
"TCZAEULDTBWANHFU6006";2025;4;1;2;1;1;"S";33;1870;2;2;37;6;3;0;0;0;0;155000;77500;0
"LDENJPTOLXSIFXYN9709";2025;4;1;1;1;1;"S";33;1809;1;2;62;3;1;3;1;2;794000;794000;397000;1994
"LDENJPTOLXSIFXYN9709";2025;4;1;2;1;1;"S";33;1809;2;1;62;2;3;0;0;0;0;794000;397000;0
"QKDQVFULJHLVIEAN0178";2025;4;1;1;1;1;"S";33;2128;1;1;39;6;1;3;1;2;1667000;2256000;1128000;2345
"QKDQVFULJHLVIEAN0178";2025;4;1;2;1;1;"S";33;2128;2;2;37;2;1;3;1;3;589000;2256000;1128000;2345
"ETGYBTCFNUKGVUIZ7163";2025;4;1;1;1;1;"S";33;1354;1;1;65;1;3;0;0;0;0;795000;159000;0
"ETGYBTCFNUKGVUIZ7163";2025;4;1;2;1;1;"S";33;1354;2;2;70;5;3;0;0;0;0;795000;159000;0
"ETGYBTCFNUKGVUIZ7163";2025;4;1;3;1;1;"S";33;1354;3;1;27;2;1;3;1;3;-9;795000;159000;0
"ETGYBTCFNUKGVUIZ7163";2025;4;1;4;1;1;"S";33;1354;5;2;33;6;1;3;2;2;180000;795000;159000;1492
"ETGYBTCFNUKGVUIZ7163";2025;4;1;5;1;1;"S";33;1354;3;1;31;3;1;3;1;3;615000;795000;159000;1492
"EBYLKDYCWOWEGCQK4370";2025;4;1;1;1;1;"S";33;1377;1;1;30;2;1;3;2;2;209000;209000;104500;1517
"EBYLKDYCWOWEGCQK4370";2025;4;1;2;1;1;"S";33;1377;5;2;8;1;4;0;0;0;0;209000;104500;0
"DUBQXAJXVJPOOKIQ4694";2025;4;1;1;1;1;"S";33;1501;1;1;71;6;3;0;0;0;0;509000;169667;0
"DUBQXAJXVJPOOKIQ4694";2025;4;1;2;1;1;"S";33;1501;3;2;47;6;1;2;0;2;509000;509000;169667;1654
"DUBQXAJXVJPOOKIQ4694";2025;4;1;3;1;1;"S";33;1501;3;2;42;3;3;0;0;0;0;509000;169667;0
"KHZWAWAVXKGKZJWJ5469";2025;4;1;1;1;1;"S";33;5097;1;2;57;3;3;0;0;0;0;0;0;0
"VABLKUTVWKBPTOPS9478";2025;4;1;1;1;1;"S";33;1507;1;2;44;4;1;2;0;2;120000;1716000;343200;1661
"VABLKUTVWKBPTOPS9478";2025;4;1;2;1;1;"S";33;1507;2;1;47;3;1;1;0;2;1596000;1716000;343200;1661
"VABLKUTVWKBPTOPS9478";2025;4;1;3;1;1;"S";33;1507;3;2;15;2;3;0;0;0;0;1716000;343200;0
"VABLKUTVWKBPTOPS9478";2025;4;1;4;1;1;"S";33;1507;3;1;16;3;3;0;0;0;0;1716000;343200;0
"VABLKUTVWKBPTOPS9478";2025;4;1;5;1;1;"S";33;1507;3;2;17;2;3;0;0;0;0;1716000;343200;0
"MQZNMKMTEBUWXBEE8880";2025;4;1;1;1;1;"S";33;1855;1;1;35;4;1;3;1;2;3728000;3728000;745600;2044
"MQZNMKMTEBUWXBEE8880";2025;4;1;2;1;1;"S";33;1855;3;1;12;1;3;0;0;0;0;3728000;745600;0
"MQZNMKMTEBUWXBEE8880";2025;4;1;3;1;1;"S";33;1855;3;1;8;1;4;0;0;0;0;3728000;745600;0
"MQZNMKMTEBUWXBEE8880";2025;4;1;4;1;1;"S";33;1855;3;2;10;1;3;0;0;0;0;3728000;745600;0
"MQZNMKMTEBUWXBEE8880";2025;4;1;5;1;1;"S";33;1855;3;1;11;1;3;0;0;0;0;3728000;745600;0
"WOJNFZVASWMAUDXT0423";2025;4;1;1;1;1;"S";33;2837;1;2;51;3;1;3;1;3;862000;862000;862000;3126
"RRJJMCPANADYKZHK6176";2025;4;1;1;1;1;"S";33;2552;1;1;71;6;3;0;0;0;0;751000;250333;0
"RRJJMCPANADYKZHK6176";2025;4;1;2;1;1;"S";33;2552;2;2;77;5;3;0;0;0;0;751000;250333;0
"RRJJMCPANADYKZHK6176";2025;4;1;3;1;1;"S";33;2552;3;1;49;3;1;3;2;2;751000;751000;250333;2812
"RAKITKJSKLCBZQDT3986";2025;4;1;1;1;1;"S";33;1503;1;2;78;3;3;0;0;0;0;0;0;0
"RAKITKJSKLCBZQDT3986";2025;4;1;2;1;1;"S";33;1503;2;1;72;6;3;0;0;0;0;0;0;0
"HRVDXKFYSKAATKCA4307";2025;4;1;1;1;1;"S";33;1821;1;2;44;5;1;3;1;2;222000;374000;124667;2007
"HRVDXKFYSKAATKCA4307";2025;4;1;2;1;1;"S";33;1821;2;1;47;3;1;3;1;2;152000;374000;124667;2007
"HRVDXKFYSKAATKCA4307";2025;4;1;3;1;1;"S";33;1821;5;1;19;5;3;0;0;0;0;374000;124667;0
"BKZYNRPLDRRCUUJC7681";2025;4;1;1;1;1;"S";33;1704;1;2;59;3;1;2;0;2;166000;212000;53000;1878
"BKZYNRPLDRRCUUJC7681";2025;4;1;2;1;1;"S";33;1704;3;2;22;5;3;0;0;0;0;212000;53000;0
"BKZYNRPLDRRCUUJC7681";2025;4;1;3;1;1;"S";33;1704;3;2;28;5;1;2;0;2;46000;212000;53000;1878
"BKZYNRPLDRRCUUJC7681";2025;4;1;4;1;1;"S";33;1704;3;1;37;3;1;3;2;2;-9;212000;53000;0
"XQLOIXZIFTRJUSUJ5346";2025;4;1;1;1;1;"S";33;4158;1;2;30;4;1;3;2;1;373000;373000;373000;4582
"GZXTZQKXCCRDYPJQ5688";2025;4;1;1;1;1;"S";33;2026;1;1;31;4;1;1;0;1;421000;515000;128750;2233
"GZXTZQKXCCRDYPJQ5688";2025;4;1;2;1;1;"S";33;2026;2;2;28;2;1;3;1;2;94000;515000;128750;2233
"GZXTZQKXCCRDYPJQ5688";2025;4;1;3;1;1;"S";33;2026;3;1;9;2;4;0;0;0;0;515000;128750;0
"GZXTZQKXCCRDYPJQ5688";2025;4;1;4;1;1;"S";33;2026;3;2;7;2;4;0;0;0;0;515000;128750;0
"QOTOSDUYVCTDWCFH0135";2025;4;1;1;1;1;"S";33;1280;1;2;36;1;3;0;0;0;0;0;0;0
"QOTOSDUYVCTDWCFH0135";2025;4;1;2;1;1;"S";33;1280;3;2;11;1;3;0;0;0;0;0;0;0
"QOTOSDUYVCTDWCFH0135";2025;4;1;3;1;1;"S";33;1280;3;1;12;3;3;0;0;0;0;0;0;0
"QOTOSDUYVCTDWCFH0135";2025;4;1;4;1;1;"S";33;1280;3;2;15;2;3;0;0;0;0;0;0;0
"QOTOSDUYVCTDWCFH0135";2025;4;1;5;1;1;"S";33;1280;3;1;10;1;3;0;0;0;0;0;0;0
"QOTOSDUYVCTDWCFH0135";2025;4;1;6;1;1;"S";33;1280;3;1;12;2;3;0;0;0;0;0;0;0
"LOTHVUEUEACFITIQ5624";2025;4;1;1;1;1;"S";33;3862;1;1;62;3;1;3;1;3;867000;1664000;277333;4256
"LOTHVUEUEACFITIQ5624";2025;4;1;2;1;1;"S";33;3862;2;2;60;4;3;0;0;0;0;1664000;277333;0
"LOTHVUEUEACFITIQ5624";2025;4;1;3;1;1;"S";33;3862;3;1;25;1;3;0;0;0;0;1664000;277333;0
"LOTHVUEUEACFITIQ5624";2025;4;1;4;1;1;"S";33;3862;3;1;34;5;1;3;1;2;797000;1664000;277333;4256
"LOTHVUEUEACFITIQ5624";2025;4;1;5;1;1;"S";33;3862;3;2;23;4;3;0;0;0;0;1664000;277333;0
"LOTHVUEUEACFITIQ5624";2025;4;1;6;1;1;"S";33;3862;3;2;36;6;1;3;2;2;-9;1664000;277333;0
"VAOIRVTJLNQQUSCE7415";2025;4;1;1;1;1;"S";33;1417;1;1;37;3;1;3;1;3;155000;364000;72800;1562
"VAOIRVTJLNQQUSCE7415";2025;4;1;2;1;1;"S";33;1417;2;2;40;1;1;3;2;2;209000;364000;72800;1562
"VAOIRVTJLNQQUSCE7415";2025;4;1;3;1;1;"S";33;1417;5;1;11;1;3;0;0;0;0;364000;72800;0
"VAOIRVTJLNQQUSCE7415";2025;4;1;4;1;1;"S";33;1417;3;1;17;2;3;0;0;0;0;364000;72800;0
"VAOIRVTJLNQQUSCE7415";2025;4;1;5;1;1;"S";33;1417;3;1;10;1;3;0;0;0;0;364000;72800;0
"DRUVFGERPCNXEBLN0345";2025;4;1;1;1;1;"S";33;1317;1;2;73;6;3;0;0;0;0;70000;23333;0
"DRUVFGERPCNXEBLN0345";2025;4;1;2;1;1;"S";33;1317;2;1;78;3;3;0;0;0;0;70000;23333;0
"DRUVFGERPCNXEBLN0345";2025;4;1;3;1;1;"S";33;1317;9;1;47;5;1;2;0;3;70000;70000;23333;1451
"DRUVFGERPCNXEBLN0345";2025;4;2;1;1;1;"S";33;4108;1;1;68;3;3;0;0;0;0;884000;221000;0
"DRUVFGERPCNXEBLN0345";2025;4;2;2;1;1;"S";33;4108;2;2;72;1;3;0;0;0;0;884000;221000;0
"DRUVFGERPCNXEBLN0345";2025;4;2;3;1;1;"S";33;4108;3;2;39;3;1;2;0;2;625000;884000;221000;4527
"DRUVFGERPCNXEBLN0345";2025;4;2;4;1;1;"S";33;4108;3;1;45;1;1;3;1;3;259000;884000;221000;4527
"IQUDDAGOMTRLOEFI2860";2025;4;1;1;1;1;"S";33;1443;1;2;67;4;3;0;0;0;0;0;0;0
"IQUDDAGOMTRLOEFI2860";2025;4;1;2;1;1;"S";33;1443;2;1;68;6;3;0;0;0;0;0;0;0
"UZYFNCROCUXNZDFR8821";2025;4;1;1;1;1;"S";33;1862;1;2;76;6;1;2;0;2;1374000;1527000;509000;2052
"UZYFNCROCUXNZDFR8821";2025;4;1;2;1;1;"S";33;1862;2;1;76;1;3;0;0;0;0;1527000;509000;0
"UZYFNCROCUXNZDFR8821";2025;4;1;3;1;1;"S";33;1862;3;1;40;1;1;3;1;2;153000;1527000;509000;2052
"KIBFCLRDEFGSRCPX6937";2025;4;1;1;1;1;"S";33;2774;1;2;36;2;3;0;0;0;0;0;0;0
"KIBFCLRDEFGSRCPX6937";2025;4;1;2;1;1;"S";33;2774;3;1;11;1;3;0;0;0;0;0;0;0
"ACTBZNGVTXNYUGOT4916";2025;4;1;1;1;1;"S";33;2240;1;2;54;5;1;1;0;2;348000;1361000;453667;2469
"ACTBZNGVTXNYUGOT4916";2025;4;1;2;1;1;"S";33;2240;2;1;60;6;1;3;1;1;669000;1361000;453667;2469
"ACTBZNGVTXNYUGOT4916";2025;4;1;3;1;1;"S";33;2240;3;2;29;4;1;3;2;2;344000;1361000;453667;2469
"NWQFVTHSMGDXWCWZ6565";2025;4;1;1;1;1;"S";33;1417;1;1;72;3;3;0;0;0;0;0;0;0
"ODPBYAHSPJXGYALI1783";2025;4;1;1;1;1;"S";33;3540;1;1;48;4;1;1;0;1;318000;2529000;505800;3901
"ODPBYAHSPJXGYALI1783";2025;4;1;2;1;1;"S";33;3540;2;2;43;1;1;3;1;3;466000;2529000;505800;3901
"ODPBYAHSPJXGYALI1783";2025;4;1;3;1;1;"S";33;3540;3;1;15;2;3;0;0;0;0;2529000;505800;0
"ODPBYAHSPJXGYALI1783";2025;4;1;4;1;1;"S";33;3540;5;2;20;5;1;3;1;1;799000;2529000;505800;3901
"ODPBYAHSPJXGYALI1783";2025;4;1;5;1;1;"S";33;3540;5;2;18;5;1;3;1;2;946000;2529000;505800;3901
"UVOOFBVGLCJEHAUB8622";2025;4;1;1;1;1;"S";33;1050;1;1;61;4;1;3;2;3;414000;677000;169250;1157
"UVOOFBVGLCJEHAUB8622";2025;4;1;2;1;1;"S";33;1050;3;1;29;6;2;0;0;0;0;677000;169250;0
"UVOOFBVGLCJEHAUB8622";2025;4;1;3;1;1;"S";33;1050;3;2;32;5;1;2;0;3;263000;677000;169250;1157
"UVOOFBVGLCJEHAUB8622";2025;4;1;4;1;1;"S";33;1050;3;1;27;2;3;0;0;0;0;677000;169250;0
"VTTRIFNREDTPFPBY8376";2025;4;1;1;1;1;"S";33;2222;1;2;47;6;1;3;1;2;809000;1398000;699000;2449
"VTTRIFNREDTPFPBY8376";2025;4;1;2;1;1;"S";33;2222;2;1;43;2;1;3;2;3;589000;1398000;699000;2449
"TNNWTCSAZUQARPCH6593";2025;4;1;1;1;1;"S";33;2270;1;2;78;6;3;0;0;0;0;0;0;0
"REVCENUUKJDUWKYF5625";2025;4;1;1;1;1;"S";33;1476;1;2;71;3;3;0;0;0;0;565000;282500;0
"REVCENUUKJDUWKYF5625";2025;4;1;2;1;1;"S";33;1476;2;1;67;3;1;3;1;2;565000;565000;282500;1627
"YKMLPETIXEORFUOY5971";2025;4;1;1;1;1;"S";33;1286;1;1;31;3;1;3;2;2;739000;739000;147800;1417
"YKMLPETIXEORFUOY5971";2025;4;1;2;1;1;"S";33;1286;2;2;31;3;2;0;0;0;0;739000;147800;0
"YKMLPETIXEORFUOY5971";2025;4;1;3;1;1;"S";33;1286;3;1;8;1;4;0;0;0;0;739000;147800;0
"YKMLPETIXEORFUOY5971";2025;4;1;4;1;1;"S";33;1286;5;2;8;1;4;0;0;0;0;739000;147800;0
"YKMLPETIXEORFUOY5971";2025;4;1;5;1;1;"S";33;1286;5;2;9;1;4;0;0;0;0;739000;147800;0
"MAMQPDUPDZYPVFHY2106";2025;4;1;1;1;1;"S";33;3345;1;1;44;6;1;2;0;2;-9;0;0;0
"MAMQPDUPDZYPVFHY2106";2025;4;1;2;1;1;"S";33;3345;3;2;17;2;3;0;0;0;0;0;0;0
"MAMQPDUPDZYPVFHY2106";2025;4;1;3;1;1;"S";33;3345;9;1;16;2;3;0;0;0;0;0;0;0
"MAMQPDUPDZYPVFHY2106";2025;4;1;4;1;1;"S";33;3345;3;2;16;2;3;0;0;0;0;0;0;0
"XZWEJKLUYWAFQCJL6193";2025;4;1;1;1;1;"S";33;2902;1;1;60;3;1;3;2;3;-9;1856000;464000;0
"XZWEJKLUYWAFQCJL6193";2025;4;1;2;1;1;"S";33;2902;9;2;28;4;2;0;0;0;0;1856000;464000;0
"XZWEJKLUYWAFQCJL6193";2025;4;1;3;1;1;"S";33;2902;3;1;32;4;1;2;0;3;1245000;1856000;464000;3198
"XZWEJKLUYWAFQCJL6193";2025;4;1;4;1;1;"S";33;2902;3;2;30;4;1;3;1;3;611000;1856000;464000;3198
"NTKZSSLOECGHCXBH4291";2025;4;1;1;1;1;"S";33;2011;1;1;27;6;2;0;0;0;0;206000;68667;0
"NTKZSSLOECGHCXBH4291";2025;4;1;2;1;1;"S";33;2011;2;2;22;2;1;3;1;2;206000;206000;68667;2216
"NTKZSSLOECGHCXBH4291";2025;4;1;3;1;1;"S";33;2011;3;1;5;2;4;0;0;0;0;206000;68667;0
"DFKXMMUBIUOSCQKR1249";2025;4;1;1;1;1;"S";33;1121;1;1;46;4;1;2;0;1;333000;639000;319500;1235
"DFKXMMUBIUOSCQKR1249";2025;4;1;2;1;1;"S";33;1121;3;1;23;5;1;2;0;2;306000;639000;319500;1235
"AKPSZARRZFYJHXKB2461";2025;4;1;1;1;1;"S";33;1286;1;1;46;6;1;3;1;2;820000;1191000;397000;1417
"AKPSZARRZFYJHXKB2461";2025;4;1;2;1;1;"S";33;1286;3;2;25;5;1;3;1;3;187000;1191000;397000;1417
"AKPSZARRZFYJHXKB2461";2025;4;1;3;1;1;"S";33;1286;3;2;23;3;1;3;1;2;184000;1191000;397000;1417
"JRUBPLZUJNKDIYEW7480";2025;4;1;1;1;1;"S";33;927;1;1;49;6;3;0;0;0;0;336000;168000;0
"JRUBPLZUJNKDIYEW7480";2025;4;1;2;1;1;"S";33;927;3;2;22;5;1;3;2;1;336000;336000;168000;1022
"MWNCWRJTZRIVURDU1458";2025;4;1;1;1;1;"S";33;1966;1;1;74;5;3;0;0;0;0;1485000;371250;0
"MWNCWRJTZRIVURDU1458";2025;4;1;2;1;1;"S";33;1966;2;2;74;3;3;0;0;0;0;1485000;371250;0
"MWNCWRJTZRIVURDU1458";2025;4;1;3;1;1;"S";33;1966;3;2;38;4;1;3;2;1;1340000;1485000;371250;2167
"MWNCWRJTZRIVURDU1458";2025;4;1;4;1;1;"S";33;1966;3;1;39;2;1;3;2;3;145000;1485000;371250;2167
"RMPFUWEULKYJUTTF0007";2025;4;1;1;1;1;"S";33;3492;1;1;47;4;1;3;2;1;412000;1167000;194500;3848
"RMPFUWEULKYJUTTF0007";2025;4;1;2;1;1;"S";33;3492;2;2;42;4;1;2;0;2;354000;1167000;194500;3848
"RMPFUWEULKYJUTTF0007";2025;4;1;3;1;1;"S";33;3492;5;1;24;4;3;0;0;0;0;1167000;194500;0
"RMPFUWEULKYJUTTF0007";2025;4;1;4;1;1;"S";33;3492;3;2;22;3;2;0;0;0;0;1167000;194500;0
"RMPFUWEULKYJUTTF0007";2025;4;1;5;1;1;"S";33;3492;3;2;27;3;1;2;0;3;401000;1167000;194500;3848
"RMPFUWEULKYJUTTF0007";2025;4;1;6;1;1;"S";33;3492;3;2;16;3;3;0;0;0;0;1167000;194500;0
"KOWVSSMZSFPWOBVB8825";2025;4;1;1;1;1;"S";33;1094;1;1;75;3;3;0;0;0;0;775000;387500;0
"KOWVSSMZSFPWOBVB8825";2025;4;1;2;1;1;"S";33;1094;3;1;53;4;1;3;1;3;775000;775000;387500;1206
"UCLVIJHHXONNZGVF0167";2025;4;1;1;1;1;"S";33;2201;1;2;52;5;1;3;2;3;694000;2015000;1007500;2426
"UCLVIJHHXONNZGVF0167";2025;4;1;2;1;1;"S";33;2201;2;1;55;5;1;3;1;1;1321000;2015000;1007500;2426
"JVIWYKAZQQAKLBCW5094";2025;4;1;1;1;1;"S";33;1660;1;2;34;4;3;0;0;0;0;1564000;260667;0
"JVIWYKAZQQAKLBCW5094";2025;4;1;2;1;1;"S";33;1660;2;1;32;4;1;3;1;2;1564000;1564000;260667;1829
"JVIWYKAZQQAKLBCW5094";2025;4;1;3;1;1;"S";33;1660;3;1;9;1;4;0;0;0;0;1564000;260667;0
"JVIWYKAZQQAKLBCW5094";2025;4;1;4;1;1;"S";33;1660;5;2;11;1;3;0;0;0;0;1564000;260667;0
"JVIWYKAZQQAKLBCW5094";2025;4;1;5;1;1;"S";33;1660;9;1;9;1;4;0;0;0;0;1564000;260667;0
"JVIWYKAZQQAKLBCW5094";2025;4;1;6;1;1;"S";33;1660;3;1;13;3;3;0;0;0;0;1564000;260667;0
"GUOUAZFRMZQODMXK2095";2025;4;1;1;1;1;"S";33;3085;1;2;82;3;3;0;0;0;0;185000;92500;0
"GUOUAZFRMZQODMXK2095";2025;4;1;2;1;1;"S";33;3085;3;1;57;3;1;2;0;3;185000;185000;92500;3400
"FMJGVVCCCUZIVANR4337";2025;4;1;1;1;1;"S";33;1649;1;1;78;6;3;0;0;0;0;960000;192000;0
"FMJGVVCCCUZIVANR4337";2025;4;1;2;1;1;"S";33;1649;3;2;46;2;3;0;0;0;0;960000;192000;0
"FMJGVVCCCUZIVANR4337";2025;4;1;3;1;1;"S";33;1649;3;1;36;3;1;3;1;1;539000;960000;192000;1817
"FMJGVVCCCUZIVANR4337";2025;4;1;4;1;1;"S";33;1649;3;1;39;3;1;3;1;2;268000;960000;192000;1817
"FMJGVVCCCUZIVANR4337";2025;4;1;5;1;1;"S";33;1649;3;2;55;6;1;3;2;2;153000;960000;192000;1817
"FXGDBHZNMYVPKNDN7021";2025;4;1;1;1;1;"S";33;1631;1;1;25;4;1;3;1;2;118000;118000;118000;1797
"WFLIKYWCORDQNPCW8616";2025;4;1;1;1;1;"S";33;2747;1;1;67;2;3;0;0;0;0;0;0;0
"WFLIKYWCORDQNPCW8616";2025;4;1;2;1;1;"S";33;2747;2;2;62;5;1;2;0;3;-9;0;0;0
"YHGEZHVCBMRNUQJT9345";2025;4;1;1;1;1;"S";33;3051;1;1;39;4;1;3;2;2;748000;847000;141167;3362
"YHGEZHVCBMRNUQJT9345";2025;4;1;2;1;1;"S";33;3051;2;2;35;3;1;3;1;2;99000;847000;141167;3362
"YHGEZHVCBMRNUQJT9345";2025;4;1;3;1;1;"S";33;3051;3;2;17;2;3;0;0;0;0;847000;141167;0
"YHGEZHVCBMRNUQJT9345";2025;4;1;4;1;1;"S";33;3051;3;2;13;3;3;0;0;0;0;847000;141167;0
"YHGEZHVCBMRNUQJT9345";2025;4;1;5;1;1;"S";33;3051;3;1;17;1;3;0;0;0;0;847000;141167;0
"YHGEZHVCBMRNUQJT9345";2025;4;1;6;1;1;"S";33;3051;3;1;12;3;3;0;0;0;0;847000;141167;0
"SGJEOZAOAOTDGECJ1198";2025;4;1;1;1;1;"S";33;2476;1;1;59;1;1;3;2;2;108000;2464000;821333;2729
"SGJEOZAOAOTDGECJ1198";2025;4;1;2;1;1;"S";33;2476;3;2;32;2;1;3;2;2;285000;2464000;821333;2729
"SGJEOZAOAOTDGECJ1198";2025;4;1;3;1;1;"S";33;2476;3;2;26;3;1;3;2;2;2071000;2464000;821333;2729
"SGJEOZAOAOTDGECJ1198";2025;4;2;1;1;1;"S";33;2963;1;2;57;3;1;3;2;2;140000;140000;70000;3265
"SGJEOZAOAOTDGECJ1198";2025;4;2;2;1;1;"S";33;2963;2;1;59;1;1;3;2;3;-9;140000;70000;0
"NHJLMPFJGXELYHPF6519";2025;4;1;1;1;1;"S";33;3073;1;1;47;4;2;0;0;0;0;0;0;0
"NHJLMPFJGXELYHPF6519";2025;4;1;2;1;1;"S";33;3073;2;2;48;3;3;0;0;0;0;0;0;0
"NHJLMPFJGXELYHPF6519";2025;4;1;3;1;1;"S";33;3073;3;2;23;2;3;0;0;0;0;0;0;0
"NHJLMPFJGXELYHPF6519";2025;4;1;4;1;1;"S";33;3073;3;1;20;5;3;0;0;0;0;0;0;0
"QTFIVGTTYPVPWHLU4020";2025;4;1;1;1;1;"S";33;1281;1;1;71;4;3;0;0;0;0;977000;244250;0
"QTFIVGTTYPVPWHLU4020";2025;4;1;2;1;1;"S";33;1281;2;2;73;4;1;3;1;2;377000;977000;244250;1412
"QTFIVGTTYPVPWHLU4020";2025;4;1;3;1;1;"S";33;1281;3;1;38;3;1;3;2;2;600000;977000;244250;1412
"QTFIVGTTYPVPWHLU4020";2025;4;1;4;1;1;"S";33;1281;3;2;51;3;3;0;0;0;0;977000;244250;0
"KWEYKBJMEASJCSHG8305";2025;4;1;1;1;1;"S";33;883;1;2;53;4;1;2;0;1;335000;391000;130333;973
"KWEYKBJMEASJCSHG8305";2025;4;1;2;1;1;"S";33;883;2;1;53;6;1;3;1;3;0;391000;130333;973
"KWEYKBJMEASJCSHG8305";2025;4;1;3;1;1;"S";33;883;3;1;33;7;1;3;1;2;56000;391000;130333;973
"JWNGDBZJLMAPHFIL9634";2025;4;1;1;1;1;"S";33;1818;1;1;60;6;3;0;0;0;0;1176000;294000;0
"JWNGDBZJLMAPHFIL9634";2025;4;1;2;1;1;"S";33;1818;2;2;56;4;3;0;0;0;0;1176000;294000;0
"JWNGDBZJLMAPHFIL9634";2025;4;1;3;1;1;"S";33;1818;3;1;33;4;1;3;2;2;1176000;1176000;294000;2003
"JWNGDBZJLMAPHFIL9634";2025;4;1;4;1;1;"S";33;1818;3;2;34;6;3;0;0;0;0;1176000;294000;0
"AGRTXAFCXWGVVOXH0075";2025;4;1;1;1;1;"S";33;2214;1;2;74;3;3;0;0;0;0;0;0;0
"AGRTXAFCXWGVVOXH0075";2025;4;1;2;1;1;"S";33;2214;3;1;53;6;3;0;0;0;0;0;0;0
"YBMHRYHAMVNQBLAS7197";2025;4;1;1;1;1;"S";33;2556;1;2;57;6;1;2;0;2;106000;1895000;473750;2817
"YBMHRYHAMVNQBLAS7197";2025;4;1;2;1;1;"S";33;2556;3;1;24;5;1;3;1;2;1231000;1895000;473750;2817
"YBMHRYHAMVNQBLAS7197";2025;4;1;3;1;1;"S";33;2556;3;1;28;2;1;3;1;3;558000;1895000;473750;2817
"YBMHRYHAMVNQBLAS7197";2025;4;1;4;1;1;"S";33;2556;3;1;24;4;3;0;0;0;0;1895000;473750;0
"RCRMIMTTNYRAXDJA0255";2025;4;1;1;1;1;"S";33;3264;1;2;28;3;1;3;1;3;343000;343000;171500;3597
"RCRMIMTTNYRAXDJA0255";2025;4;1;2;1;1;"S";33;3264;3;2;8;1;4;0;0;0;0;343000;171500;0
"ZJRJCDKRWEDZQJYE2444";2025;4;1;1;1;1;"S";33;2223;1;1;79;3;3;0;0;0;0;2339000;584750;0
"ZJRJCDKRWEDZQJYE2444";2025;4;1;2;1;1;"S";33;2223;3;1;44;5;1;3;1;2;1934000;2339000;584750;2450
"ZJRJCDKRWEDZQJYE2444";2025;4;1;3;1;1;"S";33;2223;3;2;42;2;1;3;1;3;149000;2339000;584750;2450
"ZJRJCDKRWEDZQJYE2444";2025;4;1;4;1;1;"S";33;2223;3;2;41;3;1;3;1;3;256000;2339000;584750;2450
"VIXLVSIUHZWXXZEJ6740";2025;4;1;1;1;1;"S";33;1028;1;2;31;6;0;0;0;0;0;790000;197500;0
"VIXLVSIUHZWXXZEJ6740";2025;4;1;2;1;1;"S";33;1028;2;1;37;6;1;1;0;2;790000;790000;197500;1133
"VIXLVSIUHZWXXZEJ6740";2025;4;1;3;1;1;"S";33;1028;3;1;11;1;3;0;0;0;0;790000;197500;0
"VIXLVSIUHZWXXZEJ6740";2025;4;1;4;1;1;"S";33;1028;9;1;8;1;4;0;0;0;0;790000;197500;0
"AAQCCZMVRDSPWESO1887";2025;4;1;1;1;1;"S";33;1806;1;1;77;6;1;2;0;3;1730000;2045000;681667;1990
"AAQCCZMVRDSPWESO1887";2025;4;1;2;1;1;"S";33;1806;2;2;74;4;3;0;0;0;0;2045000;681667;0
"AAQCCZMVRDSPWESO1887";2025;4;1;3;1;1;"S";33;1806;3;1;40;4;1;2;0;3;315000;2045000;681667;1990
"DTLOFFSLOEWECZVO1761";2025;4;1;1;1;1;"S";33;1604;1;2;82;4;3;0;0;0;0;1104000;184000;0
"DTLOFFSLOEWECZVO1761";2025;4;1;2;1;1;"S";33;1604;3;2;40;1;3;0;0;0;0;1104000;184000;0
"DTLOFFSLOEWECZVO1761";2025;4;1;3;1;1;"S";33;1604;3;2;45;4;1;3;2;2;288000;1104000;184000;1768
"DTLOFFSLOEWECZVO1761";2025;4;1;4;1;1;"S";33;1604;9;2;58;2;1;3;1;2;0;1104000;184000;1768
"DTLOFFSLOEWECZVO1761";2025;4;1;5;1;1;"S";33;1604;3;2;42;6;1;3;2;3;816000;1104000;184000;1768
"DTLOFFSLOEWECZVO1761";2025;4;1;6;1;1;"S";33;1604;3;1;55;3;1;4;0;3;0;1104000;184000;1768
"JOCJBEMSZKTQBHUJ3546";2025;4;1;1;1;1;"S";33;1657;1;1;73;1;3;0;0;0;0;1632000;544000;0
"JOCJBEMSZKTQBHUJ3546";2025;4;1;2;1;1;"S";33;1657;9;2;43;3;1;3;1;2;486000;1632000;544000;1826
"JOCJBEMSZKTQBHUJ3546";2025;4;1;3;1;1;"S";33;1657;3;1;43;5;1;3;2;2;1146000;1632000;544000;1826
"ZNRKJBKDBYAWQWFH4642";2025;4;1;1;1;1;"S";33;3650;1;1;59;6;1;1;0;2;846000;1682000;560667;4022
"ZNRKJBKDBYAWQWFH4642";2025;4;1;2;1;1;"S";33;3650;2;2;64;4;3;0;0;0;0;1682000;560667;0
"ZNRKJBKDBYAWQWFH4642";2025;4;1;3;1;1;"S";33;3650;3;2;32;6;1;2;0;3;836000;1682000;560667;4022
"HTXFBQXVPSARLKXV7217";2025;4;1;1;1;1;"S";33;2035;1;1;33;3;1;3;1;2;0;0;0;2243
"HTXFBQXVPSARLKXV7217";2025;4;1;2;1;1;"S";33;2035;3;1;7;1;4;0;0;0;0;0;0;0
"HTXFBQXVPSARLKXV7217";2025;4;1;3;1;1;"S";33;2035;3;1;10;1;3;0;0;0;0;0;0;0
"HTXFBQXVPSARLKXV7217";2025;4;1;4;1;1;"S";33;2035;3;1;13;3;3;0;0;0;0;0;0;0
"HTXFBQXVPSARLKXV7217";2025;4;1;5;1;1;"S";33;2035;3;1;9;1;4;0;0;0;0;0;0;0
"OZPOBHZREIKRKQBM7638";2025;4;1;1;1;1;"S";33;2005;1;1;39;6;1;2;0;3;333000;333000;333000;2210
"DQXLBFSLEQAKBFII1196";2025;4;1;1;1;1;"S";33;1092;1;2;43;4;1;3;1;2;0;762000;190500;1203
"DQXLBFSLEQAKBFII1196";2025;4;1;2;1;1;"S";33;1092;2;1;49;4;1;3;2;2;762000;762000;190500;1203
"DQXLBFSLEQAKBFII1196";2025;4;1;3;1;1;"S";33;1092;3;1;19;3;3;0;0;0;0;762000;190500;0
"DQXLBFSLEQAKBFII1196";2025;4;1;4;1;1;"S";33;1092;3;2;22;6;1;3;1;2;-9;762000;190500;0
"KZNKSIHVTKHMEBWK1195";2025;4;1;1;1;1;"S";33;2479;1;1;33;6;2;0;0;0;0;0;0;0
"KZNKSIHVTKHMEBWK1195";2025;4;1;2;1;1;"S";33;2479;2;2;33;1;3;0;0;0;0;0;0;0
"KZNKSIHVTKHMEBWK1195";2025;4;1;3;1;1;"S";33;2479;9;2;11;7;3;0;0;0;0;0;0;0
"KZNKSIHVTKHMEBWK1195";2025;4;1;4;1;1;"S";33;2479;3;1;7;1;4;0;0;0;0;0;0;0
"KZNKSIHVTKHMEBWK1195";2025;4;1;5;1;1;"S";33;2479;3;2;12;2;3;0;0;0;0;0;0;0
"TXYRPEKJSKWYUOSG7540";2025;4;1;1;1;1;"S";33;1839;1;2;31;4;1;3;1;2;701000;701000;175250;2027
"TXYRPEKJSKWYUOSG7540";2025;4;1;2;1;1;"S";33;1839;2;1;34;3;1;3;2;2;-9;701000;175250;0
"TXYRPEKJSKWYUOSG7540";2025;4;1;3;1;1;"S";33;1839;3;2;8;1;4;0;0;0;0;701000;175250;0
"TXYRPEKJSKWYUOSG7540";2025;4;1;4;1;1;"S";33;1839;3;1;10;1;3;0;0;0;0;701000;175250;0
"CDAXINLIHHYHDCFU5416";2025;4;1;1;1;1;"S";33;3268;1;1;64;4;1;3;1;2;131000;889000;148167;3601
"CDAXINLIHHYHDCFU5416";2025;4;1;2;1;1;"S";33;3268;2;2;63;4;3;0;0;0;0;889000;148167;0
"CDAXINLIHHYHDCFU5416";2025;4;1;3;1;1;"S";33;3268;3;1;29;1;1;3;1;1;150000;889000;148167;3601
"CDAXINLIHHYHDCFU5416";2025;4;1;4;1;1;"S";33;3268;5;1;39;5;1;3;2;2;608000;889000;148167;3601
"CDAXINLIHHYHDCFU5416";2025;4;1;5;1;1;"S";33;3268;3;1;36;4;1;4;0;2;0;889000;148167;3601
"CDAXINLIHHYHDCFU5416";2025;4;1;6;1;1;"S";33;3268;3;1;43;2;1;3;2;2;-9;889000;148167;0
"FHUZVTUFGVYIJXYA2931";2025;4;1;1;1;1;"S";33;2600;1;2;45;5;1;3;1;2;1482000;2715000;905000;2865
"FHUZVTUFGVYIJXYA2931";2025;4;1;2;1;1;"S";33;2600;2;1;48;3;1;3;1;2;1233000;2715000;905000;2865
"FHUZVTUFGVYIJXYA2931";2025;4;1;3;1;1;"S";33;2600;3;1;19;5;3;0;0;0;0;2715000;905000;0
"OEUTKKPXVBCWXVXW6795";2025;4;1;1;1;1;"S";33;1734;1;1;57;4;1;3;2;2;475000;3607000;601167;1911
"OEUTKKPXVBCWXVXW6795";2025;4;1;2;1;1;"S";33;1734;2;2;51;6;2;0;0;0;0;3607000;601167;0
"OEUTKKPXVBCWXVXW6795";2025;4;1;3;1;1;"S";33;1734;3;2;33;6;1;3;1;2;935000;3607000;601167;1911
"OEUTKKPXVBCWXVXW6795";2025;4;1;4;1;1;"S";33;1734;3;1;26;4;1;3;2;2;171000;3607000;601167;1911
"OEUTKKPXVBCWXVXW6795";2025;4;1;5;1;1;"S";33;1734;3;2;32;3;1;3;1;3;1033000;3607000;601167;1911
"OEUTKKPXVBCWXVXW6795";2025;4;1;6;1;1;"S";33;1734;3;2;27;3;1;3;1;2;993000;3607000;601167;1911
"KCHSVLLMBFHOWKVL5978";2025;4;1;1;1;1;"S";33;1919;1;2;36;3;3;0;0;0;0;145000;48333;0
"KCHSVLLMBFHOWKVL5978";2025;4;1;2;1;1;"S";33;1919;2;1;32;2;1;3;1;1;145000;145000;48333;2115
"KCHSVLLMBFHOWKVL5978";2025;4;1;3;1;1;"S";33;1919;3;2;12;3;3;0;0;0;0;145000;48333;0
"OXZHFFGNIGRUBWOE0313";2025;4;1;1;1;1;"S";33;2161;1;2;75;3;3;0;0;0;0;0;0;0
"OXZHFFGNIGRUBWOE0313";2025;4;1;2;1;1;"S";33;2161;2;1;80;6;3;0;0;0;0;0;0;0
"MREPGLHFAKVOYYGO5545";2025;4;1;1;1;1;"S";33;1140;1;2;75;1;3;0;0;0;0;342000;68400;0
"MREPGLHFAKVOYYGO5545";2025;4;1;2;1;1;"S";33;1140;2;1;71;4;3;0;0;0;0;342000;68400;0
"MREPGLHFAKVOYYGO5545";2025;4;1;3;1;1;"S";33;1140;3;1;34;3;1;3;1;2;223000;342000;68400;1256
"MREPGLHFAKVOYYGO5545";2025;4;1;4;1;1;"S";33;1140;3;2;40;1;1;2;0;2;119000;342000;68400;1256
"MREPGLHFAKVOYYGO5545";2025;4;1;5;1;1;"S";33;1140;3;1;42;1;1;3;2;2;0;342000;68400;1256
"OMVCRHWTWGBVYYOK7138";2025;4;1;1;1;1;"S";33;2452;1;2;29;3;3;0;0;0;0;657000;131400;0
"OMVCRHWTWGBVYYOK7138";2025;4;1;2;1;1;"S";33;2452;2;1;33;5;1;3;1;2;657000;657000;131400;2702
"OMVCRHWTWGBVYYOK7138";2025;4;1;3;1;1;"S";33;2452;9;1;8;2;4;0;0;0;0;657000;131400;0
"OMVCRHWTWGBVYYOK7138";2025;4;1;4;1;1;"S";33;2452;3;2;7;2;4;0;0;0;0;657000;131400;0
"OMVCRHWTWGBVYYOK7138";2025;4;1;5;1;1;"S";33;2452;3;1;6;2;4;0;0;0;0;657000;131400;0
"HPQZFHOUXQAKUNPZ4483";2025;4;1;1;1;1;"S";33;1328;1;1;61;6;1;3;1;2;2075000;2670000;667500;1463
"HPQZFHOUXQAKUNPZ4483";2025;4;1;2;1;1;"S";33;1328;3;2;38;5;1;3;1;3;0;2670000;667500;1463
"HPQZFHOUXQAKUNPZ4483";2025;4;1;3;1;1;"S";33;1328;5;1;39;2;1;3;2;2;202000;2670000;667500;1463
"HPQZFHOUXQAKUNPZ4483";2025;4;1;4;1;1;"S";33;1328;3;1;32;2;1;3;2;2;393000;2670000;667500;1463
"RJEANDZJVCAKJRBH7773";2025;4;1;1;1;1;"S";33;2588;1;1;23;5;1;2;0;2;352000;352000;176000;2852
"RJEANDZJVCAKJRBH7773";2025;4;1;2;1;1;"S";33;2588;3;1;2;7;4;0;0;0;0;352000;176000;0
"USKWEVBTOEAQDMZR1685";2025;4;1;1;1;1;"S";33;4392;1;2;25;4;1;3;2;3;213000;213000;71000;4840
"USKWEVBTOEAQDMZR1685";2025;4;1;2;1;1;"S";33;4392;3;2;3;7;4;0;0;0;0;213000;71000;0
"USKWEVBTOEAQDMZR1685";2025;4;1;3;1;1;"S";33;4392;3;1;5;1;4;0;0;0;0;213000;71000;0
"USKWEVBTOEAQDMZR1685";2025;4;2;1;1;1;"S";33;860;1;1;23;3;1;3;2;2;1063000;1063000;531500;948
"USKWEVBTOEAQDMZR1685";2025;4;2;2;1;1;"S";33;860;3;1;3;7;4;0;0;0;0;1063000;531500;0
"OKLETEQHSDEUMHRK4376";2025;4;1;1;1;1;"S";33;1271;1;1;74;2;3;0;0;0;0;0;0;0
"OKLETEQHSDEUMHRK4376";2025;4;1;2;1;1;"S";33;1271;2;2;70;2;3;0;0;0;0;0;0;0
"TZYOWRCHSURYPZQJ0840";2025;4;1;1;1;1;"S";33;4543;1;2;37;7;1;2;0;2;-9;0;0;0
"TZYOWRCHSURYPZQJ0840";2025;4;1;2;1;1;"S";33;4543;2;1;41;5;2;0;0;0;0;0;0;0
"TZYOWRCHSURYPZQJ0840";2025;4;1;3;1;1;"S";33;4543;3;2;13;3;3;0;0;0;0;0;0;0
"TZYOWRCHSURYPZQJ0840";2025;4;1;4;1;1;"S";33;4543;3;1;15;3;3;0;0;0;0;0;0;0
"DXZDNCEHWFAZCFSD9552";2025;4;1;1;1;1;"S";33;3553;1;2;54;1;3;0;0;0;0;945000;472500;0
"DXZDNCEHWFAZCFSD9552";2025;4;1;2;1;1;"S";33;3553;2;1;60;6;1;3;1;3;945000;945000;472500;3915
"ZBVQKMUKCDEFDYJT2702";2025;4;1;1;1;1;"S";33;624;1;2;79;3;3;0;0;0;0;0;0;0
"IQQCCUARHRVWSQGE5428";2025;4;1;1;1;1;"S";33;1586;1;1;78;6;3;0;0;0;0;377000;125667;0
"IQQCCUARHRVWSQGE5428";2025;4;1;2;1;1;"S";33;1586;2;2;76;2;3;0;0;0;0;377000;125667;0
"IQQCCUARHRVWSQGE5428";2025;4;1;3;1;1;"S";33;1586;3;2;41;2;1;3;1;1;377000;377000;125667;1748
"FOMTRLURAVYFEVXK2414";2025;4;1;1;1;1;"S";33;2810;1;1;29;2;3;0;0;0;0;0;0;0
"BEWZLCKKTWKURJQR3439";2025;4;1;1;1;1;"S";33;2507;1;1;42;6;1;3;1;2;-9;0;0;0
"BEWZLCKKTWKURJQR3439";2025;4;1;2;1;1;"S";33;2507;2;2;39;2;3;0;0;0;0;0;0;0
"BEWZLCKKTWKURJQR3439";2025;4;1;3;1;1;"S";33;2507;3;1;13;3;3;0;0;0;0;0;0;0
"KPRAEZENZELHYCFA0915";2025;4;1;1;1;1;"S";33;1240;1;1;53;4;1;3;2;2;631000;631000;631000;1367
"IQLBYVMGLTEVQODP0184";2025;4;1;1;1;1;"S";33;2476;1;2;41;4;1;2;0;2;1190000;3445000;1722500;2729
"IQLBYVMGLTEVQODP0184";2025;4;1;2;1;1;"S";33;2476;2;1;47;4;1;2;0;2;2255000;3445000;1722500;2729
"FQLCNYYQQVVSNOHN6146";2025;4;1;1;1;1;"S";33;2536;1;1;48;2;1;3;1;3;-9;0;0;0
"BXBOAAVKXZBGCUJP3569";2025;4;1;1;1;1;"S";33;4748;1;1;55;4;1;3;1;3;461000;633000;211000;5232
"BXBOAAVKXZBGCUJP3569";2025;4;1;2;1;1;"S";33;4748;3;2;26;1;1;3;2;2;-9;633000;211000;0
"BXBOAAVKXZBGCUJP3569";2025;4;1;3;1;1;"S";33;4748;3;1;26;1;1;3;1;3;172000;633000;211000;5232
"ELANDCAQXWQSPVDF7880";2025;4;1;1;1;1;"S";33;2032;1;2;59;4;1;2;0;3;888000;1565000;782500;2239
"ELANDCAQXWQSPVDF7880";2025;4;1;2;1;1;"S";33;2032;2;1;59;6;1;3;1;3;677000;1565000;782500;2239
"HCXNKYFCHCGDIIEP2758";2025;4;1;1;1;1;"S";33;2528;1;2;37;5;1;3;1;2;456000;456000;456000;2786
"NAXZRZWGSGGJMPPR2363";2025;4;1;1;1;1;"S";33;1418;1;1;81;6;3;0;0;0;0;768000;192000;0
"NAXZRZWGSGGJMPPR2363";2025;4;1;2;1;1;"S";33;1418;2;2;82;3;3;0;0;0;0;768000;192000;0
"NAXZRZWGSGGJMPPR2363";2025;4;1;3;1;1;"S";33;1418;3;2;55;1;1;3;1;2;262000;768000;192000;1563
"NAXZRZWGSGGJMPPR2363";2025;4;1;4;1;1;"S";33;1418;3;2;50;5;1;3;1;2;506000;768000;192000;1563
"FFQFCJDXMIXEZJFS8661";2025;4;1;1;1;1;"S";33;1552;1;2;29;4;3;0;0;0;0;417000;208500;0
"FFQFCJDXMIXEZJFS8661";2025;4;1;2;1;1;"S";33;1552;2;1;23;5;1;3;1;1;417000;417000;208500;1710
"YZLQCOWSWJIVSOTT2634";2025;4;1;1;1;1;"S";33;1853;1;1;26;5;1;3;2;2;995000;995000;248750;2042
"YZLQCOWSWJIVSOTT2634";2025;4;1;2;1;1;"S";33;1853;3;2;5;1;4;0;0;0;0;995000;248750;0
"YZLQCOWSWJIVSOTT2634";2025;4;1;3;1;1;"S";33;1853;3;1;5;1;4;0;0;0;0;995000;248750;0
"YZLQCOWSWJIVSOTT2634";2025;4;1;4;1;1;"S";33;1853;3;2;5;1;4;0;0;0;0;995000;248750;0
"EACTWDIQYQNKWRDY0631";2025;4;1;1;1;1;"S";33;2382;1;1;36;6;1;3;2;3;-9;0;0;0
"EACTWDIQYQNKWRDY0631";2025;4;1;2;1;1;"S";33;2382;3;1;12;3;3;0;0;0;0;0;0;0
"EACTWDIQYQNKWRDY0631";2025;4;1;3;1;1;"S";33;2382;3;2;11;1;3;0;0;0;0;0;0;0
"RAOQGZJVRNDVXIVG8326";2025;4;1;1;1;1;"S";33;3529;1;1;61;2;3;0;0;0;0;0;0;0
"XLJORIJGZCHXKSTK4115";2025;4;1;1;1;1;"S";33;4156;1;1;74;4;3;0;0;0;0;0;0;0
"XLJORIJGZCHXKSTK4115";2025;4;1;2;1;1;"S";33;4156;2;2;74;6;3;0;0;0;0;0;0;0
"RQNZEXYVNJPNXVIA8431";2025;4;1;1;1;1;"S";33;3209;1;1;27;4;1;3;1;2;696000;696000;139200;3536
"RQNZEXYVNJPNXVIA8431";2025;4;1;2;1;1;"S";33;3209;2;2;23;4;3;0;0;0;0;696000;139200;0
"RQNZEXYVNJPNXVIA8431";2025;4;1;3;1;1;"S";33;3209;3;1;7;1;4;0;0;0;0;696000;139200;0
"RQNZEXYVNJPNXVIA8431";2025;4;1;4;1;1;"S";33;3209;3;2;5;7;4;0;0;0;0;696000;139200;0
"RQNZEXYVNJPNXVIA8431";2025;4;1;5;1;1;"S";33;3209;3;2;6;1;4;0;0;0;0;696000;139200;0
"FMMWFRJONPHERRTM7851";2025;4;1;1;1;1;"S";33;2604;1;2;27;6;1;3;1;2;-9;0;0;0
"FMMWFRJONPHERRTM7851";2025;4;1;2;1;1;"S";33;2604;3;2;5;1;4;0;0;0;0;0;0;0
"FMMWFRJONPHERRTM7851";2025;4;1;3;1;1;"S";33;2604;3;1;6;1;4;0;0;0;0;0;0;0
"FMMWFRJONPHERRTM7851";2025;4;1;4;1;1;"S";33;2604;3;2;6;1;4;0;0;0;0;0;0;0
"LMFZMDPQFHMJVCYH2782";2025;4;1;1;1;1;"S";33;3980;1;2;65;4;3;0;0;0;0;0;0;0
"LMFZMDPQFHMJVCYH2782";2025;4;1;2;1;1;"S";33;3980;2;1;71;3;3;0;0;0;0;0;0;0
"ODTHCHFIWITSQZXT8984";2025;4;1;1;1;1;"S";33;1904;1;1;53;4;1;2;0;2;400000;1165000;388333;2098
"ODTHCHFIWITSQZXT8984";2025;4;1;2;1;1;"S";33;1904;2;2;49;2;1;2;0;3;269000;1165000;388333;2098
"ODTHCHFIWITSQZXT8984";2025;4;1;3;1;1;"S";33;1904;3;1;18;6;1;3;1;3;496000;1165000;388333;2098
"IZCJOMHORAHNPAGQ5032";2025;4;1;1;1;1;"S";33;1953;1;2;40;2;1;3;1;2;175000;656000;164000;2152
"IZCJOMHORAHNPAGQ5032";2025;4;1;2;1;1;"S";33;1953;2;1;45;4;1;1;0;1;481000;656000;164000;2152
"IZCJOMHORAHNPAGQ5032";2025;4;1;3;1;1;"S";33;1953;5;1;20;5;2;0;0;0;0;656000;164000;0
"IZCJOMHORAHNPAGQ5032";2025;4;1;4;1;1;"S";33;1953;3;2;14;3;3;0;0;0;0;656000;164000;0
"XGIESDKLMIFMVSEZ1609";2025;4;1;1;1;1;"S";33;2472;1;1;49;6;3;0;0;0;0;2809000;561800;0
"XGIESDKLMIFMVSEZ1609";2025;4;1;2;1;1;"S";33;2472;2;2;46;6;1;3;1;1;1866000;2809000;561800;2724
"XGIESDKLMIFMVSEZ1609";2025;4;1;3;1;1;"S";33;2472;3;1;22;3;3;0;0;0;0;2809000;561800;0
"XGIESDKLMIFMVSEZ1609";2025;4;1;4;1;1;"S";33;2472;3;1;28;6;1;3;2;2;438000;2809000;561800;2724
"XGIESDKLMIFMVSEZ1609";2025;4;1;5;1;1;"S";33;2472;3;2;19;1;1;1;0;3;505000;2809000;561800;2724
"FFOQPUVSOHXDOXHJ1726";2025;4;1;1;1;1;"S";33;3909;1;2;62;1;1;2;0;3;87000;720000;180000;4308
"FFOQPUVSOHXDOXHJ1726";2025;4;1;2;1;1;"S";33;3909;3;2;32;4;1;3;2;2;280000;720000;180000;4308
"FFOQPUVSOHXDOXHJ1726";2025;4;1;3;1;1;"S";33;3909;3;2;42;3;1;2;0;3;353000;720000;180000;4308
"FFOQPUVSOHXDOXHJ1726";2025;4;1;4;1;1;"S";33;3909;3;2;38;2;3;0;0;0;0;720000;180000;0
"BDEELOCLWREDLLOI6607";2025;4;1;1;1;1;"S";33;2584;1;1;54;5;1;2;0;3;653000;1621000;324200;2848
"BDEELOCLWREDLLOI6607";2025;4;1;2;1;1;"S";33;2584;3;2;34;5;3;0;0;0;0;1621000;324200;0
"BDEELOCLWREDLLOI6607";2025;4;1;3;1;1;"S";33;2584;3;1;34;6;1;3;2;1;446000;1621000;324200;2848
"BDEELOCLWREDLLOI6607";2025;4;1;4;1;1;"S";33;2584;3;2;27;5;3;0;0;0;0;1621000;324200;0
"BDEELOCLWREDLLOI6607";2025;4;1;5;1;1;"S";33;2584;3;2;26;4;1;2;0;3;522000;1621000;324200;2848
"ODEREGTIQCYKJUDD6212";2025;4;1;1;1;1;"S";33;1818;1;2;22;5;1;2;0;3;550000;550000;137500;2003
"ODEREGTIQCYKJUDD6212";2025;4;1;2;1;1;"S";33;1818;3;2;2;7;4;0;0;0;0;550000;137500;0
"ODEREGTIQCYKJUDD6212";2025;4;1;3;1;1;"S";33;1818;3;1;-1;7;4;0;0;0;0;550000;137500;0
"ODEREGTIQCYKJUDD6212";2025;4;1;4;1;1;"S";33;1818;3;2;-1;7;4;0;0;0;0;550000;137500;0
"ODEREGTIQCYKJUDD6212";2025;4;2;1;1;1;"S";33;866;1;1;72;2;3;0;0;0;0;486000;162000;0
"ODEREGTIQCYKJUDD6212";2025;4;2;2;1;1;"S";33;866;2;2;72;6;3;0;0;0;0;486000;162000;0
"ODEREGTIQCYKJUDD6212";2025;4;2;3;1;1;"S";33;866;3;1;33;4;1;3;1;2;486000;486000;162000;954
"GYRCNPXAEZKAYGCZ9893";2025;4;1;1;1;1;"S";33;2496;1;1;22;5;1;2;0;2;-9;0;0;0
"GYRCNPXAEZKAYGCZ9893";2025;4;1;2;1;1;"S";33;2496;5;2;-1;7;4;0;0;0;0;0;0;0
"GYRCNPXAEZKAYGCZ9893";2025;4;1;3;1;1;"S";33;2496;3;2;-1;7;4;0;0;0;0;0;0;0
"GYRCNPXAEZKAYGCZ9893";2025;4;1;4;1;1;"S";33;2496;9;2;-1;7;4;0;0;0;0;0;0;0
"GYRCNPXAEZKAYGCZ9893";2025;4;1;5;1;1;"S";33;2496;3;1;-1;7;4;0;0;0;0;0;0;0
"XKEJAMPAPEHOONXI0318";2025;4;1;1;1;1;"S";33;1146;1;1;22;5;1;2;0;2;163000;163000;32600;1263
"XKEJAMPAPEHOONXI0318";2025;4;1;2;1;1;"S";33;1146;3;2;2;7;4;0;0;0;0;163000;32600;0
"XKEJAMPAPEHOONXI0318";2025;4;1;3;1;1;"S";33;1146;3;1;-1;7;4;0;0;0;0;163000;32600;0
"XKEJAMPAPEHOONXI0318";2025;4;1;4;1;1;"S";33;1146;3;1;2;7;4;0;0;0;0;163000;32600;0
"XKEJAMPAPEHOONXI0318";2025;4;1;5;1;1;"S";33;1146;3;2;2;7;4;0;0;0;0;163000;32600;0
"TTTCLHXHPOMRYITU2175";2025;4;1;1;1;1;"S";33;2071;1;2;49;3;1;2;0;2;287000;785000;261667;2282
"TTTCLHXHPOMRYITU2175";2025;4;1;2;1;1;"S";33;2071;2;1;53;1;1;3;2;1;498000;785000;261667;2282
"TTTCLHXHPOMRYITU2175";2025;4;1;3;1;1;"S";33;2071;3;2;27;5;3;0;0;0;0;785000;261667;0
"QKPFHFFJOSIZRNBB4038";2025;4;1;1;1;1;"S";33;1087;1;1;37;3;3;0;0;0;0;0;0;0
"QKPFHFFJOSIZRNBB4038";2025;4;1;2;1;1;"S";33;1087;2;2;31;4;1;2;0;1;-9;0;0;0
"QKPFHFFJOSIZRNBB4038";2025;4;1;3;1;1;"S";33;1087;3;2;13;3;3;0;0;0;0;0;0;0
"QKPFHFFJOSIZRNBB4038";2025;4;1;4;1;1;"S";33;1087;3;1;17;3;3;0;0;0;0;0;0;0
"QKPFHFFJOSIZRNBB4038";2025;4;1;5;1;1;"S";33;1087;3;2;12;3;3;0;0;0;0;0;0;0
"WSEAHFMELLNJUKQU0766";2025;4;1;1;1;1;"S";33;1535;1;1;56;3;1;3;2;2;662000;662000;220667;1692
"WSEAHFMELLNJUKQU0766";2025;4;1;2;1;1;"S";33;1535;2;2;51;6;3;0;0;0;0;662000;220667;0
"WSEAHFMELLNJUKQU0766";2025;4;1;3;1;1;"S";33;1535;9;2;26;6;3;0;0;0;0;662000;220667;0
"XDGXBIKMMVCHVZLR0825";2025;4;1;1;1;1;"S";33;883;1;2;76;6;3;0;0;0;0;0;0;0
"NYEFBUYHWYAYOCMD1609";2025;4;1;1;1;1;"S";33;2607;1;2;42;6;3;0;0;0;0;239000;79667;0
"NYEFBUYHWYAYOCMD1609";2025;4;1;2;1;1;"S";33;2607;2;1;44;5;1;3;1;1;239000;239000;79667;2873
"NYEFBUYHWYAYOCMD1609";2025;4;1;3;1;1;"S";33;2607;3;1;21;4;3;0;0;0;0;239000;79667;0
"PKTOONDXGSJQRUEE1584";2025;4;1;1;1;1;"S";33;3843;1;1;65;1;3;0;0;0;0;0;0;0
"PKTOONDXGSJQRUEE1584";2025;4;1;2;1;1;"S";33;3843;2;2;61;4;3;0;0;0;0;0;0;0
"IRUPVCDVCZCMMMBW1624";2025;4;1;1;1;1;"S";33;2755;1;2;62;4;3;0;0;0;0;0;0;0
"IRUPVCDVCZCMMMBW1624";2025;4;1;2;1;1;"S";33;2755;2;1;57;3;1;3;1;2;-9;0;0;0
"IRUPVCDVCZCMMMBW1624";2025;4;1;3;1;1;"S";33;2755;5;2;34;1;3;0;0;0;0;0;0;0
"IRUPVCDVCZCMMMBW1624";2025;4;1;4;1;1;"S";33;2755;3;2;28;6;3;0;0;0;0;0;0;0
"QFTYAKPZWPDIMZUW2677";2025;4;1;1;1;1;"S";33;2318;1;2;82;3;3;0;0;0;0;0;0;0
"FZTZHEBFAXXZXESY9477";2025;4;1;1;1;1;"S";33;1110;1;2;34;5;1;3;1;2;385000;713000;178250;1223
"FZTZHEBFAXXZXESY9477";2025;4;1;2;1;1;"S";33;1110;2;1;37;1;1;2;0;1;328000;713000;178250;1223
"FZTZHEBFAXXZXESY9477";2025;4;1;3;1;1;"S";33;1110;3;1;8;1;4;0;0;0;0;713000;178250;0
"FZTZHEBFAXXZXESY9477";2025;4;1;4;1;1;"S";33;1110;3;2;10;1;3;0;0;0;0;713000;178250;0
"IOPIJJLOENQZYKLD1636";2025;4;1;1;1;1;"S";33;2085;1;1;29;5;1;3;1;3;350000;350000;116667;2298
"IOPIJJLOENQZYKLD1636";2025;4;1;2;1;1;"S";33;2085;3;2;6;1;4;0;0;0;0;350000;116667;0
"IOPIJJLOENQZYKLD1636";2025;4;1;3;1;1;"S";33;2085;9;2;9;1;4;0;0;0;0;350000;116667;0
"YSYBJTFUZWAUDZOA0507";2025;4;1;1;1;1;"S";33;2438;1;1;23;5;1;3;1;2;887000;887000;443500;2687
"YSYBJTFUZWAUDZOA0507";2025;4;1;2;1;1;"S";33;2438;3;2;2;7;4;0;0;0;0;887000;443500;0
"DYYNICWSCTMRYXTY5215";2025;4;1;1;1;1;"S";33;868;1;2;82;4;3;0;0;0;0;3403000;567167;0
"DYYNICWSCTMRYXTY5215";2025;4;1;2;1;1;"S";33;868;3;2;39;1;1;3;2;1;-9;3403000;567167;0
"DYYNICWSCTMRYXTY5215";2025;4;1;3;1;1;"S";33;868;3;1;56;6;1;3;2;2;1053000;3403000;567167;957
"DYYNICWSCTMRYXTY5215";2025;4;1;4;1;1;"S";33;868;9;1;57;6;1;2;0;2;986000;3403000;567167;957
"DYYNICWSCTMRYXTY5215";2025;4;1;5;1;1;"S";33;868;3;1;46;2;1;2;0;1;594000;3403000;567167;957
"DYYNICWSCTMRYXTY5215";2025;4;1;6;1;1;"S";33;868;3;2;52;3;1;3;2;2;770000;3403000;567167;957
"VLCHHEOZPDRIWMJP0856";2025;4;1;1;1;1;"S";33;1247;1;2;69;1;3;0;0;0;0;0;0;0
"NOSRABAFDSQSJSQK4074";2025;4;1;1;1;1;"S";33;2900;1;2;38;3;1;3;2;3;196000;196000;65333;3196
"NOSRABAFDSQSJSQK4074";2025;4;1;2;1;1;"S";33;2900;2;1;35;2;3;0;0;0;0;196000;65333;0
"NOSRABAFDSQSJSQK4074";2025;4;1;3;1;1;"S";33;2900;3;1;15;2;3;0;0;0;0;196000;65333;0
"ETAAURLBNSPYMWWC0444";2025;4;1;1;1;1;"S";33;1264;1;1;78;2;3;0;0;0;0;0;0;0
"ETAAURLBNSPYMWWC0444";2025;4;1;2;1;1;"S";33;1264;2;2;75;1;3;0;0;0;0;0;0;0
"ETAAURLBNSPYMWWC0444";2025;4;1;3;1;1;"S";33;1264;3;2;31;3;3;0;0;0;0;0;0;0
"DYSPOULIFWTZVJZH3979";2025;4;1;1;1;1;"S";33;2834;1;2;66;4;3;0;0;0;0;0;0;0
"DYSPOULIFWTZVJZH3979";2025;4;1;2;1;1;"S";33;2834;3;1;24;3;3;0;0;0;0;0;0;0
"VUWQAGIRKQDQDIGA8411";2025;4;1;1;1;1;"S";33;3744;1;1;39;3;1;3;1;3;608000;3743000;748600;4126
"VUWQAGIRKQDQDIGA8411";2025;4;1;2;1;1;"S";33;3744;2;2;38;3;1;3;2;1;682000;3743000;748600;4126
"VUWQAGIRKQDQDIGA8411";2025;4;1;3;1;1;"S";33;3744;3;2;19;4;1;3;1;3;2453000;3743000;748600;4126
"VUWQAGIRKQDQDIGA8411";2025;4;1;4;1;1;"S";33;3744;3;2;17;2;3;0;0;0;0;3743000;748600;0
"VUWQAGIRKQDQDIGA8411";2025;4;1;5;1;1;"S";33;3744;3;2;15;1;3;0;0;0;0;3743000;748600;0
"OZGYRWUEBAYLRHVT8434";2025;4;1;1;1;1;"S";33;2416;1;1;60;2;3;0;0;0;0;0;0;0
"OZGYRWUEBAYLRHVT8434";2025;4;1;2;1;1;"S";33;2416;2;2;61;2;3;0;0;0;0;0;0;0
"YMQCJVNYUEWQYYOB1953";2025;4;1;1;1;1;"S";33;2568;1;1;44;4;1;3;2;1;1006000;1006000;1006000;2830
"LXLLVHPUQSAXMBPA8718";2025;4;1;1;1;1;"S";33;2650;1;2;68;4;3;0;0;0;0;1411000;352750;0
"LXLLVHPUQSAXMBPA8718";2025;4;1;2;1;1;"S";33;2650;2;1;74;5;3;0;0;0;0;1411000;352750;0
"LXLLVHPUQSAXMBPA8718";2025;4;1;3;1;1;"S";33;2650;3;1;39;4;1;3;1;3;658000;1411000;352750;2920
"LXLLVHPUQSAXMBPA8718";2025;4;1;4;1;1;"S";33;2650;3;1;38;5;1;3;2;2;753000;1411000;352750;2920
"MWHVHQXDGVMDRGAU4608";2025;4;1;1;1;1;"S";33;1312;1;2;26;4;3;0;0;0;0;0;0;0
"ZRKOJQFFGIEGGWFA9565";2025;4;1;1;1;1;"S";33;1929;1;2;82;5;3;0;0;0;0;0;0;0
"AJKURJZUFXTARFFL2279";2025;4;1;1;1;1;"S";33;4067;1;2;55;6;3;0;0;0;0;537000;268500;0
"AJKURJZUFXTARFFL2279";2025;4;1;2;1;1;"S";33;4067;2;1;56;3;1;2;0;2;537000;537000;268500;4482
"OOQRZRROQUUMDHIL0603";2025;4;1;1;1;1;"S";33;2373;1;2;75;4;3;0;0;0;0;925000;308333;0
"OOQRZRROQUUMDHIL0603";2025;4;1;2;1;1;"S";33;2373;3;2;31;4;1;3;2;2;925000;925000;308333;2615
"OOQRZRROQUUMDHIL0603";2025;4;1;3;1;1;"S";33;2373;3;2;31;5;1;3;1;3;-9;925000;308333;0
"MJDYNRQCLZQORHGM9509";2025;4;1;1;1;1;"S";33;2053;1;1;69;5;1;3;2;2;285000;285000;285000;2262
"SELDEKVLMVGMNXTS0318";2025;4;1;1;1;1;"S";33;3452;1;2;28;6;3;0;0;0;0;0;0;0
"SELDEKVLMVGMNXTS0318";2025;4;1;2;1;1;"S";33;3452;2;1;22;5;3;0;0;0;0;0;0;0
"SELDEKVLMVGMNXTS0318";2025;4;1;3;1;1;"S";33;3452;3;2;7;1;4;0;0;0;0;0;0;0
"SELDEKVLMVGMNXTS0318";2025;4;1;4;1;1;"S";33;3452;3;2;5;1;4;0;0;0;0;0;0;0
"SELDEKVLMVGMNXTS0318";2025;4;1;5;1;1;"S";33;3452;3;1;8;1;4;0;0;0;0;0;0;0
"SELDEKVLMVGMNXTS0318";2025;4;2;1;1;1;"S";33;2272;1;2;47;4;3;0;0;0;0;218000;36333;0
"SELDEKVLMVGMNXTS0318";2025;4;2;2;1;1;"S";33;2272;3;2;21;2;1;3;1;2;218000;218000;36333;2504
"SELDEKVLMVGMNXTS0318";2025;4;2;3;1;1;"S";33;2272;3;1;24;5;3;0;0;0;0;218000;36333;0
"SELDEKVLMVGMNXTS0318";2025;4;2;4;1;1;"S";33;2272;3;2;21;4;3;0;0;0;0;218000;36333;0
"SELDEKVLMVGMNXTS0318";2025;4;2;5;1;1;"S";33;2272;3;2;24;4;3;0;0;0;0;218000;36333;0
"SELDEKVLMVGMNXTS0318";2025;4;2;6;1;1;"S";33;2272;3;2;20;3;3;0;0;0;0;218000;36333;0
"YAELTWTTPHYGCTTL7091";2025;4;1;1;1;1;"S";33;2075;1;2;29;6;1;3;1;3;733000;733000;122167;2287
"YAELTWTTPHYGCTTL7091";2025;4;1;2;1;1;"S";33;2075;2;1;26;1;3;0;0;0;0;733000;122167;0
"YAELTWTTPHYGCTTL7091";2025;4;1;3;1;1;"S";33;2075;3;2;9;2;4;0;0;0;0;733000;122167;0
"YAELTWTTPHYGCTTL7091";2025;4;1;4;1;1;"S";33;2075;3;1;5;1;4;0;0;0;0;733000;122167;0
"YAELTWTTPHYGCTTL7091";2025;4;1;5;1;1;"S";33;2075;5;2;5;1;4;0;0;0;0;733000;122167;0
"YAELTWTTPHYGCTTL7091";2025;4;1;6;1;1;"S";33;2075;3;1;9;1;4;0;0;0;0;733000;122167;0
"LUWJMGSBQTTIKBNK2876";2025;4;1;1;1;1;"S";33;3359;1;2;67;7;3;0;0;0;0;193000;64333;0
"LUWJMGSBQTTIKBNK2876";2025;4;1;2;1;1;"S";33;3359;2;1;73;2;3;0;0;0;0;193000;64333;0
"LUWJMGSBQTTIKBNK2876";2025;4;1;3;1;1;"S";33;3359;3;2;35;2;1;3;1;3;193000;193000;64333;3702
"HCJTBAGARPVRTNNX2789";2025;4;1;1;1;1;"S";33;2328;1;1;72;2;3;0;0;0;0;2889000;577800;0
"HCJTBAGARPVRTNNX2789";2025;4;1;2;1;1;"S";33;2328;2;2;74;3;3;0;0;0;0;2889000;577800;0
"HCJTBAGARPVRTNNX2789";2025;4;1;3;1;1;"S";33;2328;3;2;47;6;3;0;0;0;0;2889000;577800;0
"HCJTBAGARPVRTNNX2789";2025;4;1;4;1;1;"S";33;2328;3;1;49;6;1;1;0;3;2402000;2889000;577800;2566
"HCJTBAGARPVRTNNX2789";2025;4;1;5;1;1;"S";33;2328;5;2;37;3;1;3;1;2;487000;2889000;577800;2566
"NTGXAAGRWTOPWZJN1968";2025;4;1;1;1;1;"S";33;2368;1;1;73;5;3;0;0;0;0;0;0;0
"NTGXAAGRWTOPWZJN1968";2025;4;1;2;1;1;"S";33;2368;2;2;70;2;3;0;0;0;0;0;0;0
"BCMJRQCUFNEBJGBL0674";2025;4;1;1;1;1;"S";33;3476;1;1;64;4;3;0;0;0;0;59000;29500;0
"BCMJRQCUFNEBJGBL0674";2025;4;1;2;1;1;"S";33;3476;3;2;36;4;1;1;0;3;59000;59000;29500;3831
"NLSDKQHUGHDSBIYB1055";2025;4;1;1;1;1;"S";33;2137;1;1;24;3;1;2;0;2;559000;559000;279500;2355
"NLSDKQHUGHDSBIYB1055";2025;4;1;2;1;1;"S";33;2137;3;1;2;7;4;0;0;0;0;559000;279500;0
"WLPDSNSKZMEFUFXH5563";2025;4;1;1;1;1;"S";33;1447;1;1;48;3;1;2;0;2;242000;4374000;729000;1595
"WLPDSNSKZMEFUFXH5563";2025;4;1;2;1;1;"S";33;1447;2;2;50;6;1;3;1;2;1256000;4374000;729000;1595
"WLPDSNSKZMEFUFXH5563";2025;4;1;3;1;1;"S";33;1447;3;1;20;5;1;3;1;3;2336000;4374000;729000;1595
"WLPDSNSKZMEFUFXH5563";2025;4;1;4;1;1;"S";33;1447;5;2;24;4;3;0;0;0;0;4374000;729000;0
"WLPDSNSKZMEFUFXH5563";2025;4;1;5;1;1;"S";33;1447;3;2;27;4;1;3;2;3;369000;4374000;729000;1595
"WLPDSNSKZMEFUFXH5563";2025;4;1;6;1;1;"S";33;1447;5;1;22;3;1;3;2;2;171000;4374000;729000;1595
"QHLVWTVGEPEKUDFK9303";2025;4;1;1;1;1;"S";33;3775;1;2;41;6;3;0;0;0;0;303000;151500;0
"QHLVWTVGEPEKUDFK9303";2025;4;1;2;1;1;"S";33;3775;2;1;40;3;1;3;2;2;303000;303000;151500;4160
"ZZJGKTUAOGQFMLEO0830";2025;4;1;1;1;1;"S";33;2649;1;2;43;4;1;2;0;2;984000;984000;328000;2919
"ZZJGKTUAOGQFMLEO0830";2025;4;1;2;1;1;"S";33;2649;3;1;15;3;3;0;0;0;0;984000;328000;0
"ZZJGKTUAOGQFMLEO0830";2025;4;1;3;1;1;"S";33;2649;3;1;13;3;3;0;0;0;0;984000;328000;0
"WBLDAHVNZRVUICIR7629";2025;4;1;1;1;1;"S";33;3382;1;2;45;4;1;3;1;1;162000;1038000;259500;3727
"WBLDAHVNZRVUICIR7629";2025;4;1;2;1;1;"S";33;3382;2;1;42;7;1;2;0;3;752000;1038000;259500;3727
"WBLDAHVNZRVUICIR7629";2025;4;1;3;1;1;"S";33;3382;3;1;19;3;1;3;2;1;124000;1038000;259500;3727
"WBLDAHVNZRVUICIR7629";2025;4;1;4;1;1;"S";33;3382;3;1;23;4;2;0;0;0;0;1038000;259500;0
"KHANZSEWKQKBCLHX4438";2025;4;1;1;1;1;"S";33;3200;1;2;45;6;1;2;0;3;215000;383000;76600;3526
"KHANZSEWKQKBCLHX4438";2025;4;1;2;1;1;"S";33;3200;3;2;18;3;1;2;0;1;168000;383000;76600;3526
"KHANZSEWKQKBCLHX4438";2025;4;1;3;1;1;"S";33;3200;5;1;20;5;3;0;0;0;0;383000;76600;0
"KHANZSEWKQKBCLHX4438";2025;4;1;4;1;1;"S";33;3200;3;2;16;2;3;0;0;0;0;383000;76600;0
"KHANZSEWKQKBCLHX4438";2025;4;1;5;1;1;"S";33;3200;5;1;15;3;3;0;0;0;0;383000;76600;0
"IXPAJPMETVPUOUSU9092";2025;4;1;1;1;1;"S";33;3496;1;1;65;2;3;0;0;0;0;0;0;0
"DKFOJJYQIAILNJGA6174";2025;4;1;1;1;1;"S";33;1220;1;1;41;5;1;3;2;2;602000;927000;185400;1344
"DKFOJJYQIAILNJGA6174";2025;4;1;2;1;1;"S";33;1220;2;2;47;1;1;3;2;2;325000;927000;185400;1344
"DKFOJJYQIAILNJGA6174";2025;4;1;3;1;1;"S";33;1220;3;1;16;3;3;0;0;0;0;927000;185400;0
"DKFOJJYQIAILNJGA6174";2025;4;1;4;1;1;"S";33;1220;3;2;15;3;3;0;0;0;0;927000;185400;0
"DKFOJJYQIAILNJGA6174";2025;4;1;5;1;1;"S";33;1220;3;1;14;2;3;0;0;0;0;927000;185400;0
"AEPXMYJDGJUWLNEM2872";2025;4;1;1;1;1;"S";33;3401;1;1;34;5;2;0;0;0;0;396000;79200;0
"AEPXMYJDGJUWLNEM2872";2025;4;1;2;1;1;"S";33;3401;2;2;37;6;1;3;2;3;396000;396000;79200;3748
"AEPXMYJDGJUWLNEM2872";2025;4;1;3;1;1;"S";33;3401;5;1;12;3;3;0;0;0;0;396000;79200;0
"AEPXMYJDGJUWLNEM2872";2025;4;1;4;1;1;"S";33;3401;3;1;9;1;4;0;0;0;0;396000;79200;0
"AEPXMYJDGJUWLNEM2872";2025;4;1;5;1;1;"S";33;3401;3;2;11;1;3;0;0;0;0;396000;79200;0
"SSLEILKROBUDIWDD4029";2025;4;1;1;1;1;"S";33;3196;1;1;30;1;1;3;1;2;156000;269000;134500;3522
"SSLEILKROBUDIWDD4029";2025;4;1;2;1;1;"S";33;3196;2;2;28;2;1;2;0;2;113000;269000;134500;3522
"TJWTUPEVUHCZWCGK0190";2025;4;1;1;1;1;"S";33;2363;1;1;22;4;1;2;0;2;267000;267000;89000;2604
"TJWTUPEVUHCZWCGK0190";2025;4;1;2;1;1;"S";33;2363;3;2;2;7;4;0;0;0;0;267000;89000;0
"TJWTUPEVUHCZWCGK0190";2025;4;1;3;1;1;"S";33;2363;3;1;2;7;4;0;0;0;0;267000;89000;0
"UWKDYZWWYFQWKMUB2479";2025;4;1;1;1;1;"S";33;1993;1;2;34;6;1;3;2;3;662000;662000;662000;2196
"ZJAWGZGCRFHQHODQ5148";2025;4;1;1;1;1;"S";33;1737;1;1;61;5;1;3;1;2;3256000;3256000;1085333;1914
"ZJAWGZGCRFHQHODQ5148";2025;4;1;2;1;1;"S";33;1737;2;2;59;3;3;0;0;0;0;3256000;1085333;0
"ZJAWGZGCRFHQHODQ5148";2025;4;1;3;1;1;"S";33;1737;3;2;28;4;3;0;0;0;0;3256000;1085333;0
"OFGAEOQHGTMMSXZP5195";2025;4;1;1;1;1;"S";33;1434;1;1;59;2;1;3;2;2;228000;228000;228000;1580
"JBHLCIYXXDBLFBIK1348";2025;4;1;1;1;1;"S";33;2844;1;1;80;4;3;0;0;0;0;1288000;322000;0
"JBHLCIYXXDBLFBIK1348";2025;4;1;2;1;1;"S";33;2844;2;2;75;5;3;0;0;0;0;1288000;322000;0
"JBHLCIYXXDBLFBIK1348";2025;4;1;3;1;1;"S";33;2844;3;2;49;1;1;3;1;2;915000;1288000;322000;3134
"JBHLCIYXXDBLFBIK1348";2025;4;1;4;1;1;"S";33;2844;3;2;56;2;1;3;1;3;373000;1288000;322000;3134
"EXBFVBXXEMMDUXYE4223";2025;4;1;1;1;1;"S";33;1245;1;1;28;1;1;3;2;3;-9;0;0;0
"SYJJKOPPHHVWRDON0022";2025;4;1;1;1;1;"S";33;3150;1;2;54;4;3;0;0;0;0;0;0;0
"SYJJKOPPHHVWRDON0022";2025;4;1;2;1;1;"S";33;3150;2;1;60;4;3;0;0;0;0;0;0;0
"OKRXZTCPVZLWKIZC5281";2025;4;1;1;1;1;"S";33;2954;1;1;71;2;3;0;0;0;0;1344000;336000;0
"OKRXZTCPVZLWKIZC5281";2025;4;1;2;1;1;"S";33;2954;3;2;35;3;3;0;0;0;0;1344000;336000;0
"OKRXZTCPVZLWKIZC5281";2025;4;1;3;1;1;"S";33;2954;3;2;34;6;1;3;1;2;993000;1344000;336000;3255
"OKRXZTCPVZLWKIZC5281";2025;4;1;4;1;1;"S";33;2954;3;1;39;5;1;2;0;2;351000;1344000;336000;3255
"PLSXVJARDFUYJJND8491";2025;4;1;1;1;1;"S";33;1559;1;1;72;3;1;3;1;3;966000;966000;322000;1718
"PLSXVJARDFUYJJND8491";2025;4;1;2;1;1;"S";33;1559;2;2;74;3;3;0;0;0;0;966000;322000;0
"PLSXVJARDFUYJJND8491";2025;4;1;3;1;1;"S";33;1559;3;1;32;1;2;0;0;0;0;966000;322000;0
"JTCLFRUUKTJLZMQZ8175";2025;4;1;1;1;1;"S";33;2428;1;2;60;3;1;3;1;2;288000;288000;288000;2676
"TINJPVJUVKWKWQMS5290";2025;4;1;1;1;1;"S";33;986;1;1;36;4;1;3;1;3;-9;0;0;0
"TINJPVJUVKWKWQMS5290";2025;4;1;2;1;1;"S";33;986;2;2;32;5;3;0;0;0;0;0;0;0
"TINJPVJUVKWKWQMS5290";2025;4;1;3;1;1;"S";33;986;3;1;16;3;3;0;0;0;0;0;0;0
"TINJPVJUVKWKWQMS5290";2025;4;1;4;1;1;"S";33;986;3;1;9;1;4;0;0;0;0;0;0;0
"URAQWQZEXRGBKQSY3718";2025;4;1;1;1;1;"S";33;1628;1;2;59;5;1;3;1;2;361000;361000;361000;1794
"KFIVSKVQCBQMCXTF2032";2025;4;1;1;1;1;"S";33;5515;1;1;46;4;2;0;0;0;0;115000;28750;0
"KFIVSKVQCBQMCXTF2032";2025;4;1;2;1;1;"S";33;5515;2;2;44;7;1;3;1;3;115000;115000;28750;6078
"KFIVSKVQCBQMCXTF2032";2025;4;1;3;1;1;"S";33;5515;3;1;21;4;3;0;0;0;0;115000;28750;0
"KFIVSKVQCBQMCXTF2032";2025;4;1;4;1;1;"S";33;5515;3;2;21;5;2;0;0;0;0;115000;28750;0
"KFIVSKVQCBQMCXTF2032";2025;4;2;1;1;1;"S";33;1944;1;1;54;3;1;3;1;1;217000;3250000;650000;2142
"KFIVSKVQCBQMCXTF2032";2025;4;2;2;1;1;"S";33;1944;3;2;30;6;1;2;0;3;2476000;3250000;650000;2142
"KFIVSKVQCBQMCXTF2032";2025;4;2;3;1;1;"S";33;1944;9;2;28;1;3;0;0;0;0;3250000;650000;0
"KFIVSKVQCBQMCXTF2032";2025;4;2;4;1;1;"S";33;1944;3;1;19;4;1;3;2;2;557000;3250000;650000;2142
"KFIVSKVQCBQMCXTF2032";2025;4;2;5;1;1;"S";33;1944;3;2;27;3;1;2;0;2;-9;3250000;650000;0
"TIYZCZVNWZIDAUHC8021";2025;4;1;1;1;1;"S";33;4236;1;2;31;2;1;2;0;2;144000;561000;93500;4668
"TIYZCZVNWZIDAUHC8021";2025;4;1;2;1;1;"S";33;4236;2;1;32;1;1;3;1;2;417000;561000;93500;4668
"TIYZCZVNWZIDAUHC8021";2025;4;1;3;1;1;"S";33;4236;3;2;6;1;4;0;0;0;0;561000;93500;0
"TIYZCZVNWZIDAUHC8021";2025;4;1;4;1;1;"S";33;4236;3;1;10;2;3;0;0;0;0;561000;93500;0
"TIYZCZVNWZIDAUHC8021";2025;4;1;5;1;1;"S";33;4236;5;1;6;1;4;0;0;0;0;561000;93500;0
"TIYZCZVNWZIDAUHC8021";2025;4;1;6;1;1;"S";33;4236;3;2;8;1;4;0;0;0;0;561000;93500;0
"AISNQIKCTLUUCCVK6628";2025;4;1;1;1;1;"S";33;2046;1;1;46;6;1;3;1;2;1079000;1741000;580333;2255
"AISNQIKCTLUUCCVK6628";2025;4;1;2;1;1;"S";33;2046;3;1;15;3;3;0;0;0;0;1741000;580333;0
"AISNQIKCTLUUCCVK6628";2025;4;1;3;1;1;"S";33;2046;3;1;20;5;1;3;1;2;662000;1741000;580333;2255
"YFPDUQZCOBTWOLWE9805";2025;4;1;1;1;1;"S";33;2840;1;2;60;1;3;0;0;0;0;885000;177000;0
"YFPDUQZCOBTWOLWE9805";2025;4;1;2;1;1;"S";33;2840;2;1;57;4;1;3;1;3;261000;885000;177000;3130
"YFPDUQZCOBTWOLWE9805";2025;4;1;3;1;1;"S";33;2840;3;2;30;6;3;0;0;0;0;885000;177000;0
"YFPDUQZCOBTWOLWE9805";2025;4;1;4;1;1;"S";33;2840;9;1;26;1;1;3;2;2;624000;885000;177000;3130
"YFPDUQZCOBTWOLWE9805";2025;4;1;5;1;1;"S";33;2840;3;2;29;6;3;0;0;0;0;885000;177000;0
"GNUOJWEPMQXVDDNI4949";2025;4;1;1;1;1;"S";33;1936;1;1;50;2;1;3;1;3;577000;577000;192333;2134
"GNUOJWEPMQXVDDNI4949";2025;4;1;2;1;1;"S";33;1936;3;2;16;2;3;0;0;0;0;577000;192333;0
"GNUOJWEPMQXVDDNI4949";2025;4;1;3;1;1;"S";33;1936;3;1;25;1;1;3;2;1;-9;577000;192333;0
"LKIUJPONNBCHMIGR5554";2025;4;1;1;1;1;"S";33;1356;1;1;32;6;1;3;1;2;1892000;1892000;630667;1494
"LKIUJPONNBCHMIGR5554";2025;4;1;2;1;1;"S";33;1356;2;2;37;4;3;0;0;0;0;1892000;630667;0
"LKIUJPONNBCHMIGR5554";2025;4;1;3;1;1;"S";33;1356;3;1;8;1;4;0;0;0;0;1892000;630667;0
"NJOGYCIDGKGUDPFZ0144";2025;4;1;1;1;1;"S";33;1997;1;1;77;4;1;3;1;3;708000;1732000;346400;2201
"NJOGYCIDGKGUDPFZ0144";2025;4;1;2;1;1;"S";33;1997;2;2;71;2;3;0;0;0;0;1732000;346400;0
"NJOGYCIDGKGUDPFZ0144";2025;4;1;3;1;1;"S";33;1997;3;1;32;2;1;3;2;3;900000;1732000;346400;2201
"NJOGYCIDGKGUDPFZ0144";2025;4;1;4;1;1;"S";33;1997;3;1;45;3;3;0;0;0;0;1732000;346400;0
"NJOGYCIDGKGUDPFZ0144";2025;4;1;5;1;1;"S";33;1997;3;2;43;3;1;3;2;2;124000;1732000;346400;2201
"FNHVZBCJJSOFMQTE1020";2025;4;1;1;1;1;"S";33;4151;1;2;23;3;1;3;2;2;538000;538000;269000;4575
"FNHVZBCJJSOFMQTE1020";2025;4;1;2;1;1;"S";33;4151;3;2;2;7;4;0;0;0;0;538000;269000;0
"USSHTTROFFSZBVPF2531";2025;4;1;1;1;1;"S";33;1338;1;2;60;6;3;0;0;0;0;1224000;306000;0
"USSHTTROFFSZBVPF2531";2025;4;1;2;1;1;"S";33;1338;3;2;36;6;1;2;0;3;622000;1224000;306000;1475
"USSHTTROFFSZBVPF2531";2025;4;1;3;1;1;"S";33;1338;3;1;33;2;1;3;2;2;365000;1224000;306000;1475
"USSHTTROFFSZBVPF2531";2025;4;1;4;1;1;"S";33;1338;3;1;32;4;1;3;1;2;237000;1224000;306000;1475
"RZYMZTBTKZDYOTOW9383";2025;4;1;1;1;1;"S";33;2333;1;1;56;3;2;0;0;0;0;1414000;707000;0
"RZYMZTBTKZDYOTOW9383";2025;4;1;2;1;1;"S";33;2333;2;2;50;6;1;3;2;3;1414000;1414000;707000;2571
"IPNZDQOXKWHSDZXY5053";2025;4;1;1;1;1;"S";33;1728;1;2;24;5;3;0;0;0;0;0;0;0
"IPNZDQOXKWHSDZXY5053";2025;4;1;2;1;1;"S";33;1728;3;1;3;7;4;0;0;0;0;0;0;0
"IPNZDQOXKWHSDZXY5053";2025;4;1;3;1;1;"S";33;1728;5;1;3;7;4;0;0;0;0;0;0;0
"IPNZDQOXKWHSDZXY5053";2025;4;1;4;1;1;"S";33;1728;3;1;4;7;4;0;0;0;0;0;0;0
"DNHAJSCYJTTEVZBF3074";2025;4;1;1;1;1;"S";33;3873;1;1;79;2;1;3;1;2;348000;1086000;362000;4268
"DNHAJSCYJTTEVZBF3074";2025;4;1;2;1;1;"S";33;3873;3;2;46;4;1;3;1;3;175000;1086000;362000;4268
"DNHAJSCYJTTEVZBF3074";2025;4;1;3;1;1;"S";33;3873;3;2;43;3;1;3;1;2;563000;1086000;362000;4268
"EDLAMEZMOYKCLMKP3353";2025;4;1;1;1;1;"S";33;2496;1;1;73;6;3;0;0;0;0;0;0;0
"EDLAMEZMOYKCLMKP3353";2025;4;1;2;1;1;"S";33;2496;3;2;49;1;3;0;0;0;0;0;0;0
"UXAVSYFZBVFPIOSW3508";2025;4;1;1;1;1;"S";33;1654;1;2;46;6;3;0;0;0;0;0;0;0
"UXAVSYFZBVFPIOSW3508";2025;4;1;2;1;1;"S";33;1654;3;2;25;2;3;0;0;0;0;0;0;0
"MDGSTSQWKLHZPLFN8216";2025;4;1;1;1;1;"S";33;1686;1;2;42;6;1;2;0;2;892000;1445000;722500;1858
"MDGSTSQWKLHZPLFN8216";2025;4;1;2;1;1;"S";33;1686;2;1;37;5;1;2;0;2;553000;1445000;722500;1858
"EGYOYVWZTONMEJZI6206";2025;4;1;1;1;1;"S";33;2426;1;2;66;1;3;0;0;0;0;117000;58500;0
"EGYOYVWZTONMEJZI6206";2025;4;1;2;1;1;"S";33;2426;3;2;33;6;1;3;1;3;117000;117000;58500;2674
"YYQHWSTGQCSPTQDZ0317";2025;4;1;1;1;1;"S";33;1822;1;2;41;2;1;2;0;2;-9;510000;127500;0
"YYQHWSTGQCSPTQDZ0317";2025;4;1;2;1;1;"S";33;1822;2;1;35;1;1;2;0;2;510000;510000;127500;2008
"YYQHWSTGQCSPTQDZ0317";2025;4;1;3;1;1;"S";33;1822;3;2;21;4;3;0;0;0;0;510000;127500;0
"YYQHWSTGQCSPTQDZ0317";2025;4;1;4;1;1;"S";33;1822;3;1;21;6;3;0;0;0;0;510000;127500;0
"ICHNHSHSGQCZBMPQ2222";2025;4;1;1;1;1;"S";33;2524;1;1;76;3;3;0;0;0;0;0;0;0
"ICHNHSHSGQCZBMPQ2222";2025;4;1;2;1;1;"S";33;2524;2;2;81;1;3;0;0;0;0;0;0;0
"FQFRYOXYRYEMMRJI6673";2025;4;1;1;1;1;"S";33;1604;1;2;45;1;1;3;2;2;87000;390000;130000;1768
"FQFRYOXYRYEMMRJI6673";2025;4;1;2;1;1;"S";33;1604;2;1;51;3;1;3;2;2;303000;390000;130000;1768
"FQFRYOXYRYEMMRJI6673";2025;4;1;3;1;1;"S";33;1604;3;2;13;1;3;0;0;0;0;390000;130000;0
"DFDOXCAMOFJGZTRI5926";2025;4;1;1;1;1;"S";33;1310;1;1;60;6;2;0;0;0;0;0;0;0
"DFDOXCAMOFJGZTRI5926";2025;4;1;2;1;1;"S";33;1310;3;1;23;3;3;0;0;0;0;0;0;0
"VRODQNBOVUSKVPFM4627";2025;4;1;1;1;1;"S";33;2272;1;1;24;5;1;3;1;3;680000;680000;113333;2504
"VRODQNBOVUSKVPFM4627";2025;4;1;2;1;1;"S";33;2272;3;2;4;7;4;0;0;0;0;680000;113333;0
"VRODQNBOVUSKVPFM4627";2025;4;1;3;1;1;"S";33;2272;9;2;3;7;4;0;0;0;0;680000;113333;0
"VRODQNBOVUSKVPFM4627";2025;4;1;4;1;1;"S";33;2272;3;2;2;7;4;0;0;0;0;680000;113333;0
"VRODQNBOVUSKVPFM4627";2025;4;1;5;1;1;"S";33;2272;3;2;3;7;4;0;0;0;0;680000;113333;0
"VRODQNBOVUSKVPFM4627";2025;4;1;6;1;1;"S";33;2272;3;2;3;7;4;0;0;0;0;680000;113333;0
"PEQJBQCBBPDPZKJP6543";2025;4;1;1;1;1;"S";33;3301;1;2;76;3;3;0;0;0;0;0;0;0
"PEQJBQCBBPDPZKJP6543";2025;4;1;2;1;1;"S";33;3301;2;1;73;1;3;0;0;0;0;0;0;0
"KEFGWZZXIYBTBSVR5174";2025;4;1;1;1;1;"S";33;3736;1;2;31;4;3;0;0;0;0;1371000;228500;0
"KEFGWZZXIYBTBSVR5174";2025;4;1;2;1;1;"S";33;3736;2;1;29;6;1;3;2;3;1371000;1371000;228500;4117
"KEFGWZZXIYBTBSVR5174";2025;4;1;3;1;1;"S";33;3736;3;1;8;1;4;0;0;0;0;1371000;228500;0
"KEFGWZZXIYBTBSVR5174";2025;4;1;4;1;1;"S";33;3736;3;1;10;1;3;0;0;0;0;1371000;228500;0
"KEFGWZZXIYBTBSVR5174";2025;4;1;5;1;1;"S";33;3736;3;1;7;1;4;0;0;0;0;1371000;228500;0
"KEFGWZZXIYBTBSVR5174";2025;4;1;6;1;1;"S";33;3736;3;1;8;1;4;0;0;0;0;1371000;228500;0
"QQCEVVPSGRRZHNCN4226";2025;4;1;1;1;1;"S";33;5102;1;2;69;3;3;0;0;0;0;0;0;0
"QQCEVVPSGRRZHNCN4226";2025;4;1;2;1;1;"S";33;5102;2;1;66;4;3;0;0;0;0;0;0;0
"GVUDQWJPYGPKZBTP1469";2025;4;1;1;1;1;"S";33;2471;1;2;45;4;1;3;1;2;888000;888000;888000;2723
"YUSGTIVAIADDDNLS5168";2025;4;1;1;1;1;"S";33;1265;1;1;48;4;1;2;0;2;640000;900000;300000;1394
"YUSGTIVAIADDDNLS5168";2025;4;1;2;1;1;"S";33;1265;2;2;47;1;1;3;2;2;-9;900000;300000;0
"YUSGTIVAIADDDNLS5168";2025;4;1;3;1;1;"S";33;1265;3;1;22;3;1;3;1;1;260000;900000;300000;1394
"YTBPOXQZEIWUHQZM0109";2025;4;1;1;1;1;"S";33;2102;1;2;44;5;3;0;0;0;0;0;0;0
"YTBPOXQZEIWUHQZM0109";2025;4;1;2;1;1;"S";33;2102;2;1;43;1;3;0;0;0;0;0;0;0
"YTBPOXQZEIWUHQZM0109";2025;4;1;3;1;1;"S";33;2102;3;1;17;3;3;0;0;0;0;0;0;0
"YTBPOXQZEIWUHQZM0109";2025;4;1;4;1;1;"S";33;2102;3;2;14;3;3;0;0;0;0;0;0;0
"YTBPOXQZEIWUHQZM0109";2025;4;1;5;1;1;"S";33;2102;3;2;16;2;3;0;0;0;0;0;0;0
"YTBPOXQZEIWUHQZM0109";2025;4;1;6;1;1;"S";33;2102;3;2;14;1;3;0;0;0;0;0;0;0
"EISIGTEFEXGAIOYJ7459";2025;4;1;1;1;1;"S";33;1735;1;1;80;6;3;0;0;0;0;0;0;0
"EISIGTEFEXGAIOYJ7459";2025;4;1;2;1;1;"S";33;1735;2;2;79;5;3;0;0;0;0;0;0;0
"WUXYHYLXITNVCJRM0236";2025;4;1;1;1;1;"S";33;2928;1;1;75;3;1;3;2;3;1175000;1370000;456667;3227
"WUXYHYLXITNVCJRM0236";2025;4;1;2;1;1;"S";33;2928;2;2;75;2;3;0;0;0;0;1370000;456667;0
"WUXYHYLXITNVCJRM0236";2025;4;1;3;1;1;"S";33;2928;3;1;30;3;1;3;1;2;195000;1370000;456667;3227
"WUXYHYLXITNVCJRM0236";2025;4;2;1;1;1;"S";33;5206;1;2;58;2;1;2;0;3;216000;362000;120667;5737
"WUXYHYLXITNVCJRM0236";2025;4;2;2;1;1;"S";33;5206;2;1;63;1;1;2;0;1;146000;362000;120667;5737
"WUXYHYLXITNVCJRM0236";2025;4;2;3;1;1;"S";33;5206;3;2;32;4;3;0;0;0;0;362000;120667;0
"FPOLTVMEWKYETHLH9235";2025;4;1;1;1;1;"S";33;2512;1;1;76;3;3;0;0;0;0;442000;73667;0
"FPOLTVMEWKYETHLH9235";2025;4;1;2;1;1;"S";33;2512;3;1;55;3;3;0;0;0;0;442000;73667;0
"FPOLTVMEWKYETHLH9235";2025;4;1;3;1;1;"S";33;2512;3;2;37;3;1;3;1;3;0;442000;73667;2768
"FPOLTVMEWKYETHLH9235";2025;4;1;4;1;1;"S";33;2512;3;1;48;1;1;3;1;1;151000;442000;73667;2768
"FPOLTVMEWKYETHLH9235";2025;4;1;5;1;1;"S";33;2512;3;2;45;2;1;2;0;3;291000;442000;73667;2768
"FPOLTVMEWKYETHLH9235";2025;4;1;6;1;1;"S";33;2512;3;2;36;4;3;0;0;0;0;442000;73667;0
"QSBKLVTBZWLARVUB6442";2025;4;1;1;1;1;"S";33;1800;1;2;33;6;3;0;0;0;0;0;0;0
"QSBKLVTBZWLARVUB6442";2025;4;1;2;1;1;"S";33;1800;3;2;11;1;3;0;0;0;0;0;0;0
"QSBKLVTBZWLARVUB6442";2025;4;1;3;1;1;"S";33;1800;3;2;11;1;3;0;0;0;0;0;0;0
"WZHMMGSLKVEFHRTA8912";2025;4;1;1;1;1;"S";33;2082;1;2;55;1;1;2;0;3;145000;783000;195750;2294
"WZHMMGSLKVEFHRTA8912";2025;4;1;2;1;1;"S";33;2082;2;1;49;3;1;2;0;2;-9;783000;195750;0
"WZHMMGSLKVEFHRTA8912";2025;4;1;3;1;1;"S";33;2082;3;1;20;3;1;3;1;3;452000;783000;195750;2294
"WZHMMGSLKVEFHRTA8912";2025;4;1;4;1;1;"S";33;2082;3;1;23;2;1;3;2;2;186000;783000;195750;2294
"MEJITRMPJJFIZOTY4750";2025;4;1;1;1;1;"S";33;2091;1;1;31;5;3;0;0;0;0;365000;182500;0
"MEJITRMPJJFIZOTY4750";2025;4;1;2;1;1;"S";33;2091;2;2;30;4;1;2;0;2;365000;365000;182500;2304
"KTFWKOFMZDGGZXJA3340";2025;4;1;1;1;1;"S";33;982;1;2;35;1;3;0;0;0;0;294000;98000;0
"KTFWKOFMZDGGZXJA3340";2025;4;1;2;1;1;"S";33;982;2;1;33;2;1;2;0;2;294000;294000;98000;1082
"KTFWKOFMZDGGZXJA3340";2025;4;1;3;1;1;"S";33;982;3;1;11;1;3;0;0;0;0;294000;98000;0
"GWUFLLSHJIGHVDWW7954";2025;4;1;1;1;1;"S";33;2366;1;1;46;3;3;0;0;0;0;2076000;519000;0
"GWUFLLSHJIGHVDWW7954";2025;4;1;2;1;1;"S";33;2366;3;1;21;4;1;2;0;2;2076000;2076000;519000;2607
"GWUFLLSHJIGHVDWW7954";2025;4;1;3;1;1;"S";33;2366;3;1;17;3;3;0;0;0;0;2076000;519000;0
"GWUFLLSHJIGHVDWW7954";2025;4;1;4;1;1;"S";33;2366;3;2;21;3;3;0;0;0;0;2076000;519000;0
"CSIICROKUMEMWSWH0384";2025;4;1;1;1;1;"S";33;3256;1;2;23;5;3;0;0;0;0;0;0;0
"QYVRKHPZUSMLPYWL8163";2025;4;1;1;1;1;"S";33;2112;1;2;60;4;3;0;0;0;0;289000;72250;0
"QYVRKHPZUSMLPYWL8163";2025;4;1;2;1;1;"S";33;2112;3;2;30;7;1;3;1;2;127000;289000;72250;2327
"QYVRKHPZUSMLPYWL8163";2025;4;1;3;1;1;"S";33;2112;3;1;38;4;1;3;1;2;162000;289000;72250;2327
"QYVRKHPZUSMLPYWL8163";2025;4;1;4;1;1;"S";33;2112;3;1;34;3;2;0;0;0;0;289000;72250;0
"FBRQJKGVMCUVRZVT1349";2025;4;1;1;1;1;"S";33;4244;1;2;36;5;1;2;0;2;556000;556000;92667;4677
"FBRQJKGVMCUVRZVT1349";2025;4;1;2;1;1;"S";33;4244;2;1;37;4;2;0;0;0;0;556000;92667;0
"FBRQJKGVMCUVRZVT1349";2025;4;1;3;1;1;"S";33;4244;3;1;12;1;3;0;0;0;0;556000;92667;0
"FBRQJKGVMCUVRZVT1349";2025;4;1;4;1;1;"S";33;4244;3;1;10;1;3;0;0;0;0;556000;92667;0
"FBRQJKGVMCUVRZVT1349";2025;4;1;5;1;1;"S";33;4244;3;2;10;1;3;0;0;0;0;556000;92667;0
"FBRQJKGVMCUVRZVT1349";2025;4;1;6;1;1;"S";33;4244;9;2;11;1;3;0;0;0;0;556000;92667;0
"ZQLRCJTBHTQKLAOA3358";2025;4;1;1;1;1;"S";33;2027;1;1;36;3;1;3;1;2;364000;364000;121333;2234
"ZQLRCJTBHTQKLAOA3358";2025;4;1;2;1;1;"S";33;2027;2;2;37;1;3;0;0;0;0;364000;121333;0
"ZQLRCJTBHTQKLAOA3358";2025;4;1;3;1;1;"S";33;2027;3;1;11;1;3;0;0;0;0;364000;121333;0
"XCESMNQKGOZFZQLP5103";2025;4;1;1;1;1;"S";33;2887;1;2;65;1;3;0;0;0;0;888000;296000;0
"XCESMNQKGOZFZQLP5103";2025;4;1;2;1;1;"S";33;2887;3;1;43;2;1;3;2;2;412000;888000;296000;3182
"XCESMNQKGOZFZQLP5103";2025;4;1;3;1;1;"S";33;2887;3;1;42;6;1;3;1;2;476000;888000;296000;3182
"VKNJNDFNROYWLDFV7118";2025;4;1;1;1;1;"S";33;3951;1;1;57;1;1;3;1;3;123000;594000;297000;4354
"VKNJNDFNROYWLDFV7118";2025;4;1;2;1;1;"S";33;3951;3;1;34;5;1;2;0;1;471000;594000;297000;4354
"IUDYTDGYKGNOINSN2805";2025;4;1;1;1;1;"S";33;2422;1;1;34;4;1;3;1;2;493000;1028000;514000;2669
"IUDYTDGYKGNOINSN2805";2025;4;1;2;1;1;"S";33;2422;2;2;39;1;1;3;1;2;535000;1028000;514000;2669
"AOLVKMNNDIIXEHDP1845";2025;4;1;1;1;1;"S";33;1657;1;2;47;4;1;2;0;2;420000;593000;148250;1826
"AOLVKMNNDIIXEHDP1845";2025;4;1;2;1;1;"S";33;1657;3;1;15;3;3;0;0;0;0;593000;148250;0
"AOLVKMNNDIIXEHDP1845";2025;4;1;3;1;1;"S";33;1657;3;2;21;4;3;0;0;0;0;593000;148250;0
"AOLVKMNNDIIXEHDP1845";2025;4;1;4;1;1;"S";33;1657;3;1;17;1;1;2;0;2;173000;593000;148250;1826
"TKYGICRICAUSKCPI4944";2025;4;1;1;1;1;"S";33;1697;1;1;49;1;1;3;2;1;652000;652000;217333;1870
"TKYGICRICAUSKCPI4944";2025;4;1;2;1;1;"S";33;1697;2;2;52;3;3;0;0;0;0;652000;217333;0
"TKYGICRICAUSKCPI4944";2025;4;1;3;1;1;"S";33;1697;3;1;24;3;3;0;0;0;0;652000;217333;0
"VBKXLJZJODAIRYWN8261";2025;4;1;1;1;1;"S";33;1463;1;1;38;3;1;3;1;2;1353000;1353000;1353000;1612
"BAQBDTYUSAWPQDUH6248";2025;4;1;1;1;1;"S";33;2594;1;2;58;6;1;3;1;1;1239000;3002000;500333;2859
"BAQBDTYUSAWPQDUH6248";2025;4;1;2;1;1;"S";33;2594;2;1;56;4;1;3;1;2;-9;3002000;500333;0
"BAQBDTYUSAWPQDUH6248";2025;4;1;3;1;1;"S";33;2594;9;1;35;1;1;3;1;2;157000;3002000;500333;2859
"BAQBDTYUSAWPQDUH6248";2025;4;1;4;1;1;"S";33;2594;3;1;20;4;1;3;2;2;1008000;3002000;500333;2859
"BAQBDTYUSAWPQDUH6248";2025;4;1;5;1;1;"S";33;2594;3;2;35;1;1;3;2;2;305000;3002000;500333;2859
"BAQBDTYUSAWPQDUH6248";2025;4;1;6;1;1;"S";33;2594;3;1;33;3;1;3;2;3;293000;3002000;500333;2859
"RCBGJCXHXRHIHXBS2850";2025;4;1;1;1;1;"S";33;1262;1;2;63;1;3;0;0;0;0;766000;153200;0
"RCBGJCXHXRHIHXBS2850";2025;4;1;2;1;1;"S";33;1262;3;1;26;1;1;3;2;1;322000;766000;153200;1391
"RCBGJCXHXRHIHXBS2850";2025;4;1;3;1;1;"S";33;1262;3;1;24;3;3;0;0;0;0;766000;153200;0
"RCBGJCXHXRHIHXBS2850";2025;4;1;4;1;1;"S";33;1262;9;2;27;5;3;0;0;0;0;766000;153200;0
"RCBGJCXHXRHIHXBS2850";2025;4;1;5;1;1;"S";33;1262;5;2;33;6;1;1;0;1;444000;766000;153200;1391
"NXLDUCRSNNEJZTDX4781";2025;4;1;1;1;1;"S";33;1471;1;1;51;6;1;3;1;2;-9;180000;60000;0
"NXLDUCRSNNEJZTDX4781";2025;4;1;2;1;1;"S";33;1471;2;2;57;1;1;3;1;3;180000;180000;60000;1621
"NXLDUCRSNNEJZTDX4781";2025;4;1;3;1;1;"S";33;1471;3;2;28;3;3;0;0;0;0;180000;60000;0
"IKUEZXMWMVCVGHIG1700";2025;4;1;1;1;1;"S";33;3234;1;2;24;5;3;0;0;0;0;0;0;0
"VFMQNASHRLLIHSMY3137";2025;4;1;1;1;1;"S";33;2753;1;1;56;2;3;0;0;0;0;2817000;939000;0
"VFMQNASHRLLIHSMY3137";2025;4;1;2;1;1;"S";33;2753;2;2;58;2;1;3;1;2;282000;2817000;939000;3034
"VFMQNASHRLLIHSMY3137";2025;4;1;3;1;1;"S";33;2753;3;1;24;4;1;3;1;2;2535000;2817000;939000;3034
"BQSDEWJHOENFBNRO2985";2025;4;1;1;1;1;"S";33;890;1;2;35;3;3;0;0;0;0;0;0;0
"SLUHDUUUBOZHIGXH2826";2025;4;1;1;1;1;"S";33;1041;1;2;45;2;1;3;1;2;187000;231000;46200;1147
"SLUHDUUUBOZHIGXH2826";2025;4;1;2;1;1;"S";33;1041;2;1;49;3;1;3;2;2;44000;231000;46200;1147
"SLUHDUUUBOZHIGXH2826";2025;4;1;3;1;1;"S";33;1041;3;2;17;3;2;0;0;0;0;231000;46200;0
"SLUHDUUUBOZHIGXH2826";2025;4;1;4;1;1;"S";33;1041;3;1;16;2;3;0;0;0;0;231000;46200;0
"SLUHDUUUBOZHIGXH2826";2025;4;1;5;1;1;"S";33;1041;3;1;17;3;3;0;0;0;0;231000;46200;0
"JNVLPFFZKOWXGXBH9034";2025;4;1;1;1;43;"S";34;289;1;1;72;2;3;0;0;0;0;0;0;0
"XLGIJHEBGVOCGFBT3245";2025;4;1;1;1;43;"S";34;843;1;2;49;3;3;0;0;0;0;456000;228000;0
"XLGIJHEBGVOCGFBT3245";2025;4;1;2;1;43;"S";34;843;2;1;50;1;1;2;0;2;456000;456000;228000;1417
"ATGVGCEDHXBLXPDE8325";2025;4;1;1;1;43;"S";34;535;1;1;37;3;1;2;0;3;317000;1555000;777500;899
"ATGVGCEDHXBLXPDE8325";2025;4;1;2;1;43;"S";34;535;2;2;41;6;1;3;1;2;1238000;1555000;777500;899
"LRVWFNAGXDGDNWKB6397";2025;4;1;1;1;43;"S";34;1330;1;1;44;4;1;3;2;2;-9;0;0;0
"CXYWLUQFIMICWFUN4020";2025;4;1;1;1;43;"S";34;857;1;2;40;5;2;0;0;0;0;0;0;0
"CXYWLUQFIMICWFUN4020";2025;4;1;2;1;43;"S";34;857;2;1;35;3;1;3;1;3;-9;0;0;0
"CXYWLUQFIMICWFUN4020";2025;4;1;3;1;43;"S";34;857;3;1;13;3;3;0;0;0;0;0;0;0
"DKXODJUXQOLNNKXH9685";2025;4;1;1;1;43;"S";34;676;1;2;74;6;3;0;0;0;0;439000;146333;0
"DKXODJUXQOLNNKXH9685";2025;4;1;2;1;43;"S";34;676;2;1;79;1;1;3;1;1;439000;439000;146333;1136
"DKXODJUXQOLNNKXH9685";2025;4;1;3;1;43;"S";34;676;3;2;29;3;3;0;0;0;0;439000;146333;0
"QLIHABNYLLIAUXCW0806";2025;4;1;1;1;43;"S";34;877;1;2;28;4;1;3;1;3;724000;724000;120667;1474
"QLIHABNYLLIAUXCW0806";2025;4;1;2;1;43;"S";34;877;2;1;29;1;1;3;2;2;-9;724000;120667;0
"QLIHABNYLLIAUXCW0806";2025;4;1;3;1;43;"S";34;877;5;2;7;1;4;0;0;0;0;724000;120667;0
"QLIHABNYLLIAUXCW0806";2025;4;1;4;1;43;"S";34;877;3;1;7;1;4;0;0;0;0;724000;120667;0
"QLIHABNYLLIAUXCW0806";2025;4;1;5;1;43;"S";34;877;3;1;6;2;4;0;0;0;0;724000;120667;0
"QLIHABNYLLIAUXCW0806";2025;4;1;6;1;43;"S";34;877;3;1;6;1;4;0;0;0;0;724000;120667;0
"SMKDKLZCVMXZTUOH3801";2025;4;1;1;1;43;"S";34;459;1;1;72;6;3;0;0;0;0;823000;411500;0
"SMKDKLZCVMXZTUOH3801";2025;4;1;2;1;43;"S";34;459;3;2;45;4;1;1;0;3;823000;823000;411500;771
"WEYOWDFAEADBYRNU1997";2025;4;1;1;1;43;"S";34;1048;1;2;80;6;1;2;0;1;347000;347000;347000;1761
"JYTPSAKBJSNNZKUN0258";2025;4;1;1;1;43;"S";34;700;1;2;82;1;3;0;0;0;0;0;0;0
"JYTPSAKBJSNNZKUN0258";2025;4;1;2;1;43;"S";34;700;2;1;81;3;3;0;0;0;0;0;0;0
"KXEACXCFCDPWVCNN6531";2025;4;1;1;1;43;"S";34;657;1;1;58;6;1;3;1;1;-9;286000;95333;0
"KXEACXCFCDPWVCNN6531";2025;4;1;2;1;43;"S";34;657;2;2;63;2;1;2;0;3;286000;286000;95333;1104
"KXEACXCFCDPWVCNN6531";2025;4;1;3;1;43;"S";34;657;9;1;38;1;1;3;2;2;-9;286000;95333;0
"SKCFCYOELKXJDETG3985";2025;4;1;1;1;43;"S";34;521;1;1;62;5;3;0;0;0;0;1728000;576000;0
"SKCFCYOELKXJDETG3985";2025;4;1;2;1;43;"S";34;521;3;1;23;3;2;0;0;0;0;1728000;576000;0
"SKCFCYOELKXJDETG3985";2025;4;1;3;1;43;"S";34;521;3;1;34;3;1;3;1;1;1728000;1728000;576000;875
"WNMVYKSMNZTJXZDX9834";2025;4;1;1;1;43;"S";34;802;1;1;79;7;3;0;0;0;0;738000;246000;0
"WNMVYKSMNZTJXZDX9834";2025;4;1;2;1;43;"S";34;802;2;2;80;4;3;0;0;0;0;738000;246000;0
"WNMVYKSMNZTJXZDX9834";2025;4;1;3;1;43;"S";34;802;3;1;51;4;1;3;1;2;738000;738000;246000;1348
"GSIULAVCXMPMQNOJ5102";2025;4;1;1;1;43;"S";34;996;1;1;36;6;1;3;1;2;1113000;1113000;556500;1674
"GSIULAVCXMPMQNOJ5102";2025;4;1;2;1;43;"S";34;996;2;2;39;1;3;0;0;0;0;1113000;556500;0
"CPOXTEYWBDNFETKB0111";2025;4;1;1;1;43;"S";34;500;1;1;27;6;1;3;1;2;-9;0;0;0
"CPOXTEYWBDNFETKB0111";2025;4;1;2;1;43;"S";34;500;2;2;23;4;3;0;0;0;0;0;0;0
"CPOXTEYWBDNFETKB0111";2025;4;1;3;1;43;"S";34;500;3;2;6;1;4;0;0;0;0;0;0;0
"CSPGCOZITNPWKCVK3649";2025;4;1;1;1;43;"S";34;610;1;1;46;6;1;3;2;3;-9;0;0;0
"CSPGCOZITNPWKCVK3649";2025;4;1;2;1;43;"S";34;610;2;2;41;2;1;1;0;2;-9;0;0;0
"GBUSTVAGKEBSFNFX9491";2025;4;1;1;1;43;"S";34;795;1;1;35;2;1;3;2;2;0;0;0;1336
"GQSBVBUCAGMODYHB5917";2025;4;1;1;1;43;"S";34;503;1;1;61;3;3;0;0;0;0;0;0;0
"GQSBVBUCAGMODYHB5917";2025;4;1;2;1;43;"S";34;503;2;2;66;3;3;0;0;0;0;0;0;0
"HIANZUVFOVQHUDKX1291";2025;4;1;1;1;43;"S";34;1278;1;2;43;5;3;0;0;0;0;0;0;0
"HIANZUVFOVQHUDKX1291";2025;4;1;2;1;43;"S";34;1278;3;1;13;1;3;0;0;0;0;0;0;0
"HIANZUVFOVQHUDKX1291";2025;4;1;3;1;43;"S";34;1278;3;2;21;5;3;0;0;0;0;0;0;0
"IFNULTYFGYVZVFQF2451";2025;4;1;1;1;43;"S";34;919;1;2;74;3;3;0;0;0;0;0;0;0
"GWNGBQZBFVRERPZO1955";2025;4;1;1;1;43;"S";34;1063;1;1;80;1;3;0;0;0;0;0;0;0
"GWNGBQZBFVRERPZO1955";2025;4;1;2;1;43;"S";34;1063;3;2;48;1;3;0;0;0;0;0;0;0
"GWNGBQZBFVRERPZO1955";2025;4;1;3;1;43;"S";34;1063;5;2;39;5;3;0;0;0;0;0;0;0
"TAXWIPXKJDUMFYSY3258";2025;4;1;1;1;43;"S";34;525;1;1;26;1;1;3;1;2;-9;0;0;0
"TAXWIPXKJDUMFYSY3258";2025;4;1;2;1;43;"S";34;525;2;2;24;4;3;0;0;0;0;0;0;0
"TAXWIPXKJDUMFYSY3258";2025;4;1;3;1;43;"S";34;525;3;2;4;7;4;0;0;0;0;0;0;0
"TAXWIPXKJDUMFYSY3258";2025;4;1;4;1;43;"S";34;525;3;1;4;7;4;0;0;0;0;0;0;0
"TAXWIPXKJDUMFYSY3258";2025;4;1;5;1;43;"S";34;525;3;1;5;1;4;0;0;0;0;0;0;0
"IMBAQGOGLZFDTPDX1925";2025;4;1;1;1;43;"S";34;792;1;2;46;6;3;0;0;0;0;260000;52000;0
"IMBAQGOGLZFDTPDX1925";2025;4;1;2;1;43;"S";34;792;2;1;46;4;1;3;1;2;260000;260000;52000;1331
"IMBAQGOGLZFDTPDX1925";2025;4;1;3;1;43;"S";34;792;3;2;15;3;3;0;0;0;0;260000;52000;0
"IMBAQGOGLZFDTPDX1925";2025;4;1;4;1;43;"S";34;792;3;1;25;2;1;2;0;2;-9;260000;52000;0
"IMBAQGOGLZFDTPDX1925";2025;4;1;5;1;43;"S";34;792;3;2;24;5;3;0;0;0;0;260000;52000;0
"MEJSAYYJPAKWGBKH3704";2025;4;1;1;1;43;"S";34;898;1;1;60;5;3;0;0;0;0;1472000;294400;0
"MEJSAYYJPAKWGBKH3704";2025;4;1;2;1;43;"S";34;898;3;1;35;6;1;3;1;1;-9;1472000;294400;0
"MEJSAYYJPAKWGBKH3704";2025;4;1;3;1;43;"S";34;898;3;1;37;2;1;2;0;2;724000;1472000;294400;1509
"MEJSAYYJPAKWGBKH3704";2025;4;1;4;1;43;"S";34;898;3;1;23;4;1;3;1;3;-9;1472000;294400;0
"MEJSAYYJPAKWGBKH3704";2025;4;1;5;1;43;"S";34;898;3;2;30;3;1;3;2;2;748000;1472000;294400;1509
"VFQXPWRRPQFOZQHN1334";2025;4;1;1;1;43;"S";34;656;1;1;72;6;3;0;0;0;0;1876000;375200;0
"VFQXPWRRPQFOZQHN1334";2025;4;1;2;1;43;"S";34;656;3;1;35;6;1;3;1;2;1303000;1876000;375200;1102
"VFQXPWRRPQFOZQHN1334";2025;4;1;3;1;43;"S";34;656;3;1;34;4;3;0;0;0;0;1876000;375200;0
"VFQXPWRRPQFOZQHN1334";2025;4;1;4;1;43;"S";34;656;3;1;28;3;1;2;0;1;573000;1876000;375200;1102
"VFQXPWRRPQFOZQHN1334";2025;4;1;5;1;43;"S";34;656;3;1;35;4;1;3;2;3;-9;1876000;375200;0
"FSYBTHBWTELHRLQG8320";2025;4;1;1;1;43;"S";34;753;1;2;79;4;1;3;2;2;2213000;2716000;679000;1265
"FSYBTHBWTELHRLQG8320";2025;4;1;2;1;43;"S";34;753;3;1;44;3;1;3;1;2;503000;2716000;679000;1265
"FSYBTHBWTELHRLQG8320";2025;4;1;3;1;43;"S";34;753;5;2;39;5;2;0;0;0;0;2716000;679000;0
"FSYBTHBWTELHRLQG8320";2025;4;1;4;1;43;"S";34;753;3;1;45;2;1;2;0;2;-9;2716000;679000;0
"PTJRCDSZHSZBPXJK5439";2025;4;1;1;1;43;"S";34;1109;1;2;48;4;1;3;1;2;399000;677000;169250;1863
"PTJRCDSZHSZBPXJK5439";2025;4;1;2;1;43;"S";34;1109;2;1;50;1;3;0;0;0;0;677000;169250;0
"PTJRCDSZHSZBPXJK5439";2025;4;1;3;1;43;"S";34;1109;3;1;24;3;1;3;2;3;278000;677000;169250;1863
"PTJRCDSZHSZBPXJK5439";2025;4;1;4;1;43;"S";34;1109;5;2;25;6;3;0;0;0;0;677000;169250;0
"QOWURVETUVRGJJLJ7375";2025;4;1;1;1;43;"S";34;683;1;1;63;4;3;0;0;0;0;1434000;286800;0
"QOWURVETUVRGJJLJ7375";2025;4;1;2;1;43;"S";34;683;3;2;27;3;1;3;1;3;1000000;1434000;286800;1148
"QOWURVETUVRGJJLJ7375";2025;4;1;3;1;43;"S";34;683;3;2;23;4;1;3;1;2;307000;1434000;286800;1148
"QOWURVETUVRGJJLJ7375";2025;4;1;4;1;43;"S";34;683;3;1;29;5;1;3;1;1;127000;1434000;286800;1148
"QOWURVETUVRGJJLJ7375";2025;4;1;5;1;43;"S";34;683;3;2;26;2;1;3;1;2;-9;1434000;286800;0
"EUUQBRJVRSUPACUS8616";2025;4;1;1;1;43;"S";34;458;1;1;74;3;3;0;0;0;0;309000;103000;0
"EUUQBRJVRSUPACUS8616";2025;4;1;2;1;43;"S";34;458;2;2;77;4;1;2;0;2;309000;309000;103000;770
"EUUQBRJVRSUPACUS8616";2025;4;1;3;1;43;"S";34;458;3;1;34;4;1;3;1;1;-9;309000;103000;0
"EUUQBRJVRSUPACUS8616";2025;4;2;1;1;43;"S";34;606;1;1;59;3;1;3;1;2;-9;0;0;0
"EUUQBRJVRSUPACUS8616";2025;4;2;2;1;43;"S";34;606;2;2;63;1;1;2;0;2;-9;0;0;0
"EUUQBRJVRSUPACUS8616";2025;4;2;3;1;43;"S";34;606;3;1;38;6;3;0;0;0;0;0;0;0
"QNARKCTBWPVGVCBZ8852";2025;4;1;1;1;43;"S";34;619;1;2;42;4;1;3;1;2;-9;0;0;0
"QNARKCTBWPVGVCBZ8852";2025;4;1;2;1;43;"S";34;619;2;1;37;3;3;0;0;0;0;0;0;0
"QNARKCTBWPVGVCBZ8852";2025;4;1;3;1;43;"S";34;619;3;2;21;3;2;0;0;0;0;0;0;0
"RDLYICUHSJLSDRPB2872";2025;4;1;1;1;43;"S";34;541;1;2;25;3;1;3;1;3;395000;1398000;279600;909
"RDLYICUHSJLSDRPB2872";2025;4;1;2;1;43;"S";34;541;2;1;24;4;1;2;0;3;1003000;1398000;279600;909
"RDLYICUHSJLSDRPB2872";2025;4;1;3;1;43;"S";34;541;3;2;5;1;4;0;0;0;0;1398000;279600;0
"RDLYICUHSJLSDRPB2872";2025;4;1;4;1;43;"S";34;541;5;2;3;7;4;0;0;0;0;1398000;279600;0
"RDLYICUHSJLSDRPB2872";2025;4;1;5;1;43;"S";34;541;3;1;4;7;4;0;0;0;0;1398000;279600;0
"ADIEKVLCOEFWXBAE8529";2025;4;1;1;1;43;"S";34;657;1;1;57;3;3;0;0;0;0;0;0;0
"XEJCLDPTMNWNWMDG5062";2025;4;1;1;1;43;"S";34;749;1;1;60;6;3;0;0;0;0;87000;21750;0
"XEJCLDPTMNWNWMDG5062";2025;4;1;2;1;43;"S";34;749;3;1;26;6;2;0;0;0;0;87000;21750;0
"XEJCLDPTMNWNWMDG5062";2025;4;1;3;1;43;"S";34;749;3;2;25;6;1;3;1;3;-9;87000;21750;0
"XEJCLDPTMNWNWMDG5062";2025;4;1;4;1;43;"S";34;749;9;1;35;1;1;2;0;2;87000;87000;21750;1259
"ZWNSYDYUYATLLDRF2468";2025;4;1;1;1;43;"S";34;1034;1;1;39;2;1;3;2;2;-9;608000;152000;0
"ZWNSYDYUYATLLDRF2468";2025;4;1;2;1;43;"S";34;1034;3;1;17;3;2;0;0;0;0;608000;152000;0
"ZWNSYDYUYATLLDRF2468";2025;4;1;3;1;43;"S";34;1034;3;1;15;3;3;0;0;0;0;608000;152000;0
"ZWNSYDYUYATLLDRF2468";2025;4;1;4;1;43;"S";34;1034;3;2;18;6;1;3;1;3;608000;608000;152000;1737
"XXTBGMXBXVNCZBSQ9885";2025;4;1;1;1;43;"S";34;859;1;1;51;2;3;0;0;0;0;1195000;199167;0
"XXTBGMXBXVNCZBSQ9885";2025;4;1;2;1;43;"S";34;859;2;2;51;6;1;3;1;1;1195000;1195000;199167;1443
"XXTBGMXBXVNCZBSQ9885";2025;4;1;3;1;43;"S";34;859;3;2;28;3;3;0;0;0;0;1195000;199167;0
"XXTBGMXBXVNCZBSQ9885";2025;4;1;4;1;43;"S";34;859;3;2;18;3;3;0;0;0;0;1195000;199167;0
"XXTBGMXBXVNCZBSQ9885";2025;4;1;5;1;43;"S";34;859;9;1;27;1;2;0;0;0;0;1195000;199167;0
"XXTBGMXBXVNCZBSQ9885";2025;4;1;6;1;43;"S";34;859;3;1;30;6;3;0;0;0;0;1195000;199167;0
"SUCKHINXZPRDLJKR9186";2025;4;1;1;1;43;"N";36;232;1;2;67;3;3;0;0;0;0;0;0;0
"SUCKHINXZPRDLJKR9186";2025;4;1;2;1;43;"N";36;232;3;1;33;3;3;0;0;0;0;0;0;0
"SUCKHINXZPRDLJKR9186";2025;4;1;3;1;43;"N";36;232;3;1;44;6;3;0;0;0;0;0;0;0
"VUMGOKVVCPDNTBQJ3875";2025;4;1;1;1;43;"N";36;107;1;1;42;2;3;0;0;0;0;0;0;0
"EOADAEPODHRIXLDE3936";2025;4;1;1;1;43;"N";36;196;1;1;32;5;1;3;1;3;-9;0;0;0
"EOADAEPODHRIXLDE3936";2025;4;1;2;1;43;"N";36;196;2;2;37;5;3;0;0;0;0;0;0;0
"EOADAEPODHRIXLDE3936";2025;4;1;3;1;43;"N";36;196;3;2;8;1;4;0;0;0;0;0;0;0
"ACIXZVVRRAICFBRT6238";2025;4;1;1;1;43;"N";36;168;1;1;36;1;1;3;2;1;944000;1570000;314000;275
"ACIXZVVRRAICFBRT6238";2025;4;1;2;1;43;"N";36;168;2;2;38;1;1;2;0;1;626000;1570000;314000;275
"ACIXZVVRRAICFBRT6238";2025;4;1;3;1;43;"N";36;168;3;2;9;1;4;0;0;0;0;1570000;314000;0
"ACIXZVVRRAICFBRT6238";2025;4;1;4;1;43;"N";36;168;3;1;14;2;3;0;0;0;0;1570000;314000;0
"ACIXZVVRRAICFBRT6238";2025;4;1;5;1;43;"N";36;168;3;1;9;1;4;0;0;0;0;1570000;314000;0
"DCFDEHQYLGAJDCZW5594";2025;4;1;1;1;43;"N";36;358;1;1;66;4;1;3;1;3;-9;719000;239667;0
"DCFDEHQYLGAJDCZW5594";2025;4;1;2;1;43;"N";36;358;3;1;46;6;1;3;2;2;719000;719000;239667;586
"DCFDEHQYLGAJDCZW5594";2025;4;1;3;1;43;"N";36;358;3;1;27;6;3;0;0;0;0;719000;239667;0
"YXRZXRJEBVUJCURD6457";2025;4;1;1;1;43;"N";36;96;1;1;60;3;1;2;0;1;-9;860000;286667;0
"YXRZXRJEBVUJCURD6457";2025;4;1;2;1;43;"N";36;96;2;2;58;6;1;2;0;2;547000;860000;286667;157
"YXRZXRJEBVUJCURD6457";2025;4;1;3;1;43;"N";36;96;3;2;35;7;1;2;0;3;313000;860000;286667;157
"YGKGXSGQOKLNTWGD6375";2025;4;1;1;1;43;"N";36;156;1;2;70;4;3;0;0;0;0;420000;70000;0
"YGKGXSGQOKLNTWGD6375";2025;4;1;2;1;43;"N";36;156;9;2;46;5;1;3;1;2;-9;420000;70000;0
"YGKGXSGQOKLNTWGD6375";2025;4;1;3;1;43;"N";36;156;9;2;47;4;1;3;1;2;-9;420000;70000;0
"YGKGXSGQOKLNTWGD6375";2025;4;1;4;1;43;"N";36;156;3;1;47;4;1;3;2;2;-9;420000;70000;0
"YGKGXSGQOKLNTWGD6375";2025;4;1;5;1;43;"N";36;156;3;1;31;4;1;3;1;3;420000;420000;70000;255
"YGKGXSGQOKLNTWGD6375";2025;4;1;6;1;43;"N";36;156;3;2;37;5;1;2;0;3;-9;420000;70000;0
"EQEQXMRBHZOGQJXW0131";2025;4;1;1;1;43;"N";36;171;1;1;79;4;3;0;0;0;0;984000;196800;0
"EQEQXMRBHZOGQJXW0131";2025;4;1;2;1;43;"N";36;171;2;2;75;6;3;0;0;0;0;984000;196800;0
"EQEQXMRBHZOGQJXW0131";2025;4;1;3;1;43;"N";36;171;3;1;55;3;3;0;0;0;0;984000;196800;0
"EQEQXMRBHZOGQJXW0131";2025;4;1;4;1;43;"N";36;171;3;2;36;4;1;2;0;2;984000;984000;196800;280
"EQEQXMRBHZOGQJXW0131";2025;4;1;5;1;43;"N";36;171;3;2;47;6;1;2;0;3;-9;984000;196800;0
"OGMCESRYYIYVUKVP6996";2025;4;1;1;1;43;"N";36;180;1;1;33;3;2;0;0;0;0;0;0;0
"OGMCESRYYIYVUKVP6996";2025;4;1;2;1;43;"N";36;180;3;2;10;1;3;0;0;0;0;0;0;0
"OGMCESRYYIYVUKVP6996";2025;4;1;3;1;43;"N";36;180;3;1;12;3;3;0;0;0;0;0;0;0
"ETNZVCGKUTBSRWIQ0261";2025;4;1;1;1;43;"N";36;119;1;2;39;3;3;0;0;0;0;0;0;0
"ETNZVCGKUTBSRWIQ0261";2025;4;1;2;1;43;"N";36;119;2;1;34;6;3;0;0;0;0;0;0;0
"ETNZVCGKUTBSRWIQ0261";2025;4;1;3;1;43;"N";36;119;3;1;14;3;3;0;0;0;0;0;0;0
"ETNZVCGKUTBSRWIQ0261";2025;4;1;4;1;43;"N";36;119;3;2;15;2;3;0;0;0;0;0;0;0
"CSJVELPVSXQDACQB5869";2025;4;1;1;1;43;"N";36;198;1;1;39;4;1;2;0;2;1229000;2343000;390500;324
"CSJVELPVSXQDACQB5869";2025;4;1;2;1;43;"N";36;198;2;2;43;4;1;3;1;3;1114000;2343000;390500;324
"CSJVELPVSXQDACQB5869";2025;4;1;3;1;43;"N";36;198;3;1;10;1;3;0;0;0;0;2343000;390500;0
"CSJVELPVSXQDACQB5869";2025;4;1;4;1;43;"N";36;198;3;2;15;2;3;0;0;0;0;2343000;390500;0
"CSJVELPVSXQDACQB5869";2025;4;1;5;1;43;"N";36;198;3;2;15;3;3;0;0;0;0;2343000;390500;0
"CSJVELPVSXQDACQB5869";2025;4;1;6;1;43;"N";36;198;3;1;17;3;3;0;0;0;0;2343000;390500;0
"YGFGLWZKIBLZSNTB6090";2025;4;1;1;1;43;"N";36;203;1;1;78;2;3;0;0;0;0;0;0;0
"YGFGLWZKIBLZSNTB6090";2025;4;1;2;1;43;"N";36;203;2;2;76;5;3;0;0;0;0;0;0;0
"WZDLPTSXCKVMBGMY0627";2025;4;1;1;1;43;"N";36;98;1;2;57;4;3;0;0;0;0;0;0;0
"WZDLPTSXCKVMBGMY0627";2025;4;1;2;1;43;"N";36;98;3;2;30;6;2;0;0;0;0;0;0;0
"LJVECQSXCEJNNUIW6826";2025;4;1;1;1;43;"N";36;133;1;1;23;4;3;0;0;0;0;0;0;0
"LJVECQSXCEJNNUIW6826";2025;4;1;2;1;43;"N";36;133;3;1;2;7;4;0;0;0;0;0;0;0
"LJVECQSXCEJNNUIW6826";2025;4;1;3;1;43;"N";36;133;3;1;2;7;4;0;0;0;0;0;0;0
"LJVECQSXCEJNNUIW6826";2025;4;1;4;1;43;"N";36;133;3;1;2;7;4;0;0;0;0;0;0;0
"LJVECQSXCEJNNUIW6826";2025;4;1;5;1;43;"N";36;133;3;1;3;7;4;0;0;0;0;0;0;0
"SWMJSXOIXDSAQMUZ9790";2025;4;1;1;1;43;"N";36;230;1;2;66;3;3;0;0;0;0;707000;176750;0
"SWMJSXOIXDSAQMUZ9790";2025;4;1;2;1;43;"N";36;230;2;1;67;6;1;3;2;2;-9;707000;176750;0
"SWMJSXOIXDSAQMUZ9790";2025;4;1;3;1;43;"N";36;230;3;2;42;5;1;2;0;2;707000;707000;176750;376
"SWMJSXOIXDSAQMUZ9790";2025;4;1;4;1;43;"N";36;230;3;1;40;3;3;0;0;0;0;707000;176750;0
"DYMMDUDHUUMALCNS3448";2025;4;1;1;1;43;"N";36;317;1;1;48;4;3;0;0;0;0;0;0;0
"PNAKCFXOFXVVBZTJ6354";2025;4;1;1;1;43;"N";36;107;1;2;49;4;1;3;1;2;1666000;1795000;299167;175
"PNAKCFXOFXVVBZTJ6354";2025;4;1;2;1;43;"N";36;107;2;1;52;1;3;0;0;0;0;1795000;299167;0
"PNAKCFXOFXVVBZTJ6354";2025;4;1;3;1;43;"N";36;107;5;1;22;2;1;2;0;2;-9;1795000;299167;0
"PNAKCFXOFXVVBZTJ6354";2025;4;1;4;1;43;"N";36;107;3;1;29;5;1;3;1;3;-9;1795000;299167;0
"PNAKCFXOFXVVBZTJ6354";2025;4;1;5;1;43;"N";36;107;3;2;27;3;1;3;1;2;129000;1795000;299167;175
"PNAKCFXOFXVVBZTJ6354";2025;4;1;6;1;43;"N";36;107;3;2;25;4;1;3;1;3;-9;1795000;299167;0
"OTFNRYJNHMLLJCCX0235";2025;4;1;1;1;43;"N";36;151;1;2;59;2;3;0;0;0;0;0;0;0
"VWLEPGTYFWPQFVIS1323";2025;4;1;1;1;43;"N";36;153;1;1;77;3;3;0;0;0;0;1179000;294750;0
"VWLEPGTYFWPQFVIS1323";2025;4;1;2;1;43;"N";36;153;2;2;74;4;3;0;0;0;0;1179000;294750;0
"VWLEPGTYFWPQFVIS1323";2025;4;1;3;1;43;"N";36;153;3;1;38;1;1;3;2;2;1179000;1179000;294750;250
"VWLEPGTYFWPQFVIS1323";2025;4;1;4;1;43;"N";36;153;3;2;32;4;1;3;1;1;-9;1179000;294750;0
"YBRVEUOEEJKATHFF4516";2025;4;1;1;1;43;"N";36;194;1;2;30;3;2;0;0;0;0;0;0;0
"YBRVEUOEEJKATHFF4516";2025;4;1;2;1;43;"N";36;194;2;1;32;3;1;2;0;2;-9;0;0;0
"YDRSKOKAAEOQPGUH3709";2025;4;1;1;1;43;"N";36;189;1;1;50;2;3;0;0;0;0;0;0;0
"VBGHOZTCEZZEFIBK6105";2025;4;1;1;1;43;"N";36;108;1;2;81;6;3;0;0;0;0;0;0;0
"GIMTBYWZCFLLCJPN0347";2025;4;1;1;1;43;"N";36;165;1;1;58;6;3;0;0;0;0;0;0;0
"GIMTBYWZCFLLCJPN0347";2025;4;1;2;1;43;"N";36;165;2;2;53;6;3;0;0;0;0;0;0;0
"GIMTBYWZCFLLCJPN0347";2025;4;1;3;1;43;"N";36;165;5;2;26;4;1;3;1;2;-9;0;0;0
"MLEEDFZXDCCFLHXH9368";2025;4;1;1;1;43;"N";36;339;1;2;48;3;1;2;0;3;-9;1352000;338000;0
"MLEEDFZXDCCFLHXH9368";2025;4;1;2;1;43;"N";36;339;3;1;25;5;1;3;1;2;1352000;1352000;338000;555
"MLEEDFZXDCCFLHXH9368";2025;4;1;3;1;43;"N";36;339;3;2;26;3;3;0;0;0;0;1352000;338000;0
"MLEEDFZXDCCFLHXH9368";2025;4;1;4;1;43;"N";36;339;3;2;19;5;3;0;0;0;0;1352000;338000;0
"USAMTENHZIAXRCBX7806";2025;4;1;1;1;43;"N";36;132;1;1;59;5;3;0;0;0;0;763000;381500;0
"USAMTENHZIAXRCBX7806";2025;4;1;2;1;43;"N";36;132;3;1;23;4;1;3;2;2;763000;763000;381500;216
"EQMAXUJMIWROBFIF0538";2025;4;1;1;1;43;"N";36;145;1;2;67;1;3;0;0;0;0;1068000;534000;0
"EQMAXUJMIWROBFIF0538";2025;4;1;2;1;43;"N";36;145;3;2;44;5;1;2;0;2;1068000;1068000;534000;237
"CITGYDGXCZNGJIGX8978";2025;4;1;1;1;43;"N";36;115;1;2;42;4;3;0;0;0;0;609000;121800;0
"CITGYDGXCZNGJIGX8978";2025;4;1;2;1;43;"N";36;115;2;1;42;2;1;3;2;2;-9;609000;121800;0
"CITGYDGXCZNGJIGX8978";2025;4;1;3;1;43;"N";36;115;3;2;16;3;3;0;0;0;0;609000;121800;0
"CITGYDGXCZNGJIGX8978";2025;4;1;4;1;43;"N";36;115;3;1;15;3;3;0;0;0;0;609000;121800;0
"CITGYDGXCZNGJIGX8978";2025;4;1;5;1;43;"N";36;115;3;1;21;5;1;3;1;2;609000;609000;121800;188
"TGGXDGWNMJFWKXPZ1602";2025;4;1;1;1;43;"N";36;91;1;2;53;6;1;3;1;3;507000;507000;253500;149
"TGGXDGWNMJFWKXPZ1602";2025;4;1;2;1;43;"N";36;91;2;1;53;2;1;2;0;2;-9;507000;253500;0
"KYTKDARYDJOMSTLX1013";2025;4;1;1;1;43;"N";36;168;1;1;60;4;1;3;2;2;1815000;7353000;1470600;275
"KYTKDARYDJOMSTLX1013";2025;4;1;2;1;43;"N";36;168;2;2;57;3;1;3;1;2;4539000;7353000;1470600;275
"KYTKDARYDJOMSTLX1013";2025;4;1;3;1;43;"N";36;168;3;1;39;5;3;0;0;0;0;7353000;1470600;0
"KYTKDARYDJOMSTLX1013";2025;4;1;4;1;43;"N";36;168;3;2;37;3;1;3;2;2;999000;7353000;1470600;275
"KYTKDARYDJOMSTLX1013";2025;4;1;5;1;43;"N";36;168;3;2;23;2;3;0;0;0;0;7353000;1470600;0
"KYTKDARYDJOMSTLX1013";2025;4;2;1;1;43;"N";36;161;1;2;64;5;1;3;1;2;-9;0;0;0
"KYTKDARYDJOMSTLX1013";2025;4;2;2;1;43;"N";36;161;2;1;67;6;3;0;0;0;0;0;0;0
"ORCBEXXPDWTCHDRL3507";2025;4;1;1;1;43;"N";36;230;1;1;26;6;1;2;0;2;1115000;1115000;1115000;376
"GUWCMPHNHTWMNQML7565";2025;4;1;1;1;43;"N";36;51;1;1;74;1;3;0;0;0;0;0;0;0
"GUWCMPHNHTWMNQML7565";2025;4;1;2;1;43;"N";36;51;2;2;69;5;3;0;0;0;0;0;0;0
"QWVOIQRJWOAJGAEH9595";2025;4;1;1;1;43;"N";36;200;1;1;70;6;3;0;0;0;0;0;0;0
"NTPEHZSXMTMCXYPX9499";2025;4;1;1;1;43;"N";36;339;1;2;28;6;1;2;0;2;-9;0;0;0
"NTPEHZSXMTMCXYPX9499";2025;4;1;2;1;43;"N";36;339;3;2;6;1;4;0;0;0;0;0;0;0
"GBYZMBFOHGARCKVD6628";2025;4;1;1;1;43;"N";36;93;1;2;37;2;1;2;0;3;513000;1375000;687500;152
"GBYZMBFOHGARCKVD6628";2025;4;1;2;1;43;"N";36;93;2;1;34;2;1;3;1;4;862000;1375000;687500;152
"CBIUOZTHKBCDMKHA8670";2025;4;1;1;1;43;"N";36;153;1;2;29;4;3;0;0;0;0;0;0;0
"CBIUOZTHKBCDMKHA8670";2025;4;1;2;1;43;"N";36;153;2;1;25;5;3;0;0;0;0;0;0;0
"HGITYECIPCLNRNLD8987";2025;4;1;1;1;43;"N";36;66;1;1;75;5;1;2;0;3;1190000;1679000;559667;108
"HGITYECIPCLNRNLD8987";2025;4;1;2;1;43;"N";36;66;2;2;76;4;1;3;1;3;489000;1679000;559667;108
"HGITYECIPCLNRNLD8987";2025;4;1;3;1;43;"N";36;66;3;1;51;5;1;3;2;1;-9;1679000;559667;0
"NDFCMXMFIARZHIBA7570";2025;4;1;1;1;43;"N";36;132;1;1;25;2;1;2;0;3;1410000;1410000;1410000;216
"EMXDNPYJIKCEGTOP6200";2025;4;1;1;1;43;"N";36;207;1;1;42;5;2;0;0;0;0;366000;91500;0
"EMXDNPYJIKCEGTOP6200";2025;4;1;2;1;43;"N";36;207;2;2;42;5;3;0;0;0;0;366000;91500;0
"EMXDNPYJIKCEGTOP6200";2025;4;1;3;1;43;"N";36;207;3;2;18;4;1;4;0;2;0;366000;91500;339
"EMXDNPYJIKCEGTOP6200";2025;4;1;4;1;43;"N";36;207;3;1;19;5;1;3;2;2;366000;366000;91500;339
"UXHQEEHVHXXBZKUA8568";2025;4;1;1;1;43;"N";36;124;1;1;62;4;3;0;0;0;0;0;0;0
"IIACECEDSRWJRPDH8668";2025;4;1;1;1;43;"N";36;96;1;1;51;1;1;3;1;2;199000;199000;199000;157
"OFEDEEXBYVFJDFEG0413";2025;4;1;1;1;43;"N";36;128;1;1;74;6;3;0;0;0;0;2303000;460600;0
"OFEDEEXBYVFJDFEG0413";2025;4;1;2;1;43;"N";36;128;2;2;78;3;1;3;2;2;1644000;2303000;460600;209
"OFEDEEXBYVFJDFEG0413";2025;4;1;3;1;43;"N";36;128;5;1;33;4;1;3;1;2;277000;2303000;460600;209
"OFEDEEXBYVFJDFEG0413";2025;4;1;4;1;43;"N";36;128;3;1;51;4;3;0;0;0;0;2303000;460600;0
"OFEDEEXBYVFJDFEG0413";2025;4;1;5;1;43;"N";36;128;3;2;34;1;1;3;2;3;382000;2303000;460600;209
"HIPGPXJEKDBMSEPB2592";2025;4;1;1;1;43;"N";36;119;1;2;80;4;1;2;0;2;490000;490000;122500;195
"HIPGPXJEKDBMSEPB2592";2025;4;1;2;1;43;"N";36;119;2;1;77;3;3;0;0;0;0;490000;122500;0
"HIPGPXJEKDBMSEPB2592";2025;4;1;3;1;43;"N";36;119;9;1;50;5;1;3;2;2;-9;490000;122500;0
"HIPGPXJEKDBMSEPB2592";2025;4;1;4;1;43;"N";36;119;3;1;54;4;3;0;0;0;0;490000;122500;0
"QESZCMKGAKALDAUZ7184";2025;4;1;1;1;43;"N";36;186;1;1;56;6;1;3;2;3;486000;1834000;611333;304
"QESZCMKGAKALDAUZ7184";2025;4;1;2;1;43;"N";36;186;2;2;56;1;1;3;2;2;446000;1834000;611333;304
"QESZCMKGAKALDAUZ7184";2025;4;1;3;1;43;"N";36;186;3;2;31;5;1;3;1;3;902000;1834000;611333;304
"CDVNTUVRAASPPNSP3262";2025;4;1;1;1;43;"N";36;126;1;2;37;3;3;0;0;0;0;0;0;0
"EVRUWRQCFUMNVZQY1375";2025;4;1;1;1;43;"N";36;154;1;2;77;4;3;0;0;0;0;312000;62400;0
"EVRUWRQCFUMNVZQY1375";2025;4;1;2;1;43;"N";36;154;2;1;75;6;3;0;0;0;0;312000;62400;0
"EVRUWRQCFUMNVZQY1375";2025;4;1;3;1;43;"N";36;154;3;2;36;2;2;0;0;0;0;312000;62400;0
"EVRUWRQCFUMNVZQY1375";2025;4;1;4;1;43;"N";36;154;9;1;39;2;1;3;2;2;312000;312000;62400;252
"EVRUWRQCFUMNVZQY1375";2025;4;1;5;1;43;"N";36;154;9;2;50;6;2;0;0;0;0;312000;62400;0
"BTJQAQPHBWLYDPCF6033";2025;4;1;1;1;43;"N";36;182;1;2;30;4;2;0;0;0;0;2021000;1010500;0
"BTJQAQPHBWLYDPCF6033";2025;4;1;2;1;43;"N";36;182;2;1;28;4;1;3;2;3;2021000;2021000;1010500;298
"RWOUSMBIVRGMTFAB8053";2025;4;1;1;1;43;"N";36;113;1;1;66;3;3;0;0;0;0;238000;47600;0
"RWOUSMBIVRGMTFAB8053";2025;4;1;2;1;43;"N";36;113;2;2;61;5;1;2;0;2;-9;238000;47600;0
"RWOUSMBIVRGMTFAB8053";2025;4;1;3;1;43;"N";36;113;3;2;44;4;3;0;0;0;0;238000;47600;0
"RWOUSMBIVRGMTFAB8053";2025;4;1;4;1;43;"N";36;113;3;1;46;7;1;3;1;2;238000;238000;47600;185
"RWOUSMBIVRGMTFAB8053";2025;4;1;5;1;43;"N";36;113;3;2;25;3;1;3;1;2;-9;238000;47600;0
"UHFYFUEBUMUMFZIU8806";2025;4;1;1;1;43;"N";38;49;1;1;56;2;3;0;0;0;0;945000;236250;0
"UHFYFUEBUMUMFZIU8806";2025;4;1;2;1;43;"N";38;49;2;2;52;5;1;2;0;3;-9;945000;236250;0
"UHFYFUEBUMUMFZIU8806";2025;4;1;3;1;43;"N";38;49;3;1;23;5;1;3;1;3;945000;945000;236250;52
"UHFYFUEBUMUMFZIU8806";2025;4;1;4;1;43;"N";38;49;3;2;21;5;3;0;0;0;0;945000;236250;0
"EVQSDJAGQXQVOIDQ1773";2025;4;1;1;1;43;"N";38;125;1;1;28;6;1;3;1;3;152000;684000;171000;133
"EVQSDJAGQXQVOIDQ1773";2025;4;1;2;1;43;"N";38;125;2;2;23;4;1;3;2;2;532000;684000;171000;133
"EVQSDJAGQXQVOIDQ1773";2025;4;1;3;1;43;"N";38;125;3;2;7;1;4;0;0;0;0;684000;171000;0
"EVQSDJAGQXQVOIDQ1773";2025;4;1;4;1;43;"N";38;125;3;1;6;1;4;0;0;0;0;684000;171000;0
"MGMUXSXVKQIDFGJA3833";2025;4;1;1;1;43;"N";38;164;1;1;25;3;1;2;0;3;143000;143000;71500;175
"MGMUXSXVKQIDFGJA3833";2025;4;1;2;1;43;"N";38;164;2;2;29;3;3;0;0;0;0;143000;71500;0
"XDZJKUEPPRMJIIJS7468";2025;4;1;1;1;43;"N";38;155;1;2;68;4;3;0;0;0;0;146000;36500;0
"XDZJKUEPPRMJIIJS7468";2025;4;1;2;1;43;"N";38;155;2;1;64;2;3;0;0;0;0;146000;36500;0
"XDZJKUEPPRMJIIJS7468";2025;4;1;3;1;43;"N";38;155;3;2;31;2;1;3;1;2;146000;146000;36500;165
"XDZJKUEPPRMJIIJS7468";2025;4;1;4;1;43;"N";38;155;3;2;48;5;3;0;0;0;0;146000;36500;0
"ZFCTOZCBSMRUMCLM3190";2025;4;1;1;1;43;"N";38;82;1;1;27;4;1;3;2;2;418000;418000;418000;87
"ACKPKQTXFBILGSHF8590";2025;4;1;1;1;43;"N";38;155;1;2;60;3;3;0;0;0;0;0;0;0
"XBPUOPFVJFLZETPP4217";2025;4;1;1;1;43;"N";38;244;1;2;76;3;3;0;0;0;0;2583000;516600;0
"XBPUOPFVJFLZETPP4217";2025;4;1;2;1;43;"N";38;244;2;1;71;5;3;0;0;0;0;2583000;516600;0
"XBPUOPFVJFLZETPP4217";2025;4;1;3;1;43;"N";38;244;3;2;46;6;1;3;1;2;803000;2583000;516600;260
"XBPUOPFVJFLZETPP4217";2025;4;1;4;1;43;"N";38;244;3;1;49;4;1;2;0;2;106000;2583000;516600;260
"XBPUOPFVJFLZETPP4217";2025;4;1;5;1;43;"N";38;244;3;2;55;4;1;3;1;1;1674000;2583000;516600;260
"OWNZOYAKUSPNMSYE2700";2025;4;1;1;1;43;"N";38;161;1;2;41;2;1;3;2;3;138000;138000;69000;172
"OWNZOYAKUSPNMSYE2700";2025;4;1;2;1;43;"N";38;161;2;1;47;3;3;0;0;0;0;138000;69000;0
"CXSRTNBFMYLRKTWG9602";2025;4;1;1;1;43;"N";38;211;1;1;28;4;1;3;2;2;184000;184000;46000;225
"CXSRTNBFMYLRKTWG9602";2025;4;1;2;1;43;"N";38;211;2;2;28;5;3;0;0;0;0;184000;46000;0
"CXSRTNBFMYLRKTWG9602";2025;4;1;3;1;43;"N";38;211;3;1;6;1;4;0;0;0;0;184000;46000;0
"CXSRTNBFMYLRKTWG9602";2025;4;1;4;1;43;"N";38;211;3;1;4;7;4;0;0;0;0;184000;46000;0
"MYFVGDVSRRIJRJQN5969";2025;4;1;1;1;43;"N";38;121;1;1;31;4;2;0;0;0;0;0;0;0
"HQYYUWBGEREEPLHX6735";2025;4;1;1;1;43;"N";38;189;1;2;52;3;3;0;0;0;0;1427000;237833;0
"HQYYUWBGEREEPLHX6735";2025;4;1;2;1;43;"N";38;189;2;1;53;6;1;3;2;2;-9;1427000;237833;0
"HQYYUWBGEREEPLHX6735";2025;4;1;3;1;43;"N";38;189;3;2;30;6;3;0;0;0;0;1427000;237833;0
"HQYYUWBGEREEPLHX6735";2025;4;1;4;1;43;"N";38;189;3;2;23;4;3;0;0;0;0;1427000;237833;0
"HQYYUWBGEREEPLHX6735";2025;4;1;5;1;43;"N";38;189;3;1;24;3;1;3;1;2;1427000;1427000;237833;201
"HQYYUWBGEREEPLHX6735";2025;4;1;6;1;43;"N";38;189;3;1;21;4;3;0;0;0;0;1427000;237833;0
"BJOHBHPWAGSNYQCS3131";2025;4;1;1;1;43;"N";38;166;1;2;38;3;2;0;0;0;0;1310000;218333;0
"BJOHBHPWAGSNYQCS3131";2025;4;1;2;1;43;"N";38;166;2;1;36;5;3;0;0;0;0;1310000;218333;0
"BJOHBHPWAGSNYQCS3131";2025;4;1;3;1;43;"N";38;166;3;1;13;2;3;0;0;0;0;1310000;218333;0
"BJOHBHPWAGSNYQCS3131";2025;4;1;4;1;43;"N";38;166;3;2;15;2;3;0;0;0;0;1310000;218333;0
"BJOHBHPWAGSNYQCS3131";2025;4;1;5;1;43;"N";38;166;3;2;18;4;1;2;0;2;1310000;1310000;218333;177
"BJOHBHPWAGSNYQCS3131";2025;4;1;6;1;43;"N";38;166;3;2;13;2;3;0;0;0;0;1310000;218333;0
"IWELJSTOJJAXAYPY8435";2025;4;1;1;1;43;"N";38;174;1;2;29;1;3;0;0;0;0;0;0;0
"IWELJSTOJJAXAYPY8435";2025;4;1;2;1;43;"N";38;174;3;2;7;1;4;0;0;0;0;0;0;0
"IWELJSTOJJAXAYPY8435";2025;4;1;3;1;43;"N";38;174;9;2;7;1;4;0;0;0;0;0;0;0
"TBZPRNOOIOIRHQQR0341";2025;4;1;1;1;43;"N";38;174;1;1;56;1;1;3;1;1;145000;340000;85000;185
"TBZPRNOOIOIRHQQR0341";2025;4;1;2;1;43;"N";38;174;3;1;25;2;1;3;1;3;44000;340000;85000;185
"TBZPRNOOIOIRHQQR0341";2025;4;1;3;1;43;"N";38;174;3;2;34;3;3;0;0;0;0;340000;85000;0
"TBZPRNOOIOIRHQQR0341";2025;4;1;4;1;43;"N";38;174;9;2;29;3;1;1;0;2;151000;340000;85000;185
"VTCVIJOQPIAFZMHJ1544";2025;4;1;1;1;43;"N";38;46;1;1;66;5;3;0;0;0;0;939000;187800;0
"VTCVIJOQPIAFZMHJ1544";2025;4;1;2;1;43;"N";38;46;3;2;39;4;1;3;1;3;191000;939000;187800;49
"VTCVIJOQPIAFZMHJ1544";2025;4;1;3;1;43;"N";38;46;3;1;44;6;1;2;0;2;748000;939000;187800;49
"VTCVIJOQPIAFZMHJ1544";2025;4;1;4;1;43;"N";38;46;3;1;45;6;3;0;0;0;0;939000;187800;0
"VTCVIJOQPIAFZMHJ1544";2025;4;1;5;1;43;"N";38;46;3;2;39;5;3;0;0;0;0;939000;187800;0
"ENUGPMWBXFICGHNV6805";2025;4;1;1;1;43;"N";38;287;1;2;45;3;1;3;1;2;792000;792000;396000;306
"ENUGPMWBXFICGHNV6805";2025;4;1;2;1;43;"N";38;287;2;1;46;2;1;3;2;2;0;792000;396000;306
"IJKOMUAZUEXUILQA6803";2025;4;1;1;1;43;"N";38;127;1;1;78;4;1;3;1;2;1441000;1441000;720500;135
"IJKOMUAZUEXUILQA6803";2025;4;1;2;1;43;"N";38;127;2;2;82;4;3;0;0;0;0;1441000;720500;0
"THWTBCYCPDNUINGU4234";2025;4;1;1;1;43;"N";38;81;1;2;48;3;3;0;0;0;0;883000;220750;0
"THWTBCYCPDNUINGU4234";2025;4;1;2;1;43;"N";38;81;2;1;51;3;3;0;0;0;0;883000;220750;0
"THWTBCYCPDNUINGU4234";2025;4;1;3;1;43;"N";38;81;3;2;21;3;1;3;2;2;258000;883000;220750;86
"THWTBCYCPDNUINGU4234";2025;4;1;4;1;43;"N";38;81;3;2;20;5;1;3;1;2;625000;883000;220750;86
"LLRKEFIRHTRNTEPZ0331";2025;4;1;1;1;43;"N";38;182;1;1;52;4;1;3;1;3;1021000;1790000;596667;194
"LLRKEFIRHTRNTEPZ0331";2025;4;1;2;1;43;"N";38;182;2;2;50;4;1;2;0;3;135000;1790000;596667;194
"LLRKEFIRHTRNTEPZ0331";2025;4;1;3;1;43;"N";38;182;3;1;28;2;1;2;0;3;634000;1790000;596667;194
"CKPPPZAZZUVWNEIX7884";2025;4;1;1;1;43;"N";38;132;1;1;47;6;1;3;1;2;867000;2031000;406200;141
"CKPPPZAZZUVWNEIX7884";2025;4;1;2;1;43;"N";38;132;3;1;18;4;1;2;0;2;1164000;2031000;406200;141
"CKPPPZAZZUVWNEIX7884";2025;4;1;3;1;43;"N";38;132;3;2;16;1;3;0;0;0;0;2031000;406200;0
"CKPPPZAZZUVWNEIX7884";2025;4;1;4;1;43;"N";38;132;3;2;22;4;3;0;0;0;0;2031000;406200;0
"CKPPPZAZZUVWNEIX7884";2025;4;1;5;1;43;"N";38;132;3;1;17;2;3;0;0;0;0;2031000;406200;0
"REICXCPHEPHNVTNH7362";2025;4;1;1;1;43;"N";38;195;1;1;43;5;1;3;2;2;189000;189000;47250;208
"REICXCPHEPHNVTNH7362";2025;4;1;2;1;43;"N";38;195;2;2;43;1;3;0;0;0;0;189000;47250;0
"REICXCPHEPHNVTNH7362";2025;4;1;3;1;43;"N";38;195;3;2;15;2;3;0;0;0;0;189000;47250;0
"REICXCPHEPHNVTNH7362";2025;4;1;4;1;43;"N";38;195;3;1;18;3;3;0;0;0;0;189000;47250;0
"OTPZSYNZPQYMJOXQ4000";2025;4;1;1;1;43;"N";38;176;1;2;39;4;1;3;1;2;1277000;2205000;735000;188
"OTPZSYNZPQYMJOXQ4000";2025;4;1;2;1;43;"N";38;176;2;1;37;1;1;2;0;2;928000;2205000;735000;188
"OTPZSYNZPQYMJOXQ4000";2025;4;1;3;1;43;"N";38;176;3;1;11;1;3;0;0;0;0;2205000;735000;0
"XZWGXACVUXDXJDEP6453";2025;4;1;1;1;43;"N";38;197;1;1;48;4;1;1;0;2;1805000;2184000;728000;210
"XZWGXACVUXDXJDEP6453";2025;4;1;2;1;43;"N";38;197;2;2;53;5;3;0;0;0;0;2184000;728000;0
"XZWGXACVUXDXJDEP6453";2025;4;1;3;1;43;"N";38;197;3;2;27;1;1;2;0;3;379000;2184000;728000;210
"WSDQOTTMFBGNAKOK9967";2025;4;1;1;1;43;"N";38;127;1;1;55;3;3;0;0;0;0;0;0;0
"TGITNQVOWYXWRLNL0521";2025;4;1;1;1;43;"N";38;77;1;1;27;6;1;3;1;3;347000;586000;293000;82
"TGITNQVOWYXWRLNL0521";2025;4;1;2;1;43;"N";38;77;2;2;30;1;1;3;1;2;239000;586000;293000;82
"HBAOVFUSSUCLIBIR6454";2025;4;1;1;1;43;"N";38;153;1;1;81;4;3;0;0;0;0;0;0;0
"HBAOVFUSSUCLIBIR6454";2025;4;1;2;1;43;"N";38;153;2;2;82;3;3;0;0;0;0;0;0;0
"RBYFCDIMOHAKNOPD6655";2025;4;1;1;1;43;"N";38;164;1;2;77;2;3;0;0;0;0;0;0;0
"VTHSMPACLDXUQFWW3059";2025;4;1;1;1;43;"N";38;147;1;2;43;2;1;3;2;2;200000;588000;196000;157
"VTHSMPACLDXUQFWW3059";2025;4;1;2;1;43;"N";38;147;2;1;46;2;1;3;2;2;388000;588000;196000;157
"VTHSMPACLDXUQFWW3059";2025;4;1;3;1;43;"N";38;147;3;1;16;3;3;0;0;0;0;588000;196000;0
"UGFQAJGOBUGSVEHD3221";2025;4;1;1;1;43;"N";38;287;1;1;74;3;3;0;0;0;0;0;0;0
"UGFQAJGOBUGSVEHD3221";2025;4;2;1;1;43;"N";38;106;1;2;29;5;1;3;2;3;184000;184000;61333;113
"UGFQAJGOBUGSVEHD3221";2025;4;2;2;1;43;"N";38;106;2;1;23;4;3;0;0;0;0;184000;61333;0
"UGFQAJGOBUGSVEHD3221";2025;4;2;3;1;43;"N";38;106;3;2;9;1;4;0;0;0;0;184000;61333;0
"WEALCRGQUWKSLWFI2901";2025;4;1;1;1;43;"N";38;108;1;2;61;6;3;0;0;0;0;0;0;0
"WEALCRGQUWKSLWFI2901";2025;4;1;2;1;43;"N";38;108;2;1;57;5;3;0;0;0;0;0;0;0
"WEALCRGQUWKSLWFI2901";2025;4;1;3;1;43;"N";38;108;3;2;35;6;1;2;0;3;-9;0;0;0
"KRNRGKVPVRCQJSQI4980";2025;4;1;1;1;43;"N";38;75;1;1;55;3;1;2;0;2;393000;393000;393000;80
"BCARDNNSJIACYKPJ0108";2025;4;1;1;1;43;"N";38;244;1;2;29;2;3;0;0;0;0;0;0;0
"JMHVHCIYKVKVPSMY9482";2025;4;1;1;1;43;"N";38;107;1;1;54;4;1;3;1;3;628000;1570000;523333;114
"JMHVHCIYKVKVPSMY9482";2025;4;1;2;1;43;"N";38;107;2;2;52;4;1;3;1;2;447000;1570000;523333;114
"JMHVHCIYKVKVPSMY9482";2025;4;1;3;1;43;"N";38;107;3;1;24;5;1;3;1;3;495000;1570000;523333;114
"IDDKAAAWGVIVIFNI5492";2025;4;1;1;1;43;"N";38;197;1;1;31;6;1;3;1;2;-9;616000;102667;0
"IDDKAAAWGVIVIFNI5492";2025;4;1;2;1;43;"N";38;197;2;2;34;4;1;3;2;2;616000;616000;102667;210
"IDDKAAAWGVIVIFNI5492";2025;4;1;3;1;43;"N";38;197;5;2;7;1;4;0;0;0;0;616000;102667;0
"IDDKAAAWGVIVIFNI5492";2025;4;1;4;1;43;"N";38;197;3;2;11;1;3;0;0;0;0;616000;102667;0
"IDDKAAAWGVIVIFNI5492";2025;4;1;5;1;43;"N";38;197;3;2;10;1;3;0;0;0;0;616000;102667;0
"IDDKAAAWGVIVIFNI5492";2025;4;1;6;1;43;"N";38;197;3;2;9;1;4;0;0;0;0;616000;102667;0
"ZRYCNOZRMATAJWYC4597";2025;4;1;1;1;43;"N";38;85;1;2;63;3;3;0;0;0;0;0;0;0
"LKJMIWROXIQXCNUZ1919";2025;4;1;1;1;43;"N";38;185;1;1;38;3;1;2;0;1;400000;400000;400000;197
"ZMAWILSPZAKEIWKW9555";2025;4;1;1;1;43;"N";38;148;1;2;57;4;3;0;0;0;0;504000;252000;0
"ZMAWILSPZAKEIWKW9555";2025;4;1;2;1;43;"N";38;148;2;1;55;4;1;3;1;2;504000;504000;252000;158
"IQXEMUNRXNVLIKOH0828";2025;4;1;1;1;43;"N";38;264;1;1;54;1;1;3;2;1;265000;2095000;419000;281
"IQXEMUNRXNVLIKOH0828";2025;4;1;2;1;43;"N";38;264;5;1;24;4;3;0;0;0;0;2095000;419000;0
"IQXEMUNRXNVLIKOH0828";2025;4;1;3;1;43;"N";38;264;3;2;28;6;2;0;0;0;0;2095000;419000;0
"IQXEMUNRXNVLIKOH0828";2025;4;1;4;1;43;"N";38;264;3;1;18;2;1;1;0;3;794000;2095000;419000;281
"IQXEMUNRXNVLIKOH0828";2025;4;1;5;1;43;"N";38;264;3;2;22;5;1;3;2;1;1036000;2095000;419000;281
"GQETTLCETVAFLIJU7513";2025;4;1;1;1;43;"N";38;102;1;2;59;5;3;0;0;0;0;0;0;0
"GQETTLCETVAFLIJU7513";2025;4;1;2;1;43;"N";38;102;2;1;60;6;3;0;0;0;0;0;0;0
"GQETTLCETVAFLIJU7513";2025;4;1;3;1;43;"N";38;102;3;1;25;5;3;0;0;0;0;0;0;0
"EXWCJPOJBOLLSJBU3545";2025;4;1;1;1;43;"N";38;179;1;1;55;6;1;2;0;2;121000;121000;121000;191
"IVWNCQMMDDOPSSFB6776";2025;4;1;1;1;43;"N";38;201;1;1;63;5;1;3;2;2;750000;750000;375000;214
"IVWNCQMMDDOPSSFB6776";2025;4;1;2;1;43;"N";38;201;2;2;65;3;3;0;0;0;0;750000;375000;0
"DWXLGCRQSJJMDYYK6713";2025;4;1;1;1;43;"N";38;77;1;1;77;2;3;0;0;0;0;4573000;1143250;0
"DWXLGCRQSJJMDYYK6713";2025;4;1;2;1;43;"N";38;77;3;2;41;5;1;3;1;2;2537000;4573000;1143250;82
"DWXLGCRQSJJMDYYK6713";2025;4;1;3;1;43;"N";38;77;3;1;53;4;1;3;1;2;1308000;4573000;1143250;82
"DWXLGCRQSJJMDYYK6713";2025;4;1;4;1;43;"N";38;77;3;2;48;6;1;3;1;1;728000;4573000;1143250;82
"QLHQFQACNBTZCMOJ6043";2025;4;1;1;1;43;"N";38;152;1;2;39;6;1;2;0;3;125000;125000;62500;162
"QLHQFQACNBTZCMOJ6043";2025;4;1;2;1;43;"N";38;152;2;1;42;2;3;0;0;0;0;125000;62500;0
"HQDFNICHEVOHPQVW7169";2025;4;1;1;1;43;"N";38;133;1;1;39;2;1;3;2;3;1533000;1533000;255500;142
"HQDFNICHEVOHPQVW7169";2025;4;1;2;1;43;"N";38;133;3;2;14;3;3;0;0;0;0;1533000;255500;0
"HQDFNICHEVOHPQVW7169";2025;4;1;3;1;43;"N";38;133;3;1;14;3;3;0;0;0;0;1533000;255500;0
"HQDFNICHEVOHPQVW7169";2025;4;1;4;1;43;"N";38;133;3;2;13;2;3;0;0;0;0;1533000;255500;0
"HQDFNICHEVOHPQVW7169";2025;4;1;5;1;43;"N";38;133;3;1;12;3;3;0;0;0;0;1533000;255500;0
"HQDFNICHEVOHPQVW7169";2025;4;1;6;1;43;"N";38;133;3;1;13;3;3;0;0;0;0;1533000;255500;0
"XYQCXNCVZNFIBQBA6619";2025;4;1;1;1;43;"N";38;86;1;1;80;1;3;0;0;0;0;4046000;674333;0
"XYQCXNCVZNFIBQBA6619";2025;4;1;2;1;43;"N";38;86;2;2;79;4;3;0;0;0;0;4046000;674333;0
"XYQCXNCVZNFIBQBA6619";2025;4;1;3;1;43;"N";38;86;3;2;46;3;1;3;1;2;-9;4046000;674333;0
"XYQCXNCVZNFIBQBA6619";2025;4;1;4;1;43;"N";38;86;3;2;55;2;1;3;1;2;257000;4046000;674333;92
"XYQCXNCVZNFIBQBA6619";2025;4;1;5;1;43;"N";38;86;3;2;56;4;1;3;1;1;1902000;4046000;674333;92
"XYQCXNCVZNFIBQBA6619";2025;4;1;6;1;43;"N";38;86;3;1;54;6;1;3;1;1;1887000;4046000;674333;92
"MLMSVEEMOELPSCWI0737";2025;4;1;1;1;43;"N";38;101;1;1;76;3;1;3;2;2;1096000;1355000;338750;108
"MLMSVEEMOELPSCWI0737";2025;4;1;2;1;43;"N";38;101;2;2;72;4;3;0;0;0;0;1355000;338750;0
"MLMSVEEMOELPSCWI0737";2025;4;1;3;1;43;"N";38;101;3;2;43;4;1;3;1;2;259000;1355000;338750;108
"MLMSVEEMOELPSCWI0737";2025;4;1;4;1;43;"N";38;101;3;2;54;6;3;0;0;0;0;1355000;338750;0
"SSNDOKSZWEFHCODF6887";2025;4;1;1;1;43;"N";38;190;1;1;77;3;3;0;0;0;0;661000;132200;0
"SSNDOKSZWEFHCODF6887";2025;4;1;2;1;43;"N";38;190;2;2;77;6;3;0;0;0;0;661000;132200;0
"SSNDOKSZWEFHCODF6887";2025;4;1;3;1;43;"N";38;190;3;2;41;6;1;3;1;2;372000;661000;132200;203
"SSNDOKSZWEFHCODF6887";2025;4;1;4;1;43;"N";38;190;3;1;39;4;1;3;1;2;289000;661000;132200;203
"SSNDOKSZWEFHCODF6887";2025;4;1;5;1;43;"N";38;190;3;2;34;5;3;0;0;0;0;661000;132200;0
"FXLVHGJTTHWZTXSS3311";2025;4;1;1;1;43;"N";38;86;1;1;52;3;3;0;0;0;0;0;0;0
"FXLVHGJTTHWZTXSS3311";2025;4;1;2;1;43;"N";38;86;9;2;19;4;1;3;2;3;-9;0;0;0
"TPESVINHSDJWTECX2748";2025;4;1;1;1;43;"N";38;228;1;1;55;5;1;3;1;3;2636000;2636000;1318000;243
"TPESVINHSDJWTECX2748";2025;4;1;2;1;43;"N";38;228;2;2;60;6;3;0;0;0;0;2636000;1318000;0
"SKPAWJEBRJAIZHWH4238";2025;4;1;1;1;43;"N";38;390;1;2;53;4;2;0;0;0;0;3489000;872250;0
"SKPAWJEBRJAIZHWH4238";2025;4;1;2;1;43;"N";38;390;2;1;50;4;1;3;2;1;2847000;3489000;872250;416
"SKPAWJEBRJAIZHWH4238";2025;4;1;3;1;43;"N";38;390;3;2;27;6;1;3;1;2;642000;3489000;872250;416
"SKPAWJEBRJAIZHWH4238";2025;4;1;4;1;43;"N";38;390;3;2;24;4;2;0;0;0;0;3489000;872250;0
"CREFVYRMYNHDADED0687";2025;4;1;1;1;43;"N";38;61;1;1;65;4;1;2;0;2;758000;758000;379000;65
"CREFVYRMYNHDADED0687";2025;4;1;2;1;43;"N";38;61;3;2;33;2;3;0;0;0;0;758000;379000;0
"CHULBRDGFPJTNMTA9687";2025;4;1;1;1;43;"N";38;187;1;2;77;2;3;0;0;0;0;983000;327667;0
"CHULBRDGFPJTNMTA9687";2025;4;1;2;1;43;"N";38;187;9;1;49;7;1;2;0;2;533000;983000;327667;199
"CHULBRDGFPJTNMTA9687";2025;4;1;3;1;43;"N";38;187;3;1;46;4;1;3;1;1;450000;983000;327667;199
"MVEGMDKHZFBFPQCM6993";2025;4;1;1;1;44;"N";91;75;1;2;27;6;1;2;0;2;-9;0;0;0
"MVEGMDKHZFBFPQCM6993";2025;4;1;2;1;44;"N";91;75;2;1;32;5;3;0;0;0;0;0;0;0
"LDOEWYDUSOBUTBSF5839";2025;4;1;1;1;44;"N";91;212;1;2;40;5;1;3;2;2;-9;0;0;0
"WRSWSURUUADBZXGX1988";2025;4;1;1;1;44;"N";91;118;1;1;46;3;3;0;0;0;0;0;0;0
"WRSWSURUUADBZXGX1988";2025;4;1;2;1;44;"N";91;118;2;2;43;2;3;0;0;0;0;0;0;0
"EPGQCRKFQRTMQLFZ5417";2025;4;1;1;1;44;"N";91;91;1;2;45;3;3;0;0;0;0;0;0;0
"EPGQCRKFQRTMQLFZ5417";2025;4;1;2;1;44;"N";91;91;5;2;24;4;3;0;0;0;0;0;0;0
"EPGQCRKFQRTMQLFZ5417";2025;4;1;3;1;44;"N";91;91;3;1;22;4;3;0;0;0;0;0;0;0
"XJLTMUBHYVVANZWI7152";2025;4;1;1;1;44;"N";91;172;1;2;33;4;3;0;0;0;0;420000;140000;0
"XJLTMUBHYVVANZWI7152";2025;4;1;2;1;44;"N";91;172;2;1;30;1;1;3;2;3;420000;420000;140000;199
"XJLTMUBHYVVANZWI7152";2025;4;1;3;1;44;"N";91;172;3;1;10;2;3;0;0;0;0;420000;140000;0
"NSCAGGDEMUGFMWRG5644";2025;4;1;1;1;44;"N";91;301;1;1;27;3;1;3;1;3;1553000;1553000;517667;348
"NSCAGGDEMUGFMWRG5644";2025;4;1;2;1;44;"N";91;301;5;2;5;1;4;0;0;0;0;1553000;517667;0
"NSCAGGDEMUGFMWRG5644";2025;4;1;3;1;44;"N";91;301;3;2;6;1;4;0;0;0;0;1553000;517667;0
"EAQVSPKRCLBHWQIW2987";2025;4;1;1;1;44;"N";91;301;1;1;64;6;3;0;0;0;0;0;0;0
"EAQVSPKRCLBHWQIW2987";2025;4;1;2;1;44;"N";91;301;3;2;38;6;3;0;0;0;0;0;0;0
"BGSRMJFBSEKUEYNX1921";2025;4;1;1;1;44;"N";91;105;1;1;36;3;2;0;0;0;0;0;0;0
"BGSRMJFBSEKUEYNX1921";2025;4;1;2;1;44;"N";91;105;3;2;9;1;4;0;0;0;0;0;0;0
"BGSRMJFBSEKUEYNX1921";2025;4;1;3;1;44;"N";91;105;3;2;14;3;3;0;0;0;0;0;0;0
"BGSRMJFBSEKUEYNX1921";2025;4;1;4;1;44;"N";91;105;3;2;16;2;3;0;0;0;0;0;0;0
"BGSRMJFBSEKUEYNX1921";2025;4;1;5;1;44;"N";91;105;3;2;11;1;3;0;0;0;0;0;0;0
"BGSRMJFBSEKUEYNX1921";2025;4;1;6;1;44;"N";91;105;3;1;12;3;3;0;0;0;0;0;0;0
"OFBSUOUASCBFJHUF3565";2025;4;1;1;1;44;"N";91;118;1;2;26;2;1;3;1;2;901000;901000;901000;136
"FTFKLQOMHULEKPMI5598";2025;4;1;1;1;44;"N";91;107;1;2;29;4;1;3;2;2;-9;0;0;0
"FTFKLQOMHULEKPMI5598";2025;4;1;2;1;44;"N";91;107;3;1;8;1;4;0;0;0;0;0;0;0
"FTFKLQOMHULEKPMI5598";2025;4;1;3;1;44;"N";91;107;3;1;6;1;4;0;0;0;0;0;0;0
"UDSOXZIUVQMOJUCS7784";2025;4;1;1;1;44;"N";91;110;1;1;79;6;3;0;0;0;0;2214000;553500;0
"UDSOXZIUVQMOJUCS7784";2025;4;1;2;1;44;"N";91;110;3;1;49;3;1;1;0;3;774000;2214000;553500;127
"UDSOXZIUVQMOJUCS7784";2025;4;1;3;1;44;"N";91;110;3;2;41;3;1;2;0;2;483000;2214000;553500;127
"UDSOXZIUVQMOJUCS7784";2025;4;1;4;1;44;"N";91;110;3;1;41;6;1;2;0;3;957000;2214000;553500;127
"DSTXWZPHXNVEGIJT9717";2025;4;1;1;1;44;"N";91;94;1;1;30;6;1;3;2;3;637000;637000;318500;109
"DSTXWZPHXNVEGIJT9717";2025;4;1;2;1;44;"N";91;94;2;2;31;2;1;3;2;2;-9;637000;318500;0
"FBCJCYZJESBQUKGM7058";2025;4;1;1;1;44;"N";91;310;1;2;65;3;3;0;0;0;0;0;0;0
"PGNTHITAUEYZQICP7983";2025;4;1;1;1;44;"N";91;333;1;1;76;4;3;0;0;0;0;0;0;0
"PGNTHITAUEYZQICP7983";2025;4;1;2;1;44;"N";91;333;2;2;75;4;3;0;0;0;0;0;0;0
"ZAPOLFMUWPOTMTXF2158";2025;4;1;1;1;44;"N";91;581;1;2;44;3;1;1;0;3;938000;1240000;620000;672
"ZAPOLFMUWPOTMTXF2158";2025;4;1;2;1;44;"N";91;581;2;1;44;3;1;3;2;2;302000;1240000;620000;672
"DAVKGMKHBBSGXPSZ9239";2025;4;1;1;1;44;"N";91;308;1;1;56;5;2;0;0;0;0;264000;88000;0
"DAVKGMKHBBSGXPSZ9239";2025;4;1;2;1;44;"N";91;308;2;2;60;4;3;0;0;0;0;264000;88000;0
"DAVKGMKHBBSGXPSZ9239";2025;4;1;3;1;44;"N";91;308;3;2;27;3;1;3;1;2;264000;264000;88000;356
"BCYRIODVDCRINYQG7259";2025;4;1;1;1;44;"N";91;122;1;2;53;3;3;0;0;0;0;2188000;729333;0
"BCYRIODVDCRINYQG7259";2025;4;1;2;1;44;"N";91;122;2;1;57;6;1;3;1;3;2188000;2188000;729333;141
"BCYRIODVDCRINYQG7259";2025;4;1;3;1;44;"N";91;122;3;2;26;3;1;3;1;3;-9;2188000;729333;0
"JTHIGDUVDHZOFNHB4431";2025;4;1;1;1;44;"N";91;160;1;2;57;3;3;0;0;0;0;706000;353000;0
"JTHIGDUVDHZOFNHB4431";2025;4;1;2;1;44;"N";91;160;2;1;62;6;1;3;1;2;706000;706000;353000;185
"OJFTXTUYONPRASDS5317";2025;4;1;1;1;44;"N";91;252;1;1;46;2;3;0;0;0;0;1810000;452500;0
"OJFTXTUYONPRASDS5317";2025;4;1;2;1;44;"N";91;252;5;1;24;3;1;3;2;3;193000;1810000;452500;291
"OJFTXTUYONPRASDS5317";2025;4;1;3;1;44;"N";91;252;3;1;21;3;1;3;2;2;1316000;1810000;452500;291
"OJFTXTUYONPRASDS5317";2025;4;1;4;1;44;"N";91;252;3;1;18;5;1;3;1;2;301000;1810000;452500;291
"SKFZSJULSJIWFKQT9122";2025;4;1;1;1;44;"N";91;175;1;1;38;6;1;2;0;2;1685000;1685000;842500;202
"SKFZSJULSJIWFKQT9122";2025;4;1;2;1;44;"N";91;175;3;2;16;1;1;3;1;2;-9;1685000;842500;0
"YNUQKRSOAPKIBMVK8107";2025;4;1;1;1;44;"N";91;149;1;2;61;2;1;3;1;3;1703000;1703000;851500;172
"YNUQKRSOAPKIBMVK8107";2025;4;1;2;1;44;"N";91;149;3;1;24;3;3;0;0;0;0;1703000;851500;0
"KPDWZQFXNDBCSBRN3266";2025;4;1;1;1;44;"N";91;250;1;2;29;2;3;0;0;0;0;0;0;0
"KPDWZQFXNDBCSBRN3266";2025;4;1;2;1;44;"N";91;250;3;2;7;1;4;0;0;0;0;0;0;0
"KPDWZQFXNDBCSBRN3266";2025;4;1;3;1;44;"N";91;250;3;2;6;1;4;0;0;0;0;0;0;0
"PVHYEVRGTUQYITCU2815";2025;4;1;1;1;44;"N";91;276;1;1;33;3;1;3;2;2;416000;416000;208000;319
"PVHYEVRGTUQYITCU2815";2025;4;1;2;1;44;"N";91;276;2;2;37;5;3;0;0;0;0;416000;208000;0
"GGQNJKGYHYNOMGAO2624";2025;4;1;1;1;44;"N";91;125;1;2;52;5;2;0;0;0;0;1535000;511667;0
"GGQNJKGYHYNOMGAO2624";2025;4;1;2;1;44;"N";91;125;3;1;24;4;1;2;0;2;817000;1535000;511667;144
"GGQNJKGYHYNOMGAO2624";2025;4;1;3;1;44;"N";91;125;3;1;28;3;1;3;1;2;718000;1535000;511667;144
"HMLLIFZAFWTVVSYU7817";2025;4;1;1;1;44;"N";91;233;1;1;45;5;1;2;0;2;1566000;1566000;1566000;269
"MXEOXTXKTFOQEXBU1272";2025;4;1;1;1;44;"N";91;142;1;2;37;3;1;3;1;1;400000;903000;301000;164
"MXEOXTXKTFOQEXBU1272";2025;4;1;2;1;44;"N";91;142;2;1;40;4;1;3;1;2;503000;903000;301000;164
"MXEOXTXKTFOQEXBU1272";2025;4;1;3;1;44;"N";91;142;3;1;10;1;3;0;0;0;0;903000;301000;0
"CPLUJCYINCSQTMVH2649";2025;4;1;1;1;44;"N";91;116;1;1;50;5;1;3;1;3;1952000;1952000;1952000;134
"OLEWUDHTJJGYLBCM3031";2025;4;1;1;1;44;"N";91;270;1;1;57;5;3;0;0;0;0;1303000;325750;0
"OLEWUDHTJJGYLBCM3031";2025;4;1;2;1;44;"N";91;270;2;2;58;6;3;0;0;0;0;1303000;325750;0
"OLEWUDHTJJGYLBCM3031";2025;4;1;3;1;44;"N";91;270;3;1;31;6;1;2;0;1;200000;1303000;325750;312
"OLEWUDHTJJGYLBCM3031";2025;4;1;4;1;44;"N";91;270;3;1;30;2;1;2;0;2;1103000;1303000;325750;312
"ITVEOFEVMIDAWCZZ2688";2025;4;1;1;1;44;"N";91;144;1;1;31;2;1;3;1;2;545000;1278000;319500;166
"ITVEOFEVMIDAWCZZ2688";2025;4;1;2;1;44;"N";91;144;2;2;31;3;1;3;2;2;733000;1278000;319500;166
"ITVEOFEVMIDAWCZZ2688";2025;4;1;3;1;44;"N";91;144;3;2;6;1;4;0;0;0;0;1278000;319500;0
"ITVEOFEVMIDAWCZZ2688";2025;4;1;4;1;44;"N";91;144;3;1;9;1;4;0;0;0;0;1278000;319500;0
"ITVEOFEVMIDAWCZZ2688";2025;4;2;1;1;44;"N";91;136;1;2;75;2;3;0;0;0;0;0;0;0
"CKJZIIWZOAXTWHBY8717";2025;4;1;1;1;44;"N";91;243;1;1;64;3;1;3;1;2;782000;1300000;433333;281
"CKJZIIWZOAXTWHBY8717";2025;4;1;2;1;44;"N";91;243;2;2;70;4;3;0;0;0;0;1300000;433333;0
"CKJZIIWZOAXTWHBY8717";2025;4;1;3;1;44;"N";91;243;3;2;23;4;1;2;0;2;518000;1300000;433333;281
"ZMORWOXQZDPTGCUA6283";2025;4;1;1;1;44;"N";91;105;1;1;67;4;3;0;0;0;0;0;0;0
"ZMORWOXQZDPTGCUA6283";2025;4;1;2;1;44;"N";91;105;2;2;64;1;3;0;0;0;0;0;0;0
"NVAAHHBJJRBDGLAW3134";2025;4;1;1;1;44;"N";91;345;1;1;69;4;3;0;0;0;0;368000;73600;0
"NVAAHHBJJRBDGLAW3134";2025;4;1;2;1;44;"N";91;345;3;2;41;6;1;3;2;3;250000;368000;73600;399
"NVAAHHBJJRBDGLAW3134";2025;4;1;3;1;44;"N";91;345;3;1;31;6;1;2;0;2;-9;368000;73600;0
"NVAAHHBJJRBDGLAW3134";2025;4;1;4;1;44;"N";91;345;5;1;43;5;1;2;0;2;118000;368000;73600;399
"NVAAHHBJJRBDGLAW3134";2025;4;1;5;1;44;"N";91;345;9;2;48;3;3;0;0;0;0;368000;73600;0
"FTTETANZOSACRTEP7344";2025;4;1;1;1;44;"N";91;174;1;2;72;5;3;0;0;0;0;0;0;0
"JBBAKXXRVOVHRHRD6282";2025;4;1;1;1;44;"N";91;163;1;2;63;6;3;0;0;0;0;650000;216667;0
"JBBAKXXRVOVHRHRD6282";2025;4;1;2;1;44;"N";91;163;2;1;67;3;3;0;0;0;0;650000;216667;0
"JBBAKXXRVOVHRHRD6282";2025;4;1;3;1;44;"N";91;163;3;2;39;2;1;3;1;3;650000;650000;216667;188
"AXFCDVJKCTLXHUUJ2083";2025;4;1;1;1;44;"N";91;126;1;1;29;4;1;2;0;3;-9;0;0;0
"AXFCDVJKCTLXHUUJ2083";2025;4;1;2;1;44;"N";91;126;3;2;7;2;4;0;0;0;0;0;0;0
"AXFCDVJKCTLXHUUJ2083";2025;4;1;3;1;44;"N";91;126;3;1;9;1;4;0;0;0;0;0;0;0
"AXFCDVJKCTLXHUUJ2083";2025;4;1;4;1;44;"N";91;126;3;2;7;1;4;0;0;0;0;0;0;0
"AXFCDVJKCTLXHUUJ2083";2025;4;1;5;1;44;"N";91;126;3;1;5;1;4;0;0;0;0;0;0;0
"AXFCDVJKCTLXHUUJ2083";2025;4;1;6;1;44;"N";91;126;3;2;6;1;4;0;0;0;0;0;0;0
"IMRTSJCKGRQSWHHN9166";2025;4;1;1;1;44;"N";91;128;1;2;49;4;1;3;1;3;905000;6230000;2076667;148
"IMRTSJCKGRQSWHHN9166";2025;4;1;2;1;44;"N";91;128;5;1;20;4;1;3;1;2;1070000;6230000;2076667;148
"IMRTSJCKGRQSWHHN9166";2025;4;1;3;1;44;"N";91;128;3;1;25;6;1;3;1;1;4255000;6230000;2076667;148
"BITWAZCCHCZWBJHH5062";2025;4;1;1;1;44;"N";91;252;1;1;50;5;1;3;2;2;1300000;3019000;1509500;291
"BITWAZCCHCZWBJHH5062";2025;4;1;2;1;44;"N";91;252;2;2;50;2;1;3;1;2;1719000;3019000;1509500;291
"LWKCGHWDGWTNRTYU7306";2025;4;1;1;1;44;"N";93;69;1;2;81;3;3;0;0;0;0;0;0;0
"LWKCGHWDGWTNRTYU7306";2025;4;1;2;1;44;"N";93;69;3;2;36;6;3;0;0;0;0;0;0;0
"LWKCGHWDGWTNRTYU7306";2025;4;1;3;1;44;"N";93;69;3;1;38;7;1;3;1;3;-9;0;0;0
"JCUWTECDBRYPTXDA3003";2025;4;1;1;1;44;"N";93;73;1;2;31;6;3;0;0;0;0;1854000;309000;0
"JCUWTECDBRYPTXDA3003";2025;4;1;2;1;44;"N";93;73;2;1;34;6;1;3;2;2;1854000;1854000;309000;100
"JCUWTECDBRYPTXDA3003";2025;4;1;3;1;44;"N";93;73;3;1;10;1;3;0;0;0;0;1854000;309000;0
"JCUWTECDBRYPTXDA3003";2025;4;1;4;1;44;"N";93;73;3;2;10;1;3;0;0;0;0;1854000;309000;0
"JCUWTECDBRYPTXDA3003";2025;4;1;5;1;44;"N";93;73;3;1;8;1;4;0;0;0;0;1854000;309000;0
"JCUWTECDBRYPTXDA3003";2025;4;1;6;1;44;"N";93;73;5;1;6;1;4;0;0;0;0;1854000;309000;0
"BGMAWDNSDGWLBTGF5201";2025;4;1;1;1;44;"N";93;80;1;1;56;3;1;3;1;3;2389000;4029000;1343000;110
"BGMAWDNSDGWLBTGF5201";2025;4;1;2;1;44;"N";93;80;2;2;56;3;1;3;1;2;1288000;4029000;1343000;110
"BGMAWDNSDGWLBTGF5201";2025;4;1;3;1;44;"N";93;80;3;1;28;3;1;3;2;2;352000;4029000;1343000;110
"ELASKOBEYHWKCFWC0258";2025;4;1;1;1;44;"N";93;128;1;2;52;5;3;0;0;0;0;3988000;664667;0
"ELASKOBEYHWKCFWC0258";2025;4;1;2;1;44;"N";93;128;2;1;46;6;1;3;1;2;-9;3988000;664667;0
"ELASKOBEYHWKCFWC0258";2025;4;1;3;1;44;"N";93;128;5;2;32;1;1;3;2;2;1560000;3988000;664667;176
"ELASKOBEYHWKCFWC0258";2025;4;1;4;1;44;"N";93;128;3;2;17;2;3;0;0;0;0;3988000;664667;0
"ELASKOBEYHWKCFWC0258";2025;4;1;5;1;44;"N";93;128;3;1;25;2;1;3;2;2;514000;3988000;664667;176
"ELASKOBEYHWKCFWC0258";2025;4;1;6;1;44;"N";93;128;3;1;25;6;1;2;0;1;1914000;3988000;664667;176
"YNTHADEUEOGOTEHU3025";2025;4;1;1;1;44;"N";93;99;1;2;73;2;3;0;0;0;0;1362000;272400;0
"YNTHADEUEOGOTEHU3025";2025;4;1;2;1;44;"N";93;99;2;1;74;4;3;0;0;0;0;1362000;272400;0
"YNTHADEUEOGOTEHU3025";2025;4;1;3;1;44;"N";93;99;3;1;42;2;1;4;0;1;0;1362000;272400;136
"YNTHADEUEOGOTEHU3025";2025;4;1;4;1;44;"N";93;99;3;1;42;6;1;3;2;3;1362000;1362000;272400;136
"YNTHADEUEOGOTEHU3025";2025;4;1;5;1;44;"N";93;99;3;1;46;3;3;0;0;0;0;1362000;272400;0
"BEJKNWNOYYSURUJS4088";2025;4;1;1;1;44;"N";93;112;1;1;38;3;2;0;0;0;0;0;0;0
"BEJKNWNOYYSURUJS4088";2025;4;1;2;1;44;"N";93;112;2;2;32;1;3;0;0;0;0;0;0;0
"BEJKNWNOYYSURUJS4088";2025;4;1;3;1;44;"N";93;112;3;2;10;1;3;0;0;0;0;0;0;0
"IWGKKLEJLBPYFYII6196";2025;4;1;1;1;44;"N";93;72;1;1;58;6;3;0;0;0;0;0;0;0
"IWGKKLEJLBPYFYII6196";2025;4;1;2;1;44;"N";93;72;2;2;59;3;1;1;0;2;-9;0;0;0
"FGSRWGRFVXQSTIXT9899";2025;4;1;1;1;44;"N";93;194;1;2;80;6;1;3;1;2;-9;0;0;0
"YMRJTHSWPHVRHHNX5643";2025;4;1;1;1;44;"N";93;138;1;1;57;3;1;3;1;2;578000;3554000;888500;190
"YMRJTHSWPHVRHHNX5643";2025;4;1;2;1;44;"N";93;138;3;2;30;2;1;3;1;3;821000;3554000;888500;190
"YMRJTHSWPHVRHHNX5643";2025;4;1;3;1;44;"N";93;138;3;1;28;5;1;2;0;3;1875000;3554000;888500;190
"YMRJTHSWPHVRHHNX5643";2025;4;1;4;1;44;"N";93;138;3;2;35;3;1;3;1;2;280000;3554000;888500;190
"JSIWWWPCGTLLGDUY9982";2025;4;1;1;1;44;"N";93;108;1;2;34;4;3;0;0;0;0;0;0;0
"JSIWWWPCGTLLGDUY9982";2025;4;1;2;1;44;"N";93;108;2;1;38;7;2;0;0;0;0;0;0;0
"NQMTHYDTIUMAGAWX7822";2025;4;1;1;1;44;"N";93;51;1;2;48;3;3;0;0;0;0;0;0;0
"QEJKYSFNFEYHVVZJ9475";2025;4;1;1;1;44;"N";93;104;1;1;50;5;1;3;1;2;-9;0;0;0
"EEKWHNYFCXULABJW9809";2025;4;1;1;1;44;"N";93;122;1;1;71;2;1;3;1;2;3363000;3638000;1212667;168
"EEKWHNYFCXULABJW9809";2025;4;1;2;1;44;"N";93;122;3;1;49;4;1;3;1;2;275000;3638000;1212667;168
"EEKWHNYFCXULABJW9809";2025;4;1;3;1;44;"N";93;122;3;2;34;4;1;3;2;3;-9;3638000;1212667;0
"EXLQIIWTNSFPTBJE3861";2025;4;1;1;1;44;"N";93;121;1;1;73;2;3;0;0;0;0;0;0;0
"OUDJLLJLEOMRXPDB2705";2025;4;1;1;1;44;"N";93;123;1;2;31;1;1;3;2;1;-9;0;0;0
"OUDJLLJLEOMRXPDB2705";2025;4;1;2;1;44;"N";93;123;2;1;32;4;1;3;1;2;-9;0;0;0
"OUDJLLJLEOMRXPDB2705";2025;4;1;3;1;44;"N";93;123;3;1;7;1;4;0;0;0;0;0;0;0
"OUDJLLJLEOMRXPDB2705";2025;4;1;4;1;44;"N";93;123;3;1;6;1;4;0;0;0;0;0;0;0
"MHZRBRZUCEDRXGAR5451";2025;4;1;1;1;44;"N";93;100;1;1;79;1;3;0;0;0;0;0;0;0
"HQSOMYYOYOPIOSXQ1407";2025;4;1;1;1;44;"N";93;112;1;1;68;1;3;0;0;0;0;224000;56000;0
"HQSOMYYOYOPIOSXQ1407";2025;4;1;2;1;44;"N";93;112;3;1;44;6;1;3;1;2;-9;224000;56000;0
"HQSOMYYOYOPIOSXQ1407";2025;4;1;3;1;44;"N";93;112;3;2;36;4;1;2;0;2;224000;224000;56000;154
"HQSOMYYOYOPIOSXQ1407";2025;4;1;4;1;44;"N";93;112;3;2;40;4;2;0;0;0;0;224000;56000;0
"NTODPCQSONSZMAWD5056";2025;4;1;1;1;44;"N";93;55;1;1;79;3;3;0;0;0;0;3252000;542000;0
"NTODPCQSONSZMAWD5056";2025;4;1;2;1;44;"N";93;55;2;2;75;4;3;0;0;0;0;3252000;542000;0
"NTODPCQSONSZMAWD5056";2025;4;1;3;1;44;"N";93;55;3;1;42;4;1;3;2;2;2520000;3252000;542000;76
"NTODPCQSONSZMAWD5056";2025;4;1;4;1;44;"N";93;55;3;2;32;4;3;0;0;0;0;3252000;542000;0
"NTODPCQSONSZMAWD5056";2025;4;1;5;1;44;"N";93;55;3;2;31;5;2;0;0;0;0;3252000;542000;0
"NTODPCQSONSZMAWD5056";2025;4;1;6;1;44;"N";93;55;3;2;50;6;1;3;1;2;732000;3252000;542000;76
"MHJYUUSYMDOYDLIV4405";2025;4;1;1;1;44;"N";93;139;1;2;67;1;3;0;0;0;0;0;0;0
"MFXYFCLVSKDRNGXY7390";2025;4;1;1;1;44;"N";93;138;1;1;41;3;1;2;0;2;379000;379000;189500;190
"MFXYFCLVSKDRNGXY7390";2025;4;1;2;1;44;"N";93;138;3;2;17;3;3;0;0;0;0;379000;189500;0
"XJFTIQPZQQSHHAHF3511";2025;4;1;1;1;44;"N";93;113;1;2;39;1;3;0;0;0;0;0;0;0
"EXIOWPGFDSTBOZKU5539";2025;4;1;1;1;44;"N";93;66;1;2;37;2;1;3;1;1;1474000;1474000;737000;91
"EXIOWPGFDSTBOZKU5539";2025;4;1;2;1;44;"N";93;66;2;1;43;6;1;3;1;2;-9;1474000;737000;0
"YWPJWXHKGFCYSKHT5956";2025;4;1;1;1;44;"N";93;69;1;1;73;6;3;0;0;0;0;0;0;0
"YWPJWXHKGFCYSKHT5956";2025;4;1;2;1;44;"N";93;69;3;1;30;3;2;0;0;0;0;0;0;0
"YWPJWXHKGFCYSKHT5956";2025;4;1;3;1;44;"N";93;69;3;2;33;3;3;0;0;0;0;0;0;0
"ZEKPVLDPJZTHMMGK1684";2025;4;1;1;1;44;"N";93;90;1;2;71;4;3;0;0;0;0;633000;316500;0
"ZEKPVLDPJZTHMMGK1684";2025;4;1;2;1;44;"N";93;90;3;1;40;6;1;3;1;2;633000;633000;316500;124
"WMQTCYNRFNSLQNNB5673";2025;4;1;1;1;44;"N";93;137;1;2;22;5;3;0;0;0;0;0;0;0
"WMQTCYNRFNSLQNNB5673";2025;4;1;2;1;44;"N";93;137;3;2;-1;7;4;0;0;0;0;0;0;0
"WMQTCYNRFNSLQNNB5673";2025;4;1;3;1;44;"N";93;137;3;2;-1;7;4;0;0;0;0;0;0;0
"EQMSXYRFMEHPIMDY6744";2025;4;1;1;1;44;"N";93;77;1;1;50;3;1;3;1;2;575000;3624000;724800;106
"EQMSXYRFMEHPIMDY6744";2025;4;1;2;1;44;"N";93;77;2;2;47;6;1;3;1;2;2048000;3624000;724800;106
"EQMSXYRFMEHPIMDY6744";2025;4;1;3;1;44;"N";93;77;3;1;23;3;1;3;2;1;440000;3624000;724800;106
"EQMSXYRFMEHPIMDY6744";2025;4;1;4;1;44;"N";93;77;9;2;25;6;2;0;0;0;0;3624000;724800;0
"EQMSXYRFMEHPIMDY6744";2025;4;1;5;1;44;"N";93;77;9;2;28;1;1;2;0;3;561000;3624000;724800;106
"BTIEYKIPCZCTERXZ1418";2025;4;1;1;1;44;"N";93;113;1;1;60;3;3;0;0;0;0;519000;129750;0
"BTIEYKIPCZCTERXZ1418";2025;4;1;2;1;44;"N";93;113;3;2;32;1;1;2;0;3;322000;519000;129750;155
"BTIEYKIPCZCTERXZ1418";2025;4;1;3;1;44;"N";93;113;3;2;36;5;1;3;2;2;197000;519000;129750;155
"BTIEYKIPCZCTERXZ1418";2025;4;1;4;1;44;"N";93;113;3;1;39;4;1;2;0;2;-9;519000;129750;0
"BKTSCPHTMNCKHZUY9241";2025;4;1;1;1;44;"N";93;131;1;1;65;6;3;0;0;0;0;0;0;0
"BKTSCPHTMNCKHZUY9241";2025;4;1;2;1;44;"N";93;131;2;2;61;3;3;0;0;0;0;0;0;0
"BKTSCPHTMNCKHZUY9241";2025;4;1;3;1;44;"N";93;131;3;2;43;5;3;0;0;0;0;0;0;0
"XWXEAAUCKESAFWOV4944";2025;4;1;1;1;44;"N";93;148;1;1;28;4;1;3;1;3;553000;553000;553000;203
"XWXEAAUCKESAFWOV4944";2025;4;2;1;1;44;"N";93;105;1;1;80;3;3;0;0;0;0;0;0;0
"BVHRGGDKTHIWPBMU8616";2025;4;1;1;1;44;"N";93;143;1;2;26;3;3;0;0;0;0;0;0;0
"QSOHUEIXSPPXBJRW6371";2025;4;1;1;1;44;"N";93;90;1;1;65;3;3;0;0;0;0;0;0;0
"QSOHUEIXSPPXBJRW6371";2025;4;1;2;1;44;"N";93;90;2;2;66;4;3;0;0;0;0;0;0;0
"LSZYEHYKVIYMZQTE6351";2025;4;1;1;1;44;"N";93;95;1;1;31;4;2;0;0;0;0;0;0;0
"LSZYEHYKVIYMZQTE6351";2025;4;1;2;1;44;"N";93;95;2;2;30;5;3;0;0;0;0;0;0;0
"LSZYEHYKVIYMZQTE6351";2025;4;1;3;1;44;"N";93;95;3;1;8;1;4;0;0;0;0;0;0;0
"LSZYEHYKVIYMZQTE6351";2025;4;1;4;1;44;"N";93;95;3;2;10;1;3;0;0;0;0;0;0;0
"LSZYEHYKVIYMZQTE6351";2025;4;1;5;1;44;"N";93;95;9;1;6;1;4;0;0;0;0;0;0;0
"LSZYEHYKVIYMZQTE6351";2025;4;1;6;1;44;"N";93;95;3;2;6;1;4;0;0;0;0;0;0;0
"HAOIZAQPFZFZYCMB9455";2025;4;1;1;1;44;"N";93;64;1;1;27;2;2;0;0;0;0;0;0;0
"HAOIZAQPFZFZYCMB9455";2025;4;1;2;1;44;"N";93;64;2;2;25;7;2;0;0;0;0;0;0;0
"HAOIZAQPFZFZYCMB9455";2025;4;1;3;1;44;"N";93;64;3;1;5;1;4;0;0;0;0;0;0;0
"TEZZJQCFSNXSAZLZ0122";2025;4;1;1;1;44;"N";93;68;1;2;36;2;1;2;0;2;460000;2665000;1332500;93
"TEZZJQCFSNXSAZLZ0122";2025;4;1;2;1;44;"N";93;68;2;1;32;6;1;2;0;3;2205000;2665000;1332500;93
"RMQDTYCHQNJOEOYN9562";2025;4;1;1;1;44;"N";93;178;1;2;55;6;1;3;1;2;420000;1338000;669000;245
"RMQDTYCHQNJOEOYN9562";2025;4;1;2;1;44;"N";93;178;2;1;51;3;1;3;1;3;918000;1338000;669000;245
"OTLXSIJHNGIGKMMA1849";2025;4;1;1;1;44;"N";93;153;1;1;62;1;1;3;2;2;1460000;2154000;430800;210
"OTLXSIJHNGIGKMMA1849";2025;4;1;2;1;44;"N";93;153;2;2;63;5;3;0;0;0;0;2154000;430800;0
"OTLXSIJHNGIGKMMA1849";2025;4;1;3;1;44;"N";93;153;3;2;41;5;1;3;1;2;694000;2154000;430800;210
"OTLXSIJHNGIGKMMA1849";2025;4;1;4;1;44;"N";93;153;3;1;29;5;1;3;2;2;-9;2154000;430800;0
"OTLXSIJHNGIGKMMA1849";2025;4;1;5;1;44;"N";93;153;3;1;28;5;3;0;0;0;0;2154000;430800;0
